name,year,dist_ly,mass_e,method,facility
Kepler-6 b,2009,1914.7,212.3,Transit,Kepler
Kepler-491 b,2016,2057.3,,Transit,Kepler
Kepler-257 b,2014,2544.9,,Transit,Kepler
Kepler-216 b,2014,3873.0,,Transit,Kepler
Kepler-32 c,2011,1056.2,1.3,Transit,Kepler
Kepler-259 c,2014,3268.5,,Transit,Kepler
Kepler-148 c,2014,2580.4,,Transit,Kepler
Kepler-222 d,2014,2475.0,,Transit,Kepler
Kepler-29 c,2011,2715.4,4.0,Transit,Kepler
Kepler-179 b,2014,1975.5,,Transit,Kepler
Kepler-165 c,2014,1829.4,,Transit,Kepler
Kepler-228 c,2014,5364.0,,Transit,Kepler
Kepler-20 c,2011,921.6,11.1,Transit,Kepler
Kepler-166 d,2016,1968.4,,Transit,Kepler
Kepler-52 b,2012,1048.7,79.6,Transit,Kepler
Kepler-197 d,2014,1078.2,,Transit,Kepler
K2-183 d,2018,1073.2,,Transit,K2
K2-187 e,2018,1079.3,,Transit,K2
K2-187 c,2018,1079.3,,Transit,K2
K2-270 b,2018,914.9,,Transit,K2
Kepler-184 d,2014,1990.6,,Transit,Kepler
Kepler-257 d,2014,2544.9,,Transit,Kepler
K2-280 b,2018,1277.0,37.1,Transit,K2
K2-381 c,2022,475.2,,Transit,K2
Kepler-222 c,2014,2475.0,,Transit,Kepler
HATS-36 b,2018,2793.3,1022.1,Transit,HATSouth
Kepler-229 b,2014,2694.9,,Transit,Kepler
K2-222 b,2018,330.5,8.7,Transit,K2
K2-214 b,2018,980.6,,Transit,K2
K2-220 b,2018,761.6,,Transit,K2
K2-216 b,2018,376.6,8.0,Transit,K2
K2-212 b,2018,356.2,,Transit,K2
Kepler-166 c,2014,1968.4,,Transit,Kepler
K2-151 b,2018,226.6,,Transit,K2
K2-295 b,2018,759.3,106.5,Transit,K2
K2-282 b,2018,1618.7,,Transit,K2
K2-283 b,2018,1314.1,,Transit,K2
K2-281 b,2018,1494.2,,Transit,K2
K2-387 b,2022,868.6,,Transit,K2
Kepler-197 b,2014,1078.2,,Transit,Kepler
K2-156 b,2018,489.9,,Transit,K2
K2-157 b,2018,973.2,1.1,Transit,K2
K2-158 b,2018,643.5,,Transit,K2
K2-244 b,2018,694.4,,Transit,K2
Kepler-108 c,2014,1104.8,,Transit,Kepler
K2-159 b,2018,557.7,,Transit,K2
K2-160 b,2018,1028.6,,Transit,K2
K2-161 b,2018,2988.6,,Transit,K2
K2-162 b,2018,405.8,,Transit,K2
K2-163 b,2018,680.1,,Transit,K2
K2-165 b,2018,439.0,,Transit,K2
K2-165 c,2018,439.0,,Transit,K2
K2-165 d,2018,439.0,,Transit,K2
Kepler-108 b,2014,1104.8,,Transit,Kepler
EPIC 201595106 b,2021,757.0,7.7,Transit,K2
K2-166 b,2018,1555.4,,Transit,K2
K2-175 b,2018,806.5,,Transit,K2
K2-176 b,2018,806.6,,Transit,K2
K2-177 b,2018,1605.2,,Transit,K2
K2-178 b,2018,700.4,,Transit,K2
Kepler-9 d,2010,2049.1,,Transit,Kepler
K2-183 b,2018,1073.2,,Transit,K2
K2-185 b,2018,875.3,,Transit,K2
K2-185 c,2018,875.3,,Transit,K2
K2-263 b,2018,529.9,15.4,Transit,K2
K2-186 b,2018,1078.7,,Transit,K2
K2-341 b,2021,1374.4,,Transit,K2
K2-187 b,2018,1079.3,,Transit,K2
K2-188 b,2018,1457.3,,Transit,K2
K2-189 b,2018,789.7,,Transit,K2
K2-190 c,2018,524.1,,Transit,K2
K2-195 c,2018,1027.4,,Transit,K2
K2-196 b,2018,1907.6,,Transit,K2
Kepler-42 b,2011,130.7,0.7,Transit,Kepler
K2-201 b,2018,645.6,,Transit,K2
K2-201 c,2018,645.6,,Transit,K2
K2-202 b,2018,979.8,,Transit,K2
K2-381 b,2022,475.2,,Transit,K2
K2-381 d,2022,475.2,,Transit,K2
K2-382 b,2022,908.1,,Transit,K2
K2-383 b,2022,664.7,,Transit,K2
K2-203 b,2018,541.9,,Transit,K2
K2-204 b,2018,1882.7,,Transit,K2
K2-205 b,2018,1321.9,,Transit,K2
K2-206 b,2018,797.3,,Transit,K2
K2-207 b,2018,1184.2,,Transit,K2
K2-208 b,2018,837.9,,Transit,K2
K2-209 b,2018,249.5,,Transit,K2
K2-210 b,2018,575.7,,Transit,K2
K2-211 b,2018,888.1,,Transit,K2
K2-213 b,2018,1271.0,,Transit,K2
K2-215 b,2018,1317.6,,Transit,K2
K2-217 b,2018,1245.5,,Transit,K2
K2-218 b,2018,1285.3,,Transit,K2
K2-219 b,2018,1061.3,,Transit,K2
K2-219 c,2018,1061.3,,Transit,K2
K2-219 d,2018,1061.3,,Transit,K2
K2-221 b,2018,1039.8,,Transit,K2
K2-223 b,2018,647.8,,Transit,K2
K2-223 c,2018,647.8,,Transit,K2
K2-224 b,2018,897.8,,Transit,K2
K2-224 c,2018,897.8,,Transit,K2
K2-225 b,2018,1166.9,,Transit,K2
K2-226 b,2018,689.1,,Transit,K2
K2-227 b,2018,610.7,,Transit,K2
K2-228 b,2018,422.2,,Transit,K2
K2-229 b,2018,334.5,2.5,Transit,K2
K2-229 c,2018,334.5,7.0,Transit,K2
K2-230 b,2018,1763.8,,Transit,K2
EPIC 229004835 b,2023,397.8,10.4,Transit,K2
K2-259 b,2018,1358.3,,Transit,K2
K2-80 d,2018,654.9,,Transit,K2
EPIC 228836835 b,2021,489.6,,Transit,K2
K2-331 c,2021,689.6,,Transit,K2
K2-333 b,2021,1121.9,,Transit,K2
K2-334 b,2021,1212.7,,Transit,K2
K2-342 b,2021,679.6,,Transit,K2
K2-343 c,2021,542.0,,Transit,K2
K2-344 b,2021,245.2,,Transit,K2
K2-348 b,2021,658.4,,Transit,K2
K2-348 c,2021,658.4,,Transit,K2
K2-352 c,2021,574.2,,Transit,K2
K2-352 d,2021,574.2,,Transit,K2
G 9-40 b,2019,91.1,11.7,Transit,K2
HD 80653 b,2020,358.3,5.6,Transit,K2
Kepler-21 b,2012,354.0,7.5,Transit,Kepler
Kepler-8 b,2010,3332.9,178.0,Transit,Kepler
TOI-4588 b,2026,734.4,,Transit,Kepler
KOI-984 b,2022,824.1,,Transit,Kepler
Kepler-505 b,2016,924.4,,Transit,Kepler
Kepler-745 b,2016,5806.8,,Transit,Kepler
Kepler-262 c,2014,1999.8,,Transit,Kepler
Kepler-748 b,2016,5564.2,,Transit,Kepler
Kepler-264 b,2014,3073.0,,Transit,Kepler
HD 73344 b,2024,115.0,12.4,Transit,K2
Kepler-1732 b,2021,4205.5,,Transit,Kepler
Kepler-263 b,2014,2461.7,,Transit,Kepler
Kepler-261 b,2014,1035.5,,Transit,Kepler
K2-368 d,2022,673.9,,Transit,K2
K2-368 c,2022,673.9,,Transit,K2
Kepler-1733 b,2021,6785.7,,Transit,Kepler
Kepler-754 b,2016,5773.8,,Transit,Kepler
K2-373 b,2022,748.7,,Transit,K2
Kepler-753 b,2016,896.2,,Transit,Kepler
K2-339 b,2021,1175.3,,Transit,K2
Kepler-752 b,2016,4019.2,,Transit,Kepler
K2-343 b,2021,542.0,,Transit,K2
Kepler-766 b,2016,7493.8,,Transit,Kepler
Kepler-771 b,2016,4546.1,,Transit,Kepler
EPIC 212624936 c,2021,1832.8,,Transit,K2
Kepler-773 b,2016,1784.2,,Transit,Kepler
K2-379 b,2022,594.3,,Transit,K2
K2-380 b,2022,813.1,,Transit,K2
Kepler-767 b,2016,7341.9,,Transit,Kepler
Kepler-260 b,2014,2046.2,,Transit,Kepler
Kepler-268 b,2014,2778.4,,Transit,Kepler
K2-384 f,2022,269.6,,Transit,K2
K2-384 d,2022,269.6,,Transit,K2
K2-384 c,2022,269.6,,Transit,K2
K2-384 e,2022,269.6,,Transit,K2
K2-385 b,2022,1372.5,,Transit,K2
Kepler-1736 b,2021,4664.0,,Transit,Kepler
K2-386 b,2022,1398.5,,Transit,K2
Kepler-774 b,2016,2993.5,,Transit,Kepler
Kepler-772 b,2016,3686.2,,Transit,Kepler
K2-268 d,2021,1069.1,,Transit,K2
K2-268 f,2021,1069.1,,Transit,K2
K2-268 e,2021,1069.1,,Transit,K2
K2-393 b,2022,867.3,,Transit,K2
K2-394 b,2022,319.7,,Transit,K2
Kepler-119 b,2014,2289.6,,Transit,Kepler
11 UMi b,2009,408.7,,Radial Velocity,Thueringer Landessternwarte Tautenburg
14 And b,2008,246.0,,Radial Velocity,Okayama Astrophysical Observatory
14 Her b,2002,58.5,2828.7,Radial Velocity,W. M. Keck Observatory
16 Cyg B b,1996,68.9,,Radial Velocity,Multiple Observatories
18 Del b,2008,248.6,,Radial Velocity,Okayama Astrophysical Observatory
1RXS J160929.1-210524 b,2008,453.8,3000.0,Imaging,Gemini Observatory
24 Sex b,2010,235.1,,Radial Velocity,Lick Observatory
24 Sex c,2010,235.1,,Radial Velocity,Lick Observatory
2MASS J12073346-3932539 b,2004,209.7,1589.2,Imaging,Paranal Observatory
47 UMa b,1996,45.0,,Radial Velocity,Lick Observatory
47 UMa c,2001,45.0,,Radial Velocity,Lick Observatory
47 UMa d,2009,45.0,,Radial Velocity,Lick Observatory
4 UMa b,2006,239.6,,Radial Velocity,Thueringer Landessternwarte Tautenburg
Kepler-770 b,2016,3034.7,,Transit,Kepler
51 Peg b,1995,50.4,146.2,Radial Velocity,Haute-Provence Observatory
55 Cnc b,1996,41.0,267.0,Radial Velocity,Lick Observatory
55 Cnc c,2004,41.0,56.7,Radial Velocity,McDonald Observatory
55 Cnc d,2002,41.0,1226.8,Radial Velocity,Lick Observatory
55 Cnc e,2004,41.0,8.0,Radial Velocity,McDonald Observatory
55 Cnc f,2007,41.0,47.0,Radial Velocity,Multiple Observatories
61 Vir b,2009,27.7,,Radial Velocity,Multiple Observatories
61 Vir c,2009,27.7,,Radial Velocity,Multiple Observatories
61 Vir d,2009,27.7,,Radial Velocity,Multiple Observatories
6 Lyn b,2008,178.3,,Radial Velocity,Okayama Astrophysical Observatory
70 Vir b,1996,58.4,2380.4,Radial Velocity,Lick Observatory
7 CMa b,2011,64.6,,Radial Velocity,Anglo-Australian Telescope
81 Cet b,2008,330.3,,Radial Velocity,Okayama Astrophysical Observatory
AB Pic b,2005,163.2,4290.5,Imaging,Paranal Observatory
BD-08 2823 b,2009,134.8,2948.5,Radial Velocity,La Silla Observatory
BD-08 2823 c,2009,134.8,,Radial Velocity,La Silla Observatory
BD-10 3166 b,2000,275.3,,Radial Velocity,W. M. Keck Observatory
BD+14 4559 b,2009,161.0,,Radial Velocity,McDonald Observatory
BD-17 63 b,2008,112.4,1640.0,Radial Velocity,La Silla Observatory
BD+20 2457 b,2009,5021.9,,Radial Velocity,McDonald Observatory
BD+20 2457 c,2009,5021.9,,Radial Velocity,McDonald Observatory
BD+48 738 b,2011,2842.4,,Radial Velocity,McDonald Observatory
bet Pic b,2008,64.4,3727.8,Imaging,Paranal Observatory
CoRoT-10 b,2010,1103.7,874.0,Transit,CoRoT
CoRoT-11 b,2010,2136.4,791.4,Transit,CoRoT
CoRoT-12 b,2010,3673.7,291.4,Transit,CoRoT
CoRoT-13 b,2010,3747.3,423.0,Transit,CoRoT
CoRoT-14 b,2010,5690.1,2415.4,Transit,CoRoT
CoRoT-17 b,2011,3836.0,766.0,Transit,CoRoT
CoRoT-18 b,2011,2494.7,1048.8,Transit,CoRoT
CoRoT-19 b,2011,2578.8,367.1,Transit,CoRoT
CoRoT-1 b,2008,2569.8,327.4,Transit,CoRoT
CoRoT-20 b,2011,2753.0,1344.4,Transit,CoRoT
CoRoT-23 b,2011,3460.4,889.9,Transit,CoRoT
CoRoT-2 b,2008,695.6,1150.5,Transit,CoRoT
CoRoT-3 b,2008,2507.4,6814.3,Transit,CoRoT
CoRoT-4 b,2008,2369.2,223.4,Transit,CoRoT
CoRoT-5 b,2009,2878.2,151.9,Transit,CoRoT
CoRoT-6 b,2009,2104.7,940.8,Transit,CoRoT
CoRoT-7 b,2009,521.5,21.0,Transit,CoRoT
Kepler-24 c,2011,3773.0,33.6,Transit,Kepler
CoRoT-7 c,2009,521.5,13.3,Radial Velocity,CoRoT
CoRoT-8 b,2010,1050.3,69.3,Transit,CoRoT
CoRoT-9 b,2009,1347.0,262.5,Transit,CoRoT
CT Cha b,2007,622.0,5403.0,Imaging,Paranal Observatory
DP Leo b,2009,997.0,1995.9,Eclipse Timing Variations,Yunnan Astronomical Observatory
eps Eri b,2000,10.4,317.8,Radial Velocity,Multiple Observatories
eps Tau b,2006,155.0,,Radial Velocity,Okayama Astrophysical Observatory
gam1 Leo b,2009,130.1,,Radial Velocity,Bohyunsan Optical Astronomical Observatory
gam Cep b,2003,46.0,2097.7,Radial Velocity,Multiple Observatories
GJ 1214 b,2009,47.8,6.5,Transit,MEarth Project
GJ 3021 b,2000,57.3,,Radial Velocity,La Silla Observatory
GJ 317 b,2007,49.6,794.5,Radial Velocity,W. M. Keck Observatory
GJ 3634 b,2010,66.5,8.4,Radial Velocity,La Silla Observatory
GJ 433 b,2013,29.6,,Radial Velocity,La Silla Observatory
GJ 436 b,2004,31.8,21.7,Radial Velocity,W. M. Keck Observatory
GJ 649 b,2009,33.9,,Radial Velocity,W. M. Keck Observatory
GJ 667 C b,2012,23.6,,Radial Velocity,La Silla Observatory
GJ 667 C c,2013,23.6,,Radial Velocity,La Silla Observatory
GJ 674 b,2007,14.8,,Radial Velocity,La Silla Observatory
GJ 676 A b,2010,52.3,1840.9,Radial Velocity,La Silla Observatory
GJ 832 b,2008,16.2,330.2,Radial Velocity,Anglo-Australian Telescope
GJ 849 b,2006,28.7,,Radial Velocity,W. M. Keck Observatory
GJ 179 b,2009,40.3,301.9,Radial Velocity,W. M. Keck Observatory
GJ 581 b,2005,20.5,20.5,Radial Velocity,La Silla Observatory
GJ 581 c,2007,20.5,6.8,Radial Velocity,La Silla Observatory
GJ 581 e,2009,20.5,2.5,Radial Velocity,La Silla Observatory
GJ 86 b,1999,35.2,,Radial Velocity,La Silla Observatory
GJ 876 b,1998,15.2,804.1,Radial Velocity,Multiple Observatories
GJ 876 c,2000,15.2,266.2,Radial Velocity,Multiple Observatories
GJ 876 d,2005,15.2,7.5,Radial Velocity,W. M. Keck Observatory
GJ 876 e,2010,15.2,16.6,Radial Velocity,W. M. Keck Observatory
GQ Lup b,2004,493.0,6356.0,Imaging,Paranal Observatory
GSC 06214-00210 b,2010,353.9,4258.7,Imaging,Palomar Observatory
HAT-P-12 b,2009,465.6,66.7,Transit,HATNet
HAT-P-13 b,2009,805.0,288.0,Transit,HATNet
HAT-P-13 c,2009,805.0,,Radial Velocity,W. M. Keck Observatory
HAT-P-14 b,2010,726.2,709.4,Transit,HATNet
HAT-P-15 b,2010,627.9,619.5,Transit,HATNet
HAT-P-16 b,2010,739.2,1331.4,Transit,HATNet
HAT-P-17 b,2012,301.3,169.7,Transit,HATNet
Kepler-123 b,2014,3332.2,55.3,Transit,Kepler
Kepler-769 b,2016,3814.6,,Transit,Kepler
HAT-P-17 c,2012,301.3,,Radial Velocity,W. M. Keck Observatory
HAT-P-18 b,2010,526.4,62.6,Transit,HATNet
HAT-P-19 b,2010,659.1,92.8,Transit,HATNet
HAT-P-1 b,2006,518.5,168.4,Transit,HATNet
HAT-P-20 b,2010,231.7,2302.9,Transit,HATNet
HAT-P-21 b,2010,904.4,1344.4,Transit,HATNet
HAT-P-22 b,2010,266.7,682.4,Transit,HATNet
HAT-P-23 b,2010,1189.9,664.3,Transit,HATNet
HAT-P-24 b,2010,1354.7,229.8,Transit,HATNet
HAT-P-25 b,2012,979.7,180.2,Transit,HATNet
HAT-P-26 b,2010,462.6,18.8,Transit,HATNet
HAT-P-27 b,2011,649.6,209.8,Transit,HATNet
HAT-P-28 b,2011,1308.9,202.5,Transit,HATNet
HAT-P-29 b,2011,1022.7,247.3,Transit,HATNet
HAT-P-2 b,2007,416.7,2866.8,Transit,HATNet
HAT-P-30 b,2011,697.9,233.0,Transit,HATNet
HAT-P-31 b,2011,1122.1,690.0,Transit,HATNet
HAT-P-32 b,2011,943.3,273.3,Transit,HATNet
HAT-P-33 b,2011,1291.9,209.8,Transit,HATNet
HAT-P-34 b,2011,813.2,1249.1,Transit,HATNet
Kepler-1735 b,2021,800.1,,Transit,Kepler
HAT-P-35 b,2011,1653.5,335.6,Transit,HATNet
HAT-P-36 b,2011,960.3,582.2,Transit,HATNet
HAT-P-37 b,2011,1273.9,371.5,Transit,HATNet
HAT-P-3 b,2007,438.9,190.4,Transit,HATNet
HAT-P-4 b,2007,1045.2,176.7,Transit,HATNet
HAT-P-5 b,2007,989.3,336.9,Transit,HATNet
HAT-P-6 b,2007,898.1,351.5,Transit,HATNet
HAT-P-8 b,2008,690.0,430.3,Transit,HATNet
HAT-P-9 b,2008,1484.7,212.9,Transit,HATNet
HD 100655 b,2011,447.4,,Radial Velocity,Bohyunsan Optical Astronomical Observatory
Kepler-765 b,2016,3510.4,,Transit,Kepler
HD 100777 b,2007,161.6,390.9,Radial Velocity,La Silla Observatory
HD 10180 c,2010,127.1,2741.6,Radial Velocity,La Silla Observatory
HD 10180 d,2010,127.1,3295.9,Radial Velocity,La Silla Observatory
HD 10180 e,2010,127.1,,Radial Velocity,La Silla Observatory
HD 10180 f,2010,127.1,,Radial Velocity,La Silla Observatory
HD 10180 g,2010,127.1,3375.3,Radial Velocity,La Silla Observatory
HD 10180 h,2010,127.1,,Radial Velocity,La Silla Observatory
HD 101930 b,2005,97.9,,Radial Velocity,La Silla Observatory
HD 102117 b,2005,129.1,,Radial Velocity,La Silla Observatory
HD 102195 b,2006,95.7,,Radial Velocity,Kitt Peak National Observatory
Kepler-763 d,2023,3139.1,,Transit,Kepler
HD 102272 b,2008,1132.1,,Radial Velocity,McDonald Observatory
HD 102329 b,2011,708.1,,Radial Velocity,W. M. Keck Observatory
HD 102956 b,2010,397.6,,Radial Velocity,W. M. Keck Observatory
HD 103197 b,2011,186.4,,Radial Velocity,La Silla Observatory
HD 104067 b,2011,66.4,,Radial Velocity,La Silla Observatory
HD 104985 b,2003,328.0,,Radial Velocity,Okayama Astrophysical Observatory
HD 106252 b,2002,124.5,3178.3,Radial Velocity,Lick Observatory
HD 106270 b,2011,306.0,3623.2,Radial Velocity,W. M. Keck Observatory
HD 10647 b,2006,56.5,,Radial Velocity,W. M. Keck Observatory
HD 10697 b,1999,108.0,1825.3,Radial Velocity,W. M. Keck Observatory
HD 107148 b,2005,161.2,,Radial Velocity,W. M. Keck Observatory
HD 108147 b,2002,126.9,,Radial Velocity,La Silla Observatory
HD 108863 b,2011,537.3,,Radial Velocity,W. M. Keck Observatory
HD 108874 b,2002,194.1,,Radial Velocity,W. M. Keck Observatory
HD 108874 c,2005,194.1,,Radial Velocity,W. M. Keck Observatory
HD 109246 b,2010,221.2,,Radial Velocity,Haute-Provence Observatory
HD 109749 b,2005,205.7,,Radial Velocity,W. M. Keck Observatory
HD 110014 b,2009,328.6,,Radial Velocity,La Silla Observatory
HD 111232 b,2003,94.4,2638.0,Radial Velocity,La Silla Observatory
HD 113538 b,2010,53.1,,Radial Velocity,La Silla Observatory
HD 113538 c,2010,53.1,,Radial Velocity,La Silla Observatory
HD 114386 b,2003,91.1,464.0,Radial Velocity,La Silla Observatory
HD 114729 b,2002,123.3,,Radial Velocity,W. M. Keck Observatory
HD 114783 b,2001,68.7,,Radial Velocity,W. M. Keck Observatory
HD 11506 b,2007,167.2,1551.0,Radial Velocity,W. M. Keck Observatory
HD 11506 c,2008,167.2,,Radial Velocity,W. M. Keck Observatory
HD 116029 b,2011,402.0,,Radial Velocity,W. M. Keck Observatory
HD 117207 b,2004,105.5,669.3,Radial Velocity,W. M. Keck Observatory
HD 117618 b,2004,123.2,,Radial Velocity,Anglo-Australian Telescope
HD 118203 b,2005,300.9,688.4,Radial Velocity,Haute-Provence Observatory
HD 11964 b,2005,109.4,,Radial Velocity,W. M. Keck Observatory
HD 11964 c,2008,109.4,,Radial Velocity,W. M. Keck Observatory
HD 11977 b,2005,221.6,,Radial Velocity,La Silla Observatory
HD 121504 b,2003,135.9,,Radial Velocity,La Silla Observatory
HD 125595 b,2011,92.0,3531.1,Radial Velocity,La Silla Observatory
HD 125612 b,2007,187.9,,Radial Velocity,W. M. Keck Observatory
HD 125612 c,2009,187.9,,Radial Velocity,La Silla Observatory
HD 125612 d,2009,187.9,2281.4,Radial Velocity,La Silla Observatory
Kepler-744 b,2016,1467.6,,Transit,Kepler
HD 126525 b,2018,122.8,,Radial Velocity,La Silla Observatory
HD 126614 b,2009,238.4,107.7,Radial Velocity,W. M. Keck Observatory
HD 12661 b,2000,123.4,,Radial Velocity,Multiple Observatories
HD 12661 c,2002,123.4,899.5,Radial Velocity,Multiple Observatories
HD 128311 b,2002,53.3,,Radial Velocity,W. M. Keck Observatory
HD 128311 c,2005,53.3,1204.3,Radial Velocity,W. M. Keck Observatory
HD 129445 b,2009,220.0,797.7,Radial Velocity,Las Campanas Observatory
HD 130322 b,1999,104.0,,Radial Velocity,La Silla Observatory
HD 131496 b,2011,430.0,,Radial Velocity,W. M. Keck Observatory
Kepler-764 b,2016,3417.6,,Transit,Kepler
HD 13189 b,2005,1623.7,,Radial Velocity,Thueringer Landessternwarte Tautenburg
HD 132406 b,2007,230.9,2129.5,Radial Velocity,Haute-Provence Observatory
HD 132563 b,2011,343.0,,Radial Velocity,Roque de los Muchachos Observatory
HD 134060 b,2019,78.3,,Radial Velocity,La Silla Observatory
HD 134060 c,2019,78.3,,Radial Velocity,La Silla Observatory
HD 134987 b,1999,85.4,,Radial Velocity,W. M. Keck Observatory
HD 134987 c,2009,85.4,,Radial Velocity,Multiple Observatories
HD 136352 b,2019,47.9,4.7,Radial Velocity,La Silla Observatory
HD 136352 c,2019,47.9,11.2,Radial Velocity,La Silla Observatory
HD 136352 d,2019,47.9,8.7,Radial Velocity,La Silla Observatory
Kepler-112 b,2014,1673.9,,Transit,Kepler
HD 136418 b,2009,343.0,,Radial Velocity,W. M. Keck Observatory
HD 137388 b,2011,132.0,,Radial Velocity,La Silla Observatory
HD 13808 b,2021,92.1,,Radial Velocity,La Silla Observatory
HD 13808 c,2021,92.1,,Radial Velocity,La Silla Observatory
HD 13931 b,2009,154.6,889.9,Radial Velocity,W. M. Keck Observatory
HD 139357 b,2008,365.6,5784.5,Radial Velocity,Thueringer Landessternwarte Tautenburg
HD 141937 b,2002,108.8,8714.9,Radial Velocity,La Silla Observatory
HD 142022 A b,2005,111.8,1433.4,Radial Velocity,La Silla Observatory
HD 142245 b,2011,317.1,,Radial Velocity,W. M. Keck Observatory
HD 142415 b,2003,115.9,,Radial Velocity,La Silla Observatory
Kepler-267 b,2014,864.3,37.9,Transit,Kepler
HD 142 b,2001,85.4,2256.6,Radial Velocity,Anglo-Australian Telescope
HD 143361 b,2008,223.5,1557.4,Radial Velocity,Las Campanas Observatory
HD 145377 b,2008,174.5,,Radial Velocity,La Silla Observatory
HD 145457 b,2010,441.3,,Radial Velocity,Subaru Telescope
HD 1461 b,2010,76.5,,Radial Velocity,W. M. Keck Observatory
HD 1461 c,2015,76.5,,Radial Velocity,La Silla Observatory
HD 147018 b,2009,131.9,,Radial Velocity,La Silla Observatory
HD 147018 c,2009,131.9,,Radial Velocity,La Silla Observatory
HD 147513 b,2003,42.1,,Radial Velocity,La Silla Observatory
HD 148156 b,2009,186.3,,Radial Velocity,La Silla Observatory
HD 148427 b,2009,232.7,381.4,Radial Velocity,Lick Observatory
HD 149026 b,2005,247.4,114.1,Radial Velocity,Subaru Telescope
HD 149143 b,2005,239.0,,Radial Velocity,Haute-Provence Observatory
HD 1502 b,2011,622.8,,Radial Velocity,W. M. Keck Observatory
HD 152079 b,2009,286.7,,Radial Velocity,Las Campanas Observatory
HD 152581 b,2011,540.6,,Radial Velocity,W. M. Keck Observatory
HD 153950 b,2008,158.0,,Radial Velocity,La Silla Observatory
HD 154345 b,2006,59.6,376.9,Radial Velocity,W. M. Keck Observatory
HD 154672 b,2008,205.6,,Radial Velocity,Las Campanas Observatory
HD 154857 b,2004,206.9,,Radial Velocity,Anglo-Australian Telescope
HD 155358 b,2007,142.3,,Radial Velocity,McDonald Observatory
HD 155358 c,2007,142.3,,Radial Velocity,McDonald Observatory
HD 156279 b,2011,118.1,,Radial Velocity,Haute-Provence Observatory
HD 156411 b,2009,185.5,,Radial Velocity,La Silla Observatory
HD 156668 b,2010,79.4,,Radial Velocity,W. M. Keck Observatory
HD 156846 b,2007,155.7,,Radial Velocity,La Silla Observatory
HD 158038 b,2011,309.4,,Radial Velocity,W. M. Keck Observatory
HD 159868 b,2006,182.2,,Radial Velocity,Anglo-Australian Telescope
HD 160691 b,2000,50.9,1366.7,Radial Velocity,Anglo-Australian Telescope
HD 160691 c,2004,50.9,1398.4,Radial Velocity,Anglo-Australian Telescope
HD 160691 d,2004,50.9,,Radial Velocity,La Silla Observatory
HD 160691 e,2006,50.9,2224.8,Radial Velocity,La Silla Observatory
HD 16141 b,2000,123.2,,Radial Velocity,W. M. Keck Observatory
HD 16175 b,2009,195.2,1875.2,Radial Velocity,Lick Observatory
HD 162020 b,2002,100.5,,Radial Velocity,La Silla Observatory
HD 163607 b,2012,221.1,,Radial Velocity,W. M. Keck Observatory
HD 163607 c,2012,221.1,,Radial Velocity,W. M. Keck Observatory
HD 16417 b,2008,82.8,,Radial Velocity,Anglo-Australian Telescope
HD 164509 b,2012,173.2,,Radial Velocity,W. M. Keck Observatory
HD 164604 b,2009,128.4,4544.9,Radial Velocity,Las Campanas Observatory
HD 164922 b,2005,71.8,,Radial Velocity,W. M. Keck Observatory
HD 167042 b,2007,162.0,,Radial Velocity,Lick Observatory
HD 168443 b,1998,129.2,,Radial Velocity,W. M. Keck Observatory
HD 168443 c,2000,129.2,6515.5,Radial Velocity,W. M. Keck Observatory
HD 168746 b,2002,135.6,,Radial Velocity,La Silla Observatory
HD 1690 b,2010,2454.7,,Radial Velocity,La Silla Observatory
HD 169830 b,2000,122.7,,Radial Velocity,La Silla Observatory
HD 169830 c,2003,122.7,2828.7,Radial Velocity,La Silla Observatory
HD 170469 b,2007,196.3,,Radial Velocity,W. M. Keck Observatory
HD 17092 b,2007,745.0,,Radial Velocity,McDonald Observatory
Kepler-762 b,2016,6191.3,,Transit,Kepler
HD 171028 b,2007,364.2,,Radial Velocity,La Silla Observatory
HD 171238 b,2009,146.2,2796.9,Radial Velocity,La Silla Observatory
HD 17156 b,2007,254.7,1115.6,Radial Velocity,Subaru Telescope
HD 173416 b,2008,431.1,,Radial Velocity,Xinglong Station
HD 175167 b,2009,231.9,3019.4,Radial Velocity,Las Campanas Observatory
HD 175541 b,2007,422.7,,Radial Velocity,W. M. Keck Observatory
HD 177830 b,1999,204.7,,Radial Velocity,W. M. Keck Observatory
HD 177830 c,2010,204.7,,Radial Velocity,W. M. Keck Observatory
HD 178911 B b,2001,133.6,,Radial Velocity,W. M. Keck Observatory
HD 179079 b,2008,227.4,4195.3,Radial Velocity,W. M. Keck Observatory
HD 179949 b,2000,89.6,,Radial Velocity,Anglo-Australian Telescope
HD 180902 b,2009,341.1,,Radial Velocity,W. M. Keck Observatory
HD 181342 b,2009,392.7,,Radial Velocity,W. M. Keck Observatory
HD 181433 b,2008,87.7,1708.6,Radial Velocity,La Silla Observatory
HD 181433 c,2008,87.7,2207.0,Radial Velocity,La Silla Observatory
HD 181433 d,2008,87.7,3585.1,Radial Velocity,La Silla Observatory
HD 181720 b,2009,196.4,,Radial Velocity,La Silla Observatory
HD 183263 b,2004,176.8,,Radial Velocity,W. M. Keck Observatory
HD 183263 c,2008,176.8,2959.0,Radial Velocity,W. M. Keck Observatory
HD 185269 b,2006,169.6,,Radial Velocity,Lick Observatory
HD 187085 b,2006,149.7,,Radial Velocity,Anglo-Australian Telescope
HD 187123 b,1998,149.9,,Radial Velocity,W. M. Keck Observatory
HD 187123 c,2008,149.9,912.2,Radial Velocity,W. M. Keck Observatory
HD 18742 b,2011,530.6,,Radial Velocity,W. M. Keck Observatory
HD 188015 b,2004,165.3,,Radial Velocity,W. M. Keck Observatory
HD 189733 b,2005,64.5,362.3,Radial Velocity,Haute-Provence Observatory
HD 190360 b,2003,52.2,572.1,Radial Velocity,Haute-Provence Observatory
HD 190360 c,2005,52.2,25.4,Radial Velocity,W. M. Keck Observatory
HD 190647 b,2007,177.7,,Radial Velocity,La Silla Observatory
HD 190984 b,2009,483.3,1137.8,Radial Velocity,La Silla Observatory
HD 192263 b,1999,64.0,,Radial Velocity,La Silla Observatory
HD 192310 b,2011,28.7,,Radial Velocity,La Silla Observatory
HD 192310 c,2011,28.7,,Radial Velocity,La Silla Observatory
HD 192699 b,2007,234.4,,Radial Velocity,Lick Observatory
HD 195019 b,1998,122.9,,Radial Velocity,Lick Observatory
HD 196050 b,2002,165.3,1493.8,Radial Velocity,Anglo-Australian Telescope
HD 196885 A b,2007,111.4,,Radial Velocity,Haute-Provence Observatory
HD 197037 b,2012,108.3,,Radial Velocity,McDonald Observatory
HD 19994 b,2003,73.5,,Radial Velocity,La Silla Observatory
HD 20003 b,2019,136.4,,Radial Velocity,La Silla Observatory
Kepler-1713 b,2021,963.1,,Transit,Kepler
Kepler-781 b,2016,3471.8,,Transit,Kepler
HD 20003 c,2019,136.4,,Radial Velocity,La Silla Observatory
HD 200964 b,2010,236.8,,Radial Velocity,Lick Observatory
HD 200964 c,2010,236.8,,Radial Velocity,Lick Observatory
HD 202206 c,2004,149.9,5689.2,Radial Velocity,La Silla Observatory
HD 2039 b,2002,279.5,,Radial Velocity,Anglo-Australian Telescope
HD 204313 b,2010,155.9,1466.8,Radial Velocity,La Silla Observatory
HD 204313 c,2015,155.9,,Radial Velocity,La Silla Observatory
HD 204941 b,2011,93.7,,Radial Velocity,La Silla Observatory
HD 205739 b,2008,301.7,,Radial Velocity,Las Campanas Observatory
HD 206610 b,2009,480.1,,Radial Velocity,W. M. Keck Observatory
Kepler-783 c,2020,1683.3,,Transit,Kepler
HD 20781 b,2019,117.3,,Radial Velocity,La Silla Observatory
HD 20781 c,2019,117.3,,Radial Velocity,La Silla Observatory
HD 20782 b,2006,117.4,,Radial Velocity,Anglo-Australian Telescope
HD 20794 b,2011,19.6,,Radial Velocity,La Silla Observatory
HD 20794 d,2011,19.6,,Radial Velocity,La Silla Observatory
HD 208487 b,2004,147.2,,Radial Velocity,Anglo-Australian Telescope
HD 20868 b,2008,155.6,,Radial Velocity,La Silla Observatory
HD 209458 b,1999,157.5,219.3,Radial Velocity,W. M. Keck Observatory
HD 210277 b,1998,69.5,,Radial Velocity,W. M. Keck Observatory
HD 210702 b,2007,176.8,,Radial Velocity,Lick Observatory
HD 212301 b,2005,176.9,,Radial Velocity,La Silla Observatory
HD 212771 b,2009,362.5,,Radial Velocity,W. M. Keck Observatory
HD 213240 b,2001,133.3,1655.9,Radial Velocity,La Silla Observatory
HD 215152 b,2018,70.4,565.4,Radial Velocity,La Silla Observatory
HD 215152 c,2018,70.4,468.8,Radial Velocity,La Silla Observatory
HD 215497 b,2009,132.2,1588.8,Radial Velocity,La Silla Observatory
HD 215497 c,2009,132.2,111.2,Radial Velocity,La Silla Observatory
HD 216435 b,2002,107.6,,Radial Velocity,Anglo-Australian Telescope
HD 216437 b,2002,87.1,1233.2,Radial Velocity,Anglo-Australian Telescope
HD 216770 b,2003,119.6,,Radial Velocity,La Silla Observatory
HD 21693 b,2019,108.5,,Radial Velocity,La Silla Observatory
HD 21693 c,2019,108.5,,Radial Velocity,La Silla Observatory
HD 217107 b,1998,65.4,459.6,Radial Velocity,Lick Observatory
HD 217107 c,2005,65.4,1430.2,Radial Velocity,Lick Observatory
HD 217786 b,2011,181.0,4402.6,Radial Velocity,La Silla Observatory
HD 218566 b,2010,94.0,,Radial Velocity,W. M. Keck Observatory
91 Aqr b,2013,143.6,,Radial Velocity,Lick Observatory
HD 219828 b,2007,238.5,,Radial Velocity,La Silla Observatory
HD 220773 b,2011,164.7,,Radial Velocity,McDonald Observatory
HD 221287 b,2007,182.4,,Radial Velocity,La Silla Observatory
HD 222582 b,1999,137.5,,Radial Velocity,W. M. Keck Observatory
HD 224693 b,2006,305.0,,Radial Velocity,W. M. Keck Observatory
HD 22781 b,2011,106.3,,Radial Velocity,Haute-Provence Observatory
HD 23079 b,2001,109.1,,Radial Velocity,Anglo-Australian Telescope
HD 23127 b,2006,306.1,,Radial Velocity,Anglo-Australian Telescope
HD 231701 b,2007,355.1,,Radial Velocity,W. M. Keck Observatory
HD 23596 b,2003,169.6,3786.6,Radial Velocity,Haute-Provence Observatory
HD 240210 b,2009,1214.6,,Radial Velocity,McDonald Observatory
HD 240237 b,2011,3044.3,,Radial Velocity,McDonald Observatory
Kepler-1738 b,2021,4249.4,,Transit,Kepler
HD 25171 b,2010,181.4,,Radial Velocity,La Silla Observatory
HD 2638 b,2005,179.3,,Radial Velocity,La Silla Observatory
HD 27442 b,2000,59.6,,Radial Velocity,Anglo-Australian Telescope
HD 27894 b,2005,142.9,,Radial Velocity,La Silla Observatory
HD 28185 b,2001,128.4,,Radial Velocity,La Silla Observatory
HD 28254 b,2010,180.3,1207.7,Radial Velocity,La Silla Observatory
HD 285968 b,2008,30.9,,Radial Velocity,La Silla Observatory
HD 28678 b,2011,619.4,,Radial Velocity,W. M. Keck Observatory
HD 290327 b,2009,184.1,,Radial Velocity,La Silla Observatory
HD 30177 b,2002,181.3,2622.1,Radial Velocity,Anglo-Australian Telescope
HD 30562 b,2009,85.3,467.2,Radial Velocity,Lick Observatory
HD 30856 b,2011,427.9,,Radial Velocity,W. M. Keck Observatory
HD 31253 b,2010,189.6,,Radial Velocity,W. M. Keck Observatory
HD 31527 b,2019,125.4,,Radial Velocity,La Silla Observatory
HD 31527 c,2019,125.4,,Radial Velocity,La Silla Observatory
HD 31527 d,2019,125.4,,Radial Velocity,La Silla Observatory
HD 32518 b,2009,398.3,,Radial Velocity,Thueringer Landessternwarte Tautenburg
HD 330075 b,2004,147.7,,Radial Velocity,La Silla Observatory
HD 33142 b,2011,395.9,,Radial Velocity,W. M. Keck Observatory
HD 33283 b,2006,293.1,,Radial Velocity,W. M. Keck Observatory
HD 33564 b,2005,68.3,,Radial Velocity,Haute-Provence Observatory
HD 34445 b,2009,150.3,,Radial Velocity,W. M. Keck Observatory
HD 3651 b,2003,36.3,,Radial Velocity,Multiple Observatories
HD 37124 b,2002,103.3,,Radial Velocity,W. M. Keck Observatory
HD 37124 c,2002,103.3,,Radial Velocity,W. M. Keck Observatory
HD 37124 d,2005,103.3,,Radial Velocity,W. M. Keck Observatory
HD 37605 b,2004,152.6,,Radial Velocity,McDonald Observatory
HD 38529 b,2000,138.1,,Radial Velocity,Multiple Observatories
HD 38529 c,2000,138.1,5720.9,Radial Velocity,Multiple Observatories
HD 38801 b,2009,298.2,,Radial Velocity,Subaru Telescope
HD 39091 b,2001,59.6,3917.2,Radial Velocity,Anglo-Australian Telescope
HD 40307 b,2009,42.2,1189.0,Radial Velocity,La Silla Observatory
HD 40307 c,2009,42.2,1868.5,Radial Velocity,La Silla Observatory
HD 40307 d,2009,42.2,1775.4,Radial Velocity,La Silla Observatory
HD 40979 b,2002,111.2,,Radial Velocity,Multiple Observatories
HD 41004 A b,2004,119.7,,Radial Velocity,La Silla Observatory
HD 41004 B b,2003,135.5,,Radial Velocity,La Silla Observatory
HD 4113 b,2007,136.6,,Radial Velocity,La Silla Observatory
HD 4203 b,2001,265.4,,Radial Velocity,W. M. Keck Observatory
HD 4208 b,2001,111.5,,Radial Velocity,W. M. Keck Observatory
Kepler-272 c,2014,2901.5,97.8,Transit,Kepler
HD 4308 b,2005,71.8,,Radial Velocity,La Silla Observatory
HD 4313 b,2009,444.6,,Radial Velocity,W. M. Keck Observatory
HD 43197 b,2010,203.6,,Radial Velocity,La Silla Observatory
HD 43691 b,2007,279.2,,Radial Velocity,Haute-Provence Observatory
HD 44219 b,2010,172.6,184.3,Radial Velocity,La Silla Observatory
HD 45184 b,2019,71.6,,Radial Velocity,La Silla Observatory
HD 45350 b,2004,152.9,,Radial Velocity,W. M. Keck Observatory
HD 45364 b,2008,112.0,,Radial Velocity,La Silla Observatory
HD 45364 c,2008,112.0,,Radial Velocity,La Silla Observatory
HD 45652 b,2008,113.7,,Radial Velocity,Haute-Provence Observatory
HD 46375 b,2000,96.4,,Radial Velocity,W. M. Keck Observatory
HD 47186 b,2008,122.2,,Radial Velocity,La Silla Observatory
HD 47186 c,2008,122.2,,Radial Velocity,La Silla Observatory
HD 47536 b,2002,399.7,,Radial Velocity,La Silla Observatory
HD 48265 b,2008,295.3,2351.9,Radial Velocity,Las Campanas Observatory
HD 49674 b,2002,140.4,,Radial Velocity,W. M. Keck Observatory
HD 50499 b,2005,151.0,,Radial Velocity,W. M. Keck Observatory
HD 50554 b,2002,101.7,1859.3,Radial Velocity,Lick Observatory
HD 51608 b,2019,114.3,,Radial Velocity,La Silla Observatory
HD 51608 c,2019,114.3,,Radial Velocity,La Silla Observatory
Kepler-273 b,2014,2328.6,,Transit,Kepler
HD 52265 b,2000,97.8,,Radial Velocity,W. M. Keck Observatory
HD 5319 b,2007,396.0,,Radial Velocity,W. M. Keck Observatory
HD 5891 b,2011,924.7,,Radial Velocity,W. M. Keck Observatory
HD 59686 A b,2016,291.2,,Radial Velocity,Lick Observatory
HD 60532 b,2008,84.7,,Radial Velocity,La Silla Observatory
HD 60532 c,2008,84.7,,Radial Velocity,La Silla Observatory
HD 63454 b,2005,122.9,,Radial Velocity,La Silla Observatory
HD 63765 b,2011,106.1,,Radial Velocity,La Silla Observatory
HD 6434 b,2003,138.2,,Radial Velocity,La Silla Observatory
Kepler-1739 b,2021,2556.0,,Transit,Kepler
HD 65216 b,2003,114.5,,Radial Velocity,La Silla Observatory
HD 66428 b,2005,173.8,3478.9,Radial Velocity,W. M. Keck Observatory
HD 6718 b,2009,167.5,19956.4,Radial Velocity,La Silla Observatory
HD 68988 b,2001,198.4,,Radial Velocity,Multiple Observatories
HD 69830 b,2006,41.0,,Radial Velocity,La Silla Observatory
HD 69830 c,2006,41.0,,Radial Velocity,La Silla Observatory
HD 69830 d,2006,41.0,,Radial Velocity,La Silla Observatory
HD 70573 b,2007,193.0,,Radial Velocity,La Silla Observatory
HD 70642 b,2003,95.5,1239.5,Radial Velocity,Anglo-Australian Telescope
HD 7199 b,2011,117.9,3639.1,Radial Velocity,La Silla Observatory
HD 72659 b,2002,169.3,949.7,Radial Velocity,W. M. Keck Observatory
HD 73267 b,2008,164.4,1321.5,Radial Velocity,La Silla Observatory
HD 73526 b,2002,317.2,,Radial Velocity,Anglo-Australian Telescope
HD 73526 c,2005,317.2,,Radial Velocity,Anglo-Australian Telescope
HD 73534 b,2008,271.8,,Radial Velocity,W. M. Keck Observatory
HD 74156 b,2003,187.9,,Radial Velocity,Haute-Provence Observatory
HD 74156 c,2003,187.9,2754.0,Radial Velocity,Haute-Provence Observatory
HD 7449 b,2011,126.1,2597.9,Radial Velocity,La Silla Observatory
HD 75289 b,1999,95.0,,Radial Velocity,La Silla Observatory
HD 75898 b,2007,254.6,,Radial Velocity,W. M. Keck Observatory
HD 76700 b,2002,198.6,,Radial Velocity,Anglo-Australian Telescope
HD 7924 b,2008,55.4,2058.3,Radial Velocity,W. M. Keck Observatory
HD 79498 b,2011,159.6,,Radial Velocity,McDonald Observatory
HD 80606 b,2001,216.8,1323.5,Radial Velocity,Multiple Observatories
HD 81040 b,2005,112.3,2510.8,Radial Velocity,Multiple Observatories
HD 81688 b,2007,279.6,,Radial Velocity,Okayama Astrophysical Observatory
HD 82886 b,2011,414.4,,Radial Velocity,W. M. Keck Observatory
HD 82943 b,2003,90.0,534.2,Radial Velocity,La Silla Observatory
HD 82943 c,2003,90.0,622.6,Radial Velocity,La Silla Observatory
HD 83443 b,2002,133.4,,Radial Velocity,Multiple Observatories
HD 8535 b,2010,180.8,,Radial Velocity,La Silla Observatory
HD 85390 b,2011,109.3,,Radial Velocity,La Silla Observatory
HD 8574 b,2002,146.2,,Radial Velocity,Haute-Provence Observatory
HD 86081 b,2006,339.0,,Radial Velocity,W. M. Keck Observatory
HD 86226 b,2009,149.0,143.0,Radial Velocity,Las Campanas Observatory
HD 86264 b,2009,221.2,3909.3,Radial Velocity,Lick Observatory
HD 8673 b,2009,123.5,4210.6,Radial Velocity,Thueringer Landessternwarte Tautenburg
HD 87883 b,2009,59.7,6674.4,Radial Velocity,Lick Observatory
HD 88133 b,2004,240.1,324.2,Radial Velocity,W. M. Keck Observatory
Kepler-782 b,2016,1457.4,,Transit,Kepler
HD 89307 b,2009,104.4,642.0,Radial Velocity,Lick Observatory
HD 89744 b,1999,126.0,,Radial Velocity,Fred Lawrence Whipple Observatory
HD 90156 b,2011,71.6,,Radial Velocity,La Silla Observatory
HD 92788 b,2000,113.0,,Radial Velocity,Multiple Observatories
HD 93083 b,2005,93.0,,Radial Velocity,La Silla Observatory
HD 9446 b,2009,164.2,,Radial Velocity,Haute-Provence Observatory
HD 9446 c,2009,164.2,,Radial Velocity,Haute-Provence Observatory
HD 95089 b,2009,446.7,,Radial Velocity,W. M. Keck Observatory
HD 96063 b,2011,456.8,,Radial Velocity,W. M. Keck Observatory
HD 96127 b,2011,1916.7,1207.7,Radial Velocity,McDonald Observatory
HD 96167 b,2009,278.2,,Radial Velocity,W. M. Keck Observatory
HD 97658 b,2010,70.3,8.3,Radial Velocity,W. M. Keck Observatory
HD 98219 b,2011,370.9,,Radial Velocity,W. M. Keck Observatory
HD 99109 b,2005,178.7,,Radial Velocity,W. M. Keck Observatory
HD 99492 b,2004,59.4,,Radial Velocity,W. M. Keck Observatory
HD 99706 b,2011,478.1,,Radial Velocity,W. M. Keck Observatory
HIP 12961 b,2010,76.2,,Radial Velocity,La Silla Observatory
HIP 14810 b,2005,164.6,,Radial Velocity,W. M. Keck Observatory
HIP 14810 c,2006,164.6,,Radial Velocity,W. M. Keck Observatory
HIP 14810 d,2009,164.6,,Radial Velocity,W. M. Keck Observatory
HIP 5158 b,2009,168.3,,Radial Velocity,La Silla Observatory
GJ 1148 b,2010,35.9,,Radial Velocity,W. M. Keck Observatory
HIP 57274 b,2011,84.3,3359.4,Radial Velocity,W. M. Keck Observatory
HIP 57274 c,2011,84.3,,Radial Velocity,W. M. Keck Observatory
HIP 57274 d,2011,84.3,,Radial Velocity,W. M. Keck Observatory
HIP 70849 b,2011,78.5,1446.1,Radial Velocity,La Silla Observatory
iot Dra b,2002,102.2,,Radial Velocity,Lick Observatory
HIP 78530 b,2010,446.0,7700.0,Imaging,Gemini Observatory
HIP 79431 b,2009,47.4,,Radial Velocity,W. M. Keck Observatory
HR 810 b,1999,56.5,1970.5,Radial Velocity,La Silla Observatory
HR 8799 b,2008,134.5,2000.0,Imaging,Gemini Observatory
HR 8799 c,2008,134.5,3000.0,Imaging,Gemini Observatory
HR 8799 d,2008,134.5,3000.0,Imaging,W. M. Keck Observatory
HR 8799 e,2010,134.5,3178.3,Imaging,W. M. Keck Observatory
kap CrB b,2007,98.1,635.7,Radial Velocity,Lick Observatory
xi Aql b,2007,183.3,,Radial Velocity,Okayama Astrophysical Observatory
Lupus-TR-3 b,2007,2522.5,257.4,Transit,Multiple Observatories
MOA-2007-BLG-192L b,2008,3261.6,3.3,Microlensing,MOA
MOA-2007-BLG-400L b,2008,18917.0,260.0,Microlensing,MOA
MOA-2008-BLG-310L b,2009,19569.4,74.0,Microlensing,MOA
MOA-2009-BLG-266L b,2011,9915.1,10.4,Microlensing,MOA
MOA-2009-BLG-319L b,2010,22994.0,67.3,Microlensing,MOA
MOA-2009-BLG-387L b,2010,18558.3,830.0,Microlensing,MOA
BD-13 2130 b,2007,3017.6,,Radial Velocity,La Silla Observatory
OGLE-2005-BLG-071L b,2005,10437.0,1200.0,Microlensing,OGLE
OGLE-2005-BLG-169L b,2006,13046.2,13.2,Microlensing,OGLE
OGLE-2005-BLG-390L b,2005,21526.3,5.5,Microlensing,OGLE
OGLE-2006-BLG-109L b,2008,4859.7,230.0,Microlensing,OGLE
OGLE-2006-BLG-109L c,2008,4859.7,86.0,Microlensing,OGLE
OGLE-2007-BLG-368L b,2009,19243.2,20.0,Microlensing,OGLE
OGLE-2003-BLG-235L b,2004,18917.0,830.0,Microlensing,OGLE
OGLE2-TR-L9 b,2008,5308.6,1379.4,Transit,OGLE
OGLE-TR-10 b,2004,4386.7,181.2,Transit,OGLE
OGLE-TR-111 b,2004,3484.4,168.4,Transit,OGLE
OGLE-TR-113 b,2004,1847.5,343.3,Transit,OGLE
OGLE-TR-132 b,2004,6564.3,378.2,Transit,OGLE
OGLE-TR-182 b,2007,8159.6,340.1,Transit,OGLE
OGLE-TR-211 b,2007,4942.1,327.4,Transit,OGLE
OGLE-TR-56 b,2002,7058.8,441.8,Transit,OGLE
Kepler-743 b,2016,909.9,,Transit,Kepler
PSR B1257+12 b,1994,1956.9,0.0,Pulsar Timing,Arecibo Observatory
PSR B1257+12 c,1992,1956.9,4.3,Pulsar Timing,Arecibo Observatory
PSR B1257+12 d,1992,1956.9,3.9,Pulsar Timing,Arecibo Observatory
Qatar-1 b,2010,605.4,346.4,Transit,Qatar
Qatar-2 b,2011,591.6,783.8,Transit,Qatar
rho CrB b,1997,57.0,,Radial Velocity,Fred Lawrence Whipple Observatory
tau Boo b,1996,51.1,1891.0,Radial Velocity,Lick Observatory
TrES-1 b,2004,520.7,221.5,Transit,TrES
TrES-3 b,2007,754.5,513.3,Transit,TrES
TrES-4 b,2007,1682.9,294.0,Transit,TrES
TrES-5 b,2011,1175.2,568.9,Transit,TrES
ups And b,1996,43.7,,Radial Velocity,Lick Observatory
ups And c,1999,43.7,4443.2,Radial Velocity,Multiple Observatories
ups And d,1999,43.7,3257.7,Radial Velocity,Multiple Observatories
USco CTIO 108 b,2008,469.7,4449.6,Imaging,Teide Observatory
V0391 Peg b,2007,3900.8,,Pulsation Timing Variations,Multiple Observatories
WASP-10 b,2008,459.9,940.8,Transit,SuperWASP
WASP-11 b,2008,406.8,154.8,Transit,SuperWASP
WASP-12 b,2008,1393.5,445.0,Transit,SuperWASP
WASP-13 b,2009,742.1,158.9,Transit,SuperWASP
WASP-14 b,2008,528.4,2294.7,Transit,SuperWASP
WASP-15 b,2009,920.1,175.1,Transit,SuperWASP
WASP-16 b,2009,633.2,288.6,Transit,SuperWASP
WASP-17 b,2009,1323.9,162.1,Transit,SuperWASP
WASP-18 b,2009,402.7,3299.1,Transit,SuperWASP
WASP-19 b,2009,875.2,362.0,Transit,SuperWASP
WASP-1 b,2007,1282.0,271.4,Transit,SuperWASP
Kepler-747 b,2016,10917.0,,Transit,Kepler
WASP-21 b,2010,842.9,92.2,Transit,SuperWASP
WASP-22 b,2010,1036.0,196.1,Transit,SuperWASP
WASP-24 b,2010,1050.6,394.1,Transit,SuperWASP
WASP-25 b,2010,689.5,184.3,Transit,SuperWASP
WASP-26 b,2010,824.4,326.7,Transit,SuperWASP
WASP-28 b,2014,1136.6,294.6,Transit,SuperWASP
WASP-29 b,2010,285.7,77.9,Transit,SuperWASP
WASP-2 b,2007,499.8,290.5,Transit,SuperWASP
WASP-31 b,2010,1251.9,151.9,Transit,SuperWASP
WASP-32 b,2010,900.2,1109.2,Transit,SuperWASP
WASP-33 b,2010,397.7,371.9,Transit,SuperWASP
WASP-34 b,2010,430.8,178.0,Transit,SuperWASP
WASP-35 b,2011,659.5,228.8,Transit,SuperWASP
WASP-36 b,2011,1260.1,726.6,Transit,SuperWASP
WASP-37 b,2010,1281.1,572.1,Transit,SuperWASP
WASP-38 b,2010,444.4,858.1,Transit,SuperWASP
WASP-39 b,2011,697.9,89.0,Transit,SuperWASP
WASP-3 b,2007,753.9,617.9,Transit,SuperWASP
WASP-41 b,2011,532.8,292.4,Transit,SuperWASP
WASP-43 b,2011,282.9,572.1,Transit,SuperWASP
WASP-44 b,2011,1188.9,282.5,Transit,SuperWASP
WASP-45 b,2011,688.8,306.4,Transit,SuperWASP
WASP-46 b,2011,1224.1,607.1,Transit,SuperWASP
WASP-48 b,2011,1481.2,327.7,Transit,SuperWASP
WASP-4 b,2007,871.5,393.1,Transit,SuperWASP
WASP-50 b,2011,602.9,466.6,Transit,SuperWASP
WASP-5 b,2008,1008.3,502.1,Transit,SuperWASP
WASP-6 b,2009,642.9,148.4,Transit,SuperWASP
WASP-7 b,2008,529.4,311.5,Transit,SuperWASP
WASP-8 b,2010,293.4,713.2,Transit,SuperWASP
XO-1 b,2006,533.4,292.4,Transit,XO
XO-2 N b,2007,503.2,179.9,Transit,XO
XO-3 b,2007,694.9,2317.0,Transit,XO
XO-4 b,2010,889.3,565.7,Transit,Lowell Observatory
XO-5 b,2008,900.9,378.2,Transit,XO
11 Com b,2007,303.9,,Radial Velocity,Xinglong Station
alf Ari b,2010,65.9,,Radial Velocity,Bohyunsan Optical Astronomical Observatory
CoRoT-16 b,2011,2388.8,168.1,Transit,CoRoT
HD 106515 A b,2012,111.2,3025.1,Radial Velocity,La Silla Observatory
HD 166724 b,2012,147.2,1207.7,Radial Velocity,La Silla Observatory
HD 180314 b,2010,399.1,,Radial Velocity,Subaru Telescope
HD 196067 b,2012,130.2,3623.2,Radial Velocity,La Silla Observatory
HD 220689 b,2012,152.9,381.4,Radial Velocity,La Silla Observatory
HD 27631 b,2012,164.0,495.8,Radial Velocity,La Silla Observatory
HD 38283 b,2010,124.1,,Radial Velocity,Anglo-Australian Telescope
HD 65216 c,2013,114.5,,Radial Velocity,La Silla Observatory
HD 98649 b,2012,137.5,3082.9,Radial Velocity,La Silla Observatory
HIP 5158 c,2011,168.3,,Radial Velocity,La Silla Observatory
Kepler-471 b,2016,4075.0,,Transit,Kepler
HN Peg b,2006,59.1,6991.6,Imaging,Spitzer Space Telescope
LkCa 15 b,2015,515.8,,Imaging,Large Binocular Telescope Observatory
NN Ser c,2010,1682.4,2329.6,Eclipse Timing Variations,Multiple Observatories
NN Ser d,2010,1682.4,731.0,Eclipse Timing Variations,Multiple Observatories
nu Oph b,2012,150.7,7057.7,Radial Velocity,Okayama Astrophysical Observatory
nu Oph c,2012,150.7,7838.3,Radial Velocity,Okayama Astrophysical Observatory
NY Vir b,2011,1774.4,731.0,Eclipse Timing Variations,Multiple Observatories
Kepler-749 b,2016,2351.7,,Transit,Kepler
Ross 458 c,2010,37.5,1907.0,Imaging,Las Campanas Observatory
tau Gem b,2013,367.0,,Radial Velocity,Lick Observatory
WASP-23 b,2010,676.7,279.4,Transit,SuperWASP
KOI-55 b,2011,4015.0,0.4,Orbital Brightness Modulation,Kepler
KOI-55 c,2011,4015.0,0.7,Orbital Brightness Modulation,Kepler
MOA-2010-BLG-477L b,2012,7501.6,480.0,Microlensing,MOA
HD 142 c,2012,85.4,3464.6,Radial Velocity,Anglo-Australian Telescope
HATS-1 b,2012,926.2,556.2,Transit,HATSouth
WASP-78 b,2012,2460.1,282.9,Transit,SuperWASP
Kepler-750 b,2016,4227.0,,Transit,Kepler
WASP-79 b,2012,804.6,267.9,Transit,SuperWASP
KELT-1 b,2012,875.5,8654.1,Transit,KELT
KELT-2 A b,2012,437.2,540.3,Transit,KELT
Kepler-36 b,2012,1722.0,6.4,Transit,Kepler
GJ 3470 b,2012,96.0,13.7,Radial Velocity,La Silla Observatory
BD+20 274 b,2012,4313.4,,Radial Velocity,McDonald Observatory
HD 219415 b,2012,538.8,,Radial Velocity,McDonald Observatory
Pr0201 b,2012,589.2,,Radial Velocity,Fred Lawrence Whipple Observatory
Pr0211 b,2012,595.9,,Radial Velocity,Fred Lawrence Whipple Observatory
HD 77338 b,2012,149.8,15.9,Radial Velocity,La Silla Observatory
HD 207832 b,2012,192.2,,Radial Velocity,W. M. Keck Observatory
HD 207832 c,2012,192.2,,Radial Velocity,W. M. Keck Observatory
HAT-P-39 b,2012,2273.3,190.4,Transit,HATNet
HAT-P-40 b,2012,1514.9,184.7,Transit,HATNet
HAT-P-41 b,2012,1135.6,378.2,Transit,HATNet
HD 5608 b,2012,189.5,,Radial Velocity,Okayama Astrophysical Observatory
75 Cet b,2012,270.6,,Radial Velocity,Okayama Astrophysical Observatory
omi UMa b,2012,179.1,,Radial Velocity,Okayama Astrophysical Observatory
omi CrB b,2012,276.5,,Radial Velocity,Okayama Astrophysical Observatory
WASP-42 b,2012,578.2,158.9,Transit,SuperWASP
Kepler-751 b,2016,2480.2,,Transit,Kepler
WASP-47 b,2012,863.6,357.0,Transit,SuperWASP
WASP-49 b,2012,634.5,126.8,Transit,SuperWASP
WASP-55 b,2012,970.2,186.2,Transit,SuperWASP
WASP-61 b,2012,1593.8,654.7,Transit,SuperWASP
WASP-62 b,2012,572.8,181.2,Transit,SuperWASP
WASP-63 b,2012,948.1,120.8,Transit,SuperWASP
WASP-66 b,2012,1631.6,753.3,Transit,SuperWASP
WASP-67 b,2012,618.0,133.5,Transit,SuperWASP
HAT-P-38 b,2012,832.4,84.9,Transit,HATNet
Kepler-46 c,2012,2534.4,115.1,Transit Timing Variations,Kepler
Kepler-47 b,2012,3343.2,636.0,Transit,Kepler
Kepler-47 c,2012,3343.2,3.2,Transit,Kepler
eps CrB b,2012,227.9,,Radial Velocity,Bohyunsan Optical Astronomical Observatory
WTS-1 b,2012,7651.7,1274.4,Transit,United Kingdom Infrared Telescope
WASP-54 b,2012,819.6,202.1,Transit,SuperWASP
WASP-56 b,2012,1047.2,143.0,Transit,SuperWASP
WASP-57 b,2012,1299.0,213.6,Transit,SuperWASP
HD 4732 b,2012,178.7,,Radial Velocity,Multiple Observatories
HD 4732 c,2012,178.7,,Radial Velocity,Multiple Observatories
HD 37605 c,2012,152.6,,Radial Velocity,Multiple Observatories
HD 40307 f,2013,42.2,,Radial Velocity,La Silla Observatory
HD 40307 g,2013,42.2,,Radial Velocity,La Silla Observatory
HD 66141 b,2012,222.3,,Radial Velocity,Bohyunsan Optical Astronomical Observatory
HD 208527 b,2012,1018.3,,Radial Velocity,Bohyunsan Optical Astronomical Observatory
HD 220074 b,2012,1058.5,,Radial Velocity,Bohyunsan Optical Astronomical Observatory
WASP-52 b,2012,570.2,137.9,Transit,SuperWASP
WASP-58 b,2012,947.2,282.9,Transit,SuperWASP
WASP-59 b,2012,378.1,272.4,Transit,SuperWASP
WASP-60 b,2012,1405.9,163.4,Transit,SuperWASP
WASP-77 A b,2012,343.0,529.3,Transit,SuperWASP
GJ 676 A d,2012,52.3,,Radial Velocity,La Silla Observatory
GJ 676 A e,2012,52.3,,Radial Velocity,La Silla Observatory
kap And b,2012,163.1,5498.4,Imaging,Subaru Telescope
BD-06 1339 b,2013,66.1,1523.0,Radial Velocity,La Silla Observatory
BD-06 1339 c,2013,66.1,,Radial Velocity,La Silla Observatory
HD 103774 b,2013,184.0,,Radial Velocity,La Silla Observatory
HD 109271 b,2013,182.2,,Radial Velocity,La Silla Observatory
HD 109271 c,2013,182.2,,Radial Velocity,La Silla Observatory
MOA-2010-BLG-073L b,2012,9132.4,3500.0,Microlensing,MOA
HD 219077 b,2012,95.2,3057.5,Radial Velocity,La Silla Observatory
OGLE-2012-BLG-0026L b,2012,13307.2,35.0,Microlensing,OGLE
OGLE-2012-BLG-0026L c,2012,13307.2,220.0,Microlensing,OGLE
Kepler-68 d,2013,470.2,267.0,Radial Velocity,W. M. Keck Observatory
WASP-64 b,2012,1206.5,388.1,Transit,SuperWASP
WASP-72 b,2012,1418.0,459.6,Transit,SuperWASP
WASP-80 b,2012,162.4,174.8,Transit,SuperWASP
WASP-71 b,2012,1183.0,706.2,Transit,SuperWASP
OGLE-2011-BLG-0251L b,2012,8382.2,170.0,Microlensing,OGLE
HD 159868 c,2012,182.2,,Radial Velocity,Anglo-Australian Telescope
PH1 b,2012,3369.7,169.0,Transit,Kepler
HD 222155 b,2011,165.1,581.6,Radial Velocity,Haute-Provence Observatory
HD 24040 b,2006,152.1,1589.1,Radial Velocity,W. M. Keck Observatory
ome Ser b,2013,250.3,,Radial Velocity,Okayama Astrophysical Observatory
HD 2952 b,2013,359.1,,Radial Velocity,Okayama Astrophysical Observatory
HD 120084 b,2013,336.1,2415.5,Radial Velocity,Okayama Astrophysical Observatory
Kepler-19 c,2011,712.9,1906.9,Transit Timing Variations,Kepler
BD+15 2940 b,2013,1390.8,,Radial Velocity,McDonald Observatory
HD 233604 b,2013,2762.7,,Radial Velocity,McDonald Observatory
HD 95086 b,2013,281.2,1748.1,Imaging,Paranal Observatory
KELT-3 b,2013,685.7,469.4,Transit,KELT
Kepler-116 b,2014,3115.3,,Transit,Kepler
GJ 163 b,2013,49.3,,Radial Velocity,La Silla Observatory
GJ 163 c,2013,49.3,,Radial Velocity,La Silla Observatory
GJ 163 d,2013,49.3,,Radial Velocity,La Silla Observatory
HIP 63242 b,2013,510.3,,Radial Velocity,Multiple Observatories
GJ 667 C e,2013,23.6,,Radial Velocity,La Silla Observatory
GJ 667 C f,2013,23.6,,Radial Velocity,La Silla Observatory
GJ 667 C g,2013,23.6,,Radial Velocity,La Silla Observatory
GJ 504 b,2013,57.2,1271.3,Imaging,Subaru Telescope
Kepler-78 b,2013,405.7,2.0,Transit,Kepler
GJ 328 b,2013,66.9,,Radial Velocity,McDonald Observatory
HD 203030 b,2006,128.0,7656.1,Imaging,Palomar Observatory
CHXR 73 b,2006,620.9,3994.5,Imaging,Hubble Space Telescope
DH Tau b,2004,439.8,3496.0,Imaging,Subaru Telescope
2MASS J01225093-2439505 b,2013,110.3,7786.5,Imaging,W. M. Keck Observatory
WD 0806-661 b,2011,62.8,2224.8,Imaging,Spitzer Space Telescope
POTS-1 b,2013,2439.5,734.2,Transit,La Silla Observatory
HATS-2 b,2013,1115.2,427.5,Transit,HATSouth
HATS-3 b,2013,1341.2,340.4,Transit,HATSouth
PSR J1719-1438 b,2011,3913.9,382.8,Pulsar Timing,Parkes Observatory
RR Cae b,2012,69.1,,Eclipse Timing Variations,Leoncito Astronomical Complex
WASP-65 b,2013,892.7,489.5,Transit,SuperWASP
WASP-75 b,2013,958.9,341.0,Transit,SuperWASP
HD 113337 b,2013,118.0,,Radial Velocity,Haute-Provence Observatory
MOA-2011-BLG-293L b,2012,23320.2,760.0,Microlensing,MOA
HAT-P-42 b,2012,1321.7,331.8,Transit,HATNet
HAT-P-43 b,2012,1724.8,210.4,Transit,HATNet
OGLE-2012-BLG-0358L b,2013,5740.3,588.0,Microlensing,OGLE
ROXs 42 B b,2013,468.3,3337.1,Imaging,Multiple Observatories
MOA-2008-BLG-379L b,2013,10763.1,1300.0,Microlensing,MOA
HD 13908 b,2013,259.5,,Radial Velocity,Haute-Provence Observatory
HD 13908 c,2013,259.5,,Radial Velocity,Haute-Provence Observatory
HD 159243 b,2013,239.1,,Radial Velocity,Haute-Provence Observatory
HD 159243 c,2013,239.1,,Radial Velocity,Haute-Provence Observatory
HIP 91258 b,2013,149.7,,Radial Velocity,Haute-Provence Observatory
ROXs 12 b,2013,445.7,5085.0,Imaging,W. M. Keck Observatory
HD 106906 b,2013,336.0,3496.0,Imaging,Las Campanas Observatory
OGLE-2012-BLG-0406L b,2013,16634.0,1200.0,Microlensing,OGLE
Kepler-93 c,2014,312.8,954.0,Radial Velocity,W. M. Keck Observatory
Kepler-94 c,2014,625.9,3126.0,Radial Velocity,W. M. Keck Observatory
Kepler-48 e,2014,1000.4,657.0,Radial Velocity,W. M. Keck Observatory
Kepler-25 d,2014,793.4,89.9,Radial Velocity,W. M. Keck Observatory
KOI-142 c,2013,1229.2,198.8,Transit Timing Variations,Kepler
Kepler-97 c,2014,1307.6,344.0,Radial Velocity,W. M. Keck Observatory
Kepler-407 c,2014,1103.6,4000.0,Radial Velocity,W. M. Keck Observatory
MOA-2011-BLG-322L b,2013,24657.4,3690.0,Microlensing,MOA
CoRoT-27 b,2014,3295.1,3273.6,Transit,CoRoT
WASP-103 b,2014,1225.2,467.2,Transit,SuperWASP
KELT-6 b,2014,785.1,136.7,Transit,KELT
NGC 2682 YBP 1194 b,2014,2847.1,,Radial Velocity,Multiple Observatories
NGC 2682 YBP 1514 b,2014,2981.8,,Radial Velocity,Multiple Observatories
HD 154857 c,2014,206.9,,Radial Velocity,Anglo-Australian Telescope
Kepler-413 b,2014,2764.3,67.0,Transit,Kepler
HAT-P-49 b,2014,1142.7,562.6,Transit,HATNet
HD 4203 c,2014,265.4,,Radial Velocity,W. M. Keck Observatory
WASP-8 c,2013,293.4,,Radial Velocity,SuperWASP
WASP-68 b,2014,738.4,343.3,Transit,SuperWASP
WASP-73 b,2014,1032.9,597.5,Transit,SuperWASP
WASP-88 b,2014,1708.3,178.0,Transit,SuperWASP
WASP-95 b,2014,448.6,359.1,Transit,SuperWASP
WASP-96 b,2014,1149.6,149.4,Transit,SuperWASP
WASP-97 b,2014,492.7,432.2,Transit,SuperWASP
WASP-98 b,2014,918.9,263.8,Transit,SuperWASP
WASP-99 b,2014,517.5,889.9,Transit,SuperWASP
WASP-100 b,2014,1188.5,638.8,Transit,SuperWASP
WASP-101 b,2014,656.3,158.9,Transit,SuperWASP
CoRoT-25 b,2013,3599.1,85.8,Transit,CoRoT
CoRoT-26 b,2013,3408.9,165.3,Transit,CoRoT
MOA-bin-1L b,2012,16634.0,1200.0,Microlensing,MOA
HAT-P-44 b,2014,1134.5,111.9,Transit,HATNet
HAT-P-45 b,2014,974.0,283.5,Transit,HATNet
HAT-P-46 b,2014,948.3,156.7,Transit,HATNet
HAT-P-44 c,2014,1134.5,,Radial Velocity,W. M. Keck Observatory
HD 285507 b,2013,146.9,,Radial Velocity,Fred Lawrence Whipple Observatory
GU Psc b,2014,155.1,3591.3,Imaging,Gemini Observatory
HATS-5 b,2014,803.6,75.6,Transit,HATSouth
bet Cnc b,2014,290.4,,Radial Velocity,Bohyunsan Optical Astronomical Observatory
mu Leo b,2014,106.4,,Radial Velocity,Bohyunsan Optical Astronomical Observatory
bet UMi b,2014,126.5,,Radial Velocity,Bohyunsan Optical Astronomical Observatory
GJ 687 b,2014,14.8,,Radial Velocity,Lick Observatory
Kapteyn c,2014,12.8,,Radial Velocity,Multiple Observatories
HIP 105854 b,2014,256.5,,Radial Velocity,Multiple Observatories
CoRoT-24 b,2014,1929.4,5.7,Transit,CoRoT
CoRoT-24 c,2014,1929.4,28.0,Transit,CoRoT
OGLE-2008-BLG-355L b,2014,22178.6,1500.0,Microlensing,OGLE
Kepler-419 c,2014,3298.6,2320.1,Transit Timing Variations,Kepler
HATS-4 b,2014,1358.3,416.0,Transit,HATSouth
OGLE-2013-BLG-0341L B b,2014,3786.7,2.3,Microlensing,OGLE
XO-2 S b,2014,493.8,,Radial Velocity,Roque de los Muchachos Observatory
XO-2 S c,2014,493.8,,Radial Velocity,Roque de los Muchachos Observatory
HD 150706 b,2012,92.2,772.3,Radial Velocity,Haute-Provence Observatory
CoRoT-22 b,2014,2045.5,12.2,Transit,CoRoT
Kepler-412 b,2014,3542.8,294.6,Transit,Kepler
WASP-117 b,2014,515.2,87.6,Transit,SuperWASP
GJ 15 A b,2014,11.6,,Radial Velocity,W. M. Keck Observatory
WASP-104 b,2014,606.4,403.0,Transit,SuperWASP
WASP-106 b,2014,1148.7,606.7,Transit,SuperWASP
HD 14067 b,2014,463.2,4735.6,Radial Velocity,Okayama Astrophysical Observatory
HIP 67851 b,2015,209.1,,Radial Velocity,Multiple Observatories
HIP 67851 c,2015,209.1,2204.8,Radial Velocity,Multiple Observatories
HIP 97233 b,2014,333.6,7182.9,Radial Velocity,Multiple Observatories
WASP-94 A b,2014,688.9,143.7,Transit,SuperWASP
WASP-94 B b,2014,680.7,,Radial Velocity,SuperWASP
KIC 10001893 b,2014,5456.4,,Orbital Brightness Modulation,Kepler
KIC 10001893 c,2014,5456.4,,Orbital Brightness Modulation,Kepler
KIC 10001893 d,2014,5456.4,,Orbital Brightness Modulation,Kepler
Kepler-424 c,2014,2278.7,,Radial Velocity,McDonald Observatory
WASP-69 b,2014,162.9,82.6,Transit,SuperWASP
WASP-70 A b,2014,725.2,189.7,Transit,SuperWASP
WASP-84 b,2014,328.1,220.6,Transit,SuperWASP
TYC 1422-614-1 b,2014,2193.1,,Radial Velocity,Multiple Observatories
TYC 1422-614-1 c,2014,2193.1,,Radial Velocity,Multiple Observatories
OGLE-2008-BLG-092L b,2014,26418.6,57.0,Microlensing,OGLE
Kepler-289 d,2014,2297.6,4.0,Transit,Kepler
HD 5319 c,2014,396.0,,Radial Velocity,W. M. Keck Observatory
HD 10442 b,2014,441.5,,Radial Velocity,W. M. Keck Observatory
HD 75784 b,2014,278.6,,Radial Velocity,W. M. Keck Observatory
GJ 3293 b,2015,65.9,,Radial Velocity,La Silla Observatory
GJ 3293 c,2015,65.9,,Radial Velocity,La Silla Observatory
GJ 3341 b,2015,77.0,,Radial Velocity,La Silla Observatory
HIP 116454 b,2014,203.7,10.1,Transit,K2
HD 564 b,2014,166.9,,Radial Velocity,La Silla Observatory
HD 30669 b,2014,189.4,,Radial Velocity,La Silla Observatory
Kepler-755 b,2016,1301.5,,Transit,Kepler
HD 108341 b,2014,159.5,715.1,Radial Velocity,La Silla Observatory
HD 103720 b,2014,148.5,,Radial Velocity,La Silla Observatory
BD-11 4672 b,2014,88.6,,Radial Velocity,La Silla Observatory
OGLE-2013-BLG-0102L b,2014,10273.9,4400.0,Microlensing,OGLE
BD+49 828 b,2015,1441.7,,Radial Velocity,McDonald Observatory
HD 145934 b,2015,743.2,658.5,Radial Velocity,W. M. Keck Observatory
Kepler-445 d,2015,414.9,,Transit,Kepler
HD 95127 b,2015,2206.7,,Radial Velocity,McDonald Observatory
HD 216536 b,2015,1227.1,,Radial Velocity,McDonald Observatory
OGLE-2014-BLG-0124L b,2015,11415.5,206.6,Microlensing,OGLE
Kepler-1734 b,2021,4836.3,,Transit,Kepler
WASP-82 b,2015,899.1,394.1,Transit,SuperWASP
K2-3 b,2015,143.7,5.1,Transit,K2
K2-3 c,2015,143.7,3.3,Transit,K2
K2-3 d,2015,143.7,7.5,Transit,K2
OGLE-2011-BLG-0265L b,2015,11382.8,180.0,Microlensing,OGLE
WASP-20 b,2015,691.0,98.8,Transit,SuperWASP
HD 1605 b,2015,289.6,,Radial Velocity,Multiple Observatories
HD 1605 c,2015,289.6,,Radial Velocity,Multiple Observatories
HD 1666 b,2015,384.6,,Radial Velocity,Multiple Observatories
HD 67087 b,2015,249.6,,Radial Velocity,Multiple Observatories
Kepler-265 c,2014,4175.6,,Transit,Kepler
HD 67087 c,2015,249.6,,Radial Velocity,Multiple Observatories
CoRoT-28 b,2015,2499.0,153.8,Transit,CoRoT
CoRoT-29 b,2015,2630.5,267.0,Transit,CoRoT
HAT-P-54 b,2015,468.5,578.5,Transit,HATNet
HD 100546 b,2014,357.7,2701.5,Imaging,Paranal Observatory
Kepler-432 c,2015,2765.9,,Radial Velocity,Fred Lawrence Whipple Observatory
HATS-6 b,2015,552.2,101.4,Transit,HATSouth
HD 7924 c,2015,55.4,1762.7,Radial Velocity,W. M. Keck Observatory
HD 7924 d,2015,55.4,1568.2,Radial Velocity,W. M. Keck Observatory
HATS-9 b,2015,2083.2,266.0,Transit,HATSouth
HATS-10 b,2015,1744.6,167.2,Transit,HATSouth
alf Tau b,2015,66.6,,Radial Velocity,Multiple Observatories
2MASS J19383260+4603591 b,2015,1292.7,603.9,Eclipse Timing Variations,Kepler
MOA-2010-BLG-328L b,2013,4044.3,15.2,Microlensing,MOA
MOA-2011-BLG-262L b,2014,1826.5,0.5,Microlensing,MOA
HIP 65891 b,2015,490.2,1938.8,Radial Velocity,Multiple Observatories
HIP 107773 b,2015,343.1,,Radial Velocity,Multiple Observatories
KELT-7 b,2015,445.8,406.8,Transit,KELT
HAT-P-55 b,2015,1667.9,189.4,Transit,HATNet
HATS-8 b,2015,2591.8,46.1,Transit,HATSouth
WASP-74 b,2015,486.7,301.9,Transit,SuperWASP
WASP-83 b,2015,884.2,96.9,Transit,SuperWASP
WASP-89 b,2015,948.9,1875.2,Transit,SuperWASP
K2-4 b,2015,756.1,,Transit,K2
K2-5 b,2015,661.9,,Transit,K2
K2-5 c,2015,661.9,,Transit,K2
K2-6 b,2015,1033.3,,Transit,K2
K2-7 b,2015,2408.8,,Transit,K2
K2-8 b,2015,1316.1,,Transit,K2
K2-9 b,2015,270.6,,Transit,K2
K2-19 b,2015,945.3,28.5,Transit,K2
K2-19 c,2015,945.3,25.6,Transit,K2
K2-10 b,2015,888.3,25.2,Transit,K2
K2-11 b,2015,1074.1,,Transit,K2
K2-12 b,2015,1064.5,5.2,Transit,K2
K2-13 b,2015,1116.7,,Transit,K2
K2-14 b,2015,1187.4,,Transit,K2
K2-15 b,2015,1611.2,,Transit,K2
K2-16 b,2015,1092.5,,Transit,K2
K2-16 c,2015,1092.5,,Transit,K2
K2-17 b,2015,408.0,,Transit,K2
K2-18 b,2015,124.0,7.2,Transit,K2
HAT-P-56 b,2015,1045.8,734.2,Transit,HATNet
HD 219134 b,2015,21.3,4.7,Radial Velocity,Roque de los Muchachos Observatory
HD 219134 c,2015,21.3,4.4,Radial Velocity,Roque de los Muchachos Observatory
HD 219134 d,2015,21.3,16.2,Radial Velocity,Roque de los Muchachos Observatory
HATS-13 b,2015,1375.9,172.6,Transit,HATSouth
HATS-14 b,2015,1673.2,340.4,Transit,HATSouth
OGLE-2012-BLG-0563L b,2015,4240.0,123.0,Microlensing,OGLE
51 Eri b,2015,97.1,3464.3,Imaging,Gemini Observatory
KELT-8 b,2015,644.4,275.6,Transit,KELT
KELT-6 c,2015,785.1,,Radial Velocity,Multiple Observatories
HD 164595 b,2015,92.2,,Radial Velocity,Haute-Provence Observatory
K2-21 b,2015,272.8,,Transit,K2
K2-21 c,2015,272.8,,Transit,K2
K2-22 b,2015,795.3,445.0,Transit,K2
WASP-47 c,2015,863.6,447.0,Radial Velocity,La Silla Observatory
WASP-47 d,2015,863.6,13.3,Transit,K2
WASP-47 e,2015,863.6,7.1,Transit,K2
WASP-41 c,2015,532.8,,Radial Velocity,La Silla Observatory
HD 11755 b,2015,766.6,,Radial Velocity,Bohyunsan Optical Astronomical Observatory
HD 12648 b,2015,594.2,,Radial Velocity,Bohyunsan Optical Astronomical Observatory
HD 24064 b,2015,979.3,,Radial Velocity,Bohyunsan Optical Astronomical Observatory
8 UMi b,2015,530.2,,Radial Velocity,Bohyunsan Optical Astronomical Observatory
Kepler-453 b,2015,1444.4,16.0,Transit,Kepler
HAT-P-57 b,2015,912.8,448.1,Transit,HATNet
GJ 1132 b,2015,41.1,1.8,Transit,Cerro Tololo Inter-American Observatory
Kepler-757 b,2016,3485.6,,Transit,Kepler
HAT-P-50 b,2015,1681.2,431.9,Transit,HATNet
HAT-P-51 b,2015,1435.4,98.8,Transit,HATNet
HAT-P-52 b,2015,1177.9,259.7,Transit,HATNet
HAT-P-53 b,2015,2174.8,469.4,Transit,HATNet
HD 175607 b,2015,131.5,2456.2,Radial Velocity,La Silla Observatory
HD 219134 f,2015,21.3,7.3,Radial Velocity,Multiple Observatories
HD 219134 g,2015,21.3,,Radial Velocity,Multiple Observatories
HD 219134 h,2015,21.3,,Radial Velocity,Roque de los Muchachos Observatory
WASP-135 b,2015,972.6,603.9,Transit,SuperWASP
LkCa 15 c,2015,515.8,,Imaging,Large Binocular Telescope Observatory
Kepler-758 b,2016,4899.9,,Transit,Kepler
Kepler-454 c,2015,753.0,,Radial Velocity,Multiple Facilities
HD 95872 b,2015,235.5,,Radial Velocity,Multiple Facilities
psi1 Dra B b,2015,74.1,,Radial Velocity,McDonald Observatory
Wolf 1061 b,2015,14.0,,Radial Velocity,La Silla Observatory
Wolf 1061 c,2015,14.0,,Radial Velocity,La Silla Observatory
Wolf 1061 d,2015,14.0,,Radial Velocity,La Silla Observatory
KIC 3558849 b,2015,3965.1,,Transit,Kepler
KIC 8540376 b,2015,3497.4,,Transit,Kepler
KIC 8540376 c,2015,3497.4,,Transit,Kepler
Kepler-759 b,2016,3501.2,,Transit,Kepler
KIC 10525077 b,2015,4765.6,,Transit,Kepler
K2-25 b,2015,146.6,24.5,Transit,K2
HD 32963 b,2015,124.2,657.9,Radial Velocity,W. M. Keck Observatory
HD 33844 b,2015,345.0,,Radial Velocity,Anglo-Australian Telescope
HD 33844 c,2015,345.0,,Radial Velocity,Anglo-Australian Telescope
K2-26 b,2016,323.1,,Transit,K2
WASP-76 b,2016,634.2,292.4,Transit,SuperWASP
WASP-90 b,2016,1521.3,200.2,Transit,SuperWASP
HD 5583 b,2016,715.0,,Radial Velocity,Roque de los Muchachos Observatory
BD+15 2375 b,2016,2505.0,,Radial Velocity,Roque de los Muchachos Observatory
Pr0211 c,2016,595.9,,Radial Velocity,Roque de los Muchachos Observatory
HD 143105 b,2016,152.6,,Radial Velocity,Haute-Provence Observatory
HIP 109600 b,2016,216.4,,Radial Velocity,Haute-Provence Observatory
HD 35759 b,2016,232.4,,Radial Velocity,Haute-Provence Observatory
HIP 109384 b,2016,192.3,,Radial Velocity,Haute-Provence Observatory
HD 220842 b,2016,210.9,,Radial Velocity,Haute-Provence Observatory
HD 12484 b,2016,157.7,,Radial Velocity,Haute-Provence Observatory
HIP 65407 b,2016,201.5,,Radial Velocity,Haute-Provence Observatory
HIP 65407 c,2016,201.5,,Radial Velocity,Haute-Provence Observatory
HD 141399 b,2014,120.7,,Radial Velocity,Multiple Observatories
HD 141399 c,2014,120.7,,Radial Velocity,Multiple Observatories
HD 141399 d,2014,120.7,,Radial Velocity,Multiple Observatories
HD 141399 e,2014,120.7,,Radial Velocity,Multiple Observatories
KELT-4 A b,2016,711.2,286.0,Transit,KELT
HIP 8541 b,2016,505.9,1811.6,Radial Velocity,Multiple Observatories
HIP 74890 b,2016,256.5,,Radial Velocity,Multiple Observatories
KELT-14 b,2016,815.8,380.1,Transit,KELT-South
KELT-15 b,2016,1059.0,416.4,Transit,KELT-South
OGLE-2015-BLG-0966L b,2016,8153.9,21.0,Microlensing,OGLE
K2-29 b,2016,582.1,194.8,Transit,K2
HATS-17 b,2016,1305.7,425.3,Transit,HATSouth
MOA-2011-BLG-028L b,2016,24070.3,30.0,Microlensing,MOA
TYC 3667-1280-1 b,2016,1557.4,,Radial Velocity,McDonald Observatory
K2-30 b,2016,1086.2,184.0,Transit,K2
KELT-10 b,2016,614.5,215.8,Transit,KELT-South
OGLE-2012-BLG-0724L b,2016,21852.5,150.0,Microlensing,OGLE
K2-34 b,2016,1137.1,539.7,Transit,K2
WASP-119 b,2016,986.5,390.9,Transit,SuperWASP-South
WASP-124 b,2016,1463.3,183.4,Transit,SuperWASP-South
WASP-126 b,2016,706.2,89.0,Transit,SuperWASP-South
WASP-129 b,2016,983.2,317.8,Transit,SuperWASP-South
WASP-133 b,2016,1823.5,368.7,Transit,SuperWASP-South
Kepler-539 c,2016,1002.3,762.8,Transit Timing Variations,Kepler
HD 191806 b,2016,214.2,2966.6,Radial Velocity,Haute-Provence Observatory
HD 214823 b,2016,330.6,5914.8,Radial Velocity,Haute-Provence Observatory
HD 221585 b,2016,182.2,,Radial Velocity,Haute-Provence Observatory
Kepler-1647 b,2016,3954.5,483.0,Transit,Kepler
MOA-2013-BLG-605L b,2016,2804.9,3.2,Microlensing,MOA
HD 219828 c,2016,238.5,5102.4,Radial Velocity,Multiple Facilities
WASP-120 b,2016,1243.2,1541.5,Transit,SuperWASP
WASP-123 b,2016,645.8,285.7,Transit,SuperWASP
HATS-25 b,2016,1536.7,194.8,Transit,HATSouth
HATS-26 b,2016,2811.0,206.6,Transit,HATSouth
HATS-27 b,2016,2664.7,168.4,Transit,HATSouth
HATS-28 b,2016,1746.2,213.6,Transit,HATSouth
HATS-29 b,2016,1154.2,207.5,Transit,HATSouth
HATS-30 b,2016,1115.9,224.4,Transit,HATSouth
Kepler-502 b,2016,5189.3,,Transit,Kepler
WASP-121 b,2016,880.3,371.9,Transit,SuperWASP
MOA-2010-BLG-353L b,2015,20971.8,86.0,Microlensing,MOA
V830 Tau b,2016,424.4,222.5,Radial Velocity,Multiple Observatories
HATS-15 b,2016,3716.7,689.7,Transit,HATSouth
HATS-16 b,2016,2469.1,1039.3,Transit,HATSouth
WASP-157 b,2016,1089.5,182.4,Transit,SuperWASP
K2-38 b,2016,628.5,6.0,Transit,K2
K2-38 c,2016,628.5,8.3,Transit,K2
HIP 41378 b,2016,346.7,6.9,Transit,K2
HIP 41378 c,2016,346.7,4.4,Transit,K2
HIP 41378 d,2016,346.7,4.6,Transit,K2
HIP 41378 e,2016,346.7,12.0,Transit,K2
HIP 41378 f,2016,346.7,12.0,Transit,K2
NGC 2682 YBP 401 b,2016,2709.8,,Radial Velocity,La Silla Observatory
WASP-113 b,2016,1419.3,151.0,Transit,SuperWASP-North
WASP-114 b,2016,1706.9,562.2,Transit,SuperWASP-North
OGLE-2015-BLG-0954L b,2016,1956.9,1200.0,Microlensing,KMTNet
GJ 3998 b,2016,59.2,,Radial Velocity,Roque de los Muchachos Observatory
GJ 3998 c,2016,59.2,,Radial Velocity,Roque de los Muchachos Observatory
BD+20 594 b,2016,585.3,22.2,Transit,K2
Kepler-760 b,2016,2584.3,,Transit,Kepler
KIC 7917485 b,2016,4510.4,,Pulsation Timing Variations,Kepler
HD 87646 b,2016,240.0,,Radial Velocity,Apache Point Observatory
Proxima Cen b,2016,4.2,,Radial Velocity,European Southern Observatory
K2-95 b,2016,586.6,,Transit,K2
HD 3167 b,2016,154.2,5.0,Transit,K2
HD 3167 c,2016,154.2,9.8,Transit,K2
HD 133131 A b,2016,167.9,,Radial Velocity,Las Campanas Observatory
HD 133131 A c,2016,167.9,,Radial Velocity,Las Campanas Observatory
HD 133131 B b,2016,167.3,,Radial Velocity,Las Campanas Observatory
HR 2562 b,2016,110.9,6992.2,Imaging,Gemini Observatory
Kepler-266 b,2014,4470.9,,Transit,Kepler
KELT-17 b,2016,738.7,416.4,Transit,KELT
WASP-92 b,2016,1878.3,255.9,Transit,SuperWASP
WASP-93 b,2016,1207.7,467.2,Transit,SuperWASP
WASP-118 b,2016,1228.5,165.3,Transit,SuperWASP
HD 111998 b,2016,108.4,1525.6,Radial Velocity,La Silla Observatory
HAT-P-65 b,2016,2408.7,167.5,Transit,HATNet
HAT-P-66 b,2016,3051.0,248.9,Transit,HATNet
OGLE-2007-BLG-349L AB c,2016,9001.9,80.0,Microlensing,OGLE
HATS-11 b,2016,3080.9,263.8,Transit,HATSouth
HATS-12 b,2016,2433.6,759.6,Transit,HATSouth
GJ 676 A c,2016,52.3,4288.1,Radial Velocity,Paranal Observatory
OGLE-2015-BLG-0051L b,2016,26744.8,230.0,Microlensing,OGLE
Kepler-56 d,2016,2977.8,,Radial Velocity,Multiple Observatories
HD 42618 b,2016,79.4,,Radial Velocity,Multiple Observatories
HD 164922 c,2016,71.8,,Radial Velocity,Multiple Observatories
rho CrB c,2016,57.0,,Radial Velocity,Multiple Observatories
HATS-18 b,2016,2036.4,629.1,Transit,Multiple Observatories
OGLE-2012-BLG-0950L b,2016,9458.5,31.0,Microlensing,OGLE
OGLE-2014-BLG-1760L b,2016,23013.6,295.9,Microlensing,OGLE
HD 9174 b,2016,265.8,,Radial Velocity,Multiple Observatories
Kepler-761 b,2016,2709.4,,Transit,Kepler
HD 68402 b,2016,255.8,2510.8,Radial Velocity,Multiple Observatories
HD 72892 b,2016,227.4,,Radial Velocity,Multiple Observatories
HD 128356 b,2016,85.3,,Radial Velocity,Multiple Observatories
HD 147873 b,2016,355.7,,Radial Velocity,Multiple Observatories
HD 147873 c,2016,355.7,,Radial Velocity,Multiple Observatories
HD 165155 b,2016,206.6,,Radial Velocity,Multiple Observatories
HD 224538 b,2016,257.9,2075.7,Radial Velocity,Multiple Observatories
2MASS J22362452+4751425 b,2016,226.9,3972.9,Imaging,W. M. Keck Observatory
GJ 536 b,2016,34.0,,Radial Velocity,La Silla Observatory
WASP-130 b,2016,561.8,397.3,Transit,SuperWASP-South
WASP-131 b,2016,652.6,86.8,Transit,SuperWASP-South
WASP-132 b,2016,400.9,136.0,Transit,SuperWASP-South
WASP-139 b,2016,693.0,37.2,Transit,SuperWASP-South
WASP-140 b,2016,383.6,775.5,Transit,SuperWASP-South
WASP-141 b,2016,1684.7,855.0,Transit,SuperWASP-South
WASP-142 b,2016,2384.0,267.0,Transit,SuperWASP-South
HATS-31 b,2016,2524.4,279.7,Transit,HATSouth
HATS-32 b,2016,2430.2,292.4,Transit,HATSouth
HATS-33 b,2016,810.4,378.9,Transit,HATSouth
HATS-34 b,2016,1659.6,299.1,Transit,HATSouth
Kepler-418 b,2014,3269.8,349.6,Transit,Kepler
HATS-35 b,2016,1678.3,388.4,Transit,HATSouth
HD 86950 b,2016,684.4,,Radial Velocity,Multiple Observatories
HD 222076 b,2016,297.3,,Radial Velocity,Multiple Observatories
WASP-127 b,2016,520.2,52.3,Transit,SuperWASP
WASP-136 b,2016,898.8,479.9,Transit,SuperWASP
WASP-138 b,2016,1351.0,387.8,Transit,SuperWASP
K2-101 b,2016,614.2,,Transit,K2
K2-102 b,2016,613.7,,Transit,K2
EPIC 211822797 b,2016,607.3,,Transit,K2
OGLE-2014-BLG-0676L b,2016,8708.4,1169.6,Microlensing,OGLE
XO-6 b,2016,768.0,1398.5,Transit,XO
HD 30177 c,2016,181.3,1484.3,Radial Velocity,Multiple Observatories
EPIC 220674823 b,2016,797.7,8.5,Transit,K2
EPIC 220674823 c,2016,797.7,8.9,Transit,K2
K2-107 b,2017,2234.8,267.0,Transit,K2
WASP-53 b,2017,656.7,677.6,Transit,Multiple Facilities
WASP-53 c,2017,656.7,,Radial Velocity,Multiple Facilities
WASP-81 b,2017,1299.7,231.7,Transit,Multiple Facilities
TAP 26 b,2017,396.0,,Radial Velocity,Multiple Facilities
KELT-16 b,2017,1450.0,861.3,Transit,KELT
HD 106315 b,2017,356.7,10.5,Transit,K2
HD 106315 c,2017,356.7,12.0,Transit,K2
HD 17674 b,2017,144.9,,Radial Velocity,Haute-Provence Observatory
HD 42012 b,2017,120.0,,Radial Velocity,Haute-Provence Observatory
HD 29021 b,2017,101.1,1420.7,Radial Velocity,Haute-Provence Observatory
HATS-22 b,2017,748.6,870.9,Transit,HATSouth
Kepler-474 b,2016,2744.6,,Transit,Kepler
HATS-23 b,2017,2084.1,467.2,Transit,HATSouth
HATS-24 b,2017,1611.8,775.5,Transit,HATSouth
Kepler-20 g,2016,921.6,,Radial Velocity,Multiple Observatories
NGC 2682 Sand 978 b,2017,2680.7,,Radial Velocity,Multiple Observatories
GJ 3138 b,2017,92.9,,Radial Velocity,La Silla Observatory
GJ 3138 c,2017,92.9,,Radial Velocity,La Silla Observatory
GJ 3138 d,2017,92.9,,Radial Velocity,La Silla Observatory
GJ 3323 b,2017,17.5,,Radial Velocity,La Silla Observatory
GJ 3323 c,2017,17.5,,Radial Velocity,La Silla Observatory
GJ 273 b,2017,19.3,,Radial Velocity,La Silla Observatory
Kepler-768 b,2016,2558.9,,Transit,Kepler
GJ 273 c,2017,19.3,,Radial Velocity,La Silla Observatory
GJ 3293 d,2017,65.9,,Radial Velocity,La Silla Observatory
GJ 3293 e,2017,65.9,,Radial Velocity,La Silla Observatory
HAT-P-67 b,2017,1212.3,108.1,Transit,HATNet
Kepler-19 d,2017,712.9,22.5,Radial Velocity,Roque de los Muchachos Observatory
Kepler-150 f,2017,2906.4,,Transit,Kepler
Qatar-3 b,2017,2399.2,1369.8,Transit,Qatar
Qatar-4 b,2017,1073.2,1938.8,Transit,Qatar
Qatar-5 b,2017,1199.1,1373.0,Transit,Qatar
LHS 1140 b,2017,48.9,6.4,Transit,MEarth Project
HIP 67537 b,2017,378.5,4354.2,Radial Velocity,Multiple Observatories
KELT-18 b,2017,1048.2,375.0,Transit,KELT-North
KELT-12 b,2017,1200.4,301.9,Transit,KELT-North
KELT-11 b,2017,323.4,65.2,Transit,KELT-South
OGLE-2016-BLG-1195L b,2017,12752.7,1.4,Microlensing,OGLE
MOA-2016-BLG-227L b,2017,22504.8,1500.0,Microlensing,MOA
KELT-9 b,2017,666.8,915.3,Transit,KELT-North
HD 3167 d,2017,154.2,7.3,Radial Velocity,Multiple Observatories
HD 20794 e,2017,19.6,,Radial Velocity,La Silla Observatory
HD 27894 c,2017,142.9,,Radial Velocity,La Silla Observatory
HD 27894 d,2017,142.9,2063.7,Radial Velocity,La Silla Observatory
BD+03 2562 b,2017,3491.9,,Radial Velocity,Multiple Observatories
HD 177565 b,2017,55.2,,Radial Velocity,La Silla Observatory
MOA-2012-BLG-505L b,2017,23515.8,6.7,Microlensing,MOA
TYC 4282-00605-1 b,2017,1513.8,,Radial Velocity,Roque de los Muchachos Observatory
HIP 65426 b,2017,355.1,2860.5,Imaging,Paranal Observatory
WASP-167 b,2017,1381.4,2542.6,Transit,Multiple Observatories
K2-113 b,2017,2073.4,410.0,Transit,K2
tau Cet g,2017,11.8,,Radial Velocity,Multiple Observatories
tau Cet h,2017,11.8,,Radial Velocity,Multiple Observatories
tau Cet f,2017,11.8,,Radial Velocity,Multiple Observatories
WASP-91 b,2017,489.0,425.9,Transit,SuperWASP-South
WASP-105 b,2017,552.1,572.1,Transit,SuperWASP-South
WASP-107 b,2017,211.2,30.6,Transit,SuperWASP-South
YZ Cet b,2017,12.1,,Radial Velocity,La Silla Observatory
YZ Cet c,2017,12.1,,Radial Velocity,La Silla Observatory
YZ Cet d,2017,12.1,,Radial Velocity,La Silla Observatory
MOA-2012-BLG-006L b,2017,17286.3,2700.0,Microlensing,Multiple Observatories
CoRoT-32 b,2018,1880.9,47.7,Transit,CoRoT
OGLE-2016-BLG-0263L b,2017,21200.1,1300.0,Microlensing,OGLE
GJ 625 b,2017,21.1,,Radial Velocity,Multiple Observatories
HD 208897 b,2017,220.1,,Radial Velocity,Multiple Observatories
K2-117 c,2017,331.5,,Transit,K2
K2-118 b,2017,1049.3,,Transit,K2
K2-125 b,2017,404.9,,Transit,K2
K2-128 b,2017,373.9,,Transit,K2
K2-129 b,2017,90.7,,Transit,K2
K2-130 b,2017,384.9,,Transit,K2
K2-131 b,2017,497.4,6.5,Transit,K2
GJ 1148 c,2017,35.9,,Radial Velocity,Calar Alto Observatory
K2-132 b,2017,1989.0,155.7,Transit,K2
K2-133 b,2017,245.2,,Transit,K2
K2-133 c,2017,245.2,,Transit,K2
K2-133 d,2017,245.2,,Transit,K2
WASP-151 b,2017,1477.8,98.5,Transit,SuperWASP-South
WASP-153 b,2017,1990.1,124.0,Transit,SuperWASP
WASP-156 b,2017,398.1,42.0,Transit,SuperWASP
OGLE-2013-BLG-0132L b,2017,12720.1,92.0,Microlensing,OGLE
OGLE-2013-BLG-1721L b,2017,20547.8,200.0,Microlensing,OGLE
HD 34445 c,2017,150.3,,Radial Velocity,Multiple Observatories
HD 34445 d,2017,150.3,,Radial Velocity,Multiple Observatories
HD 34445 e,2017,150.3,,Radial Velocity,Multiple Observatories
HD 34445 f,2017,150.3,,Radial Velocity,Multiple Observatories
HD 34445 g,2017,150.3,,Radial Velocity,Multiple Observatories
MASCARA-1 b,2017,594.5,1176.0,Transit,Multiple Observatories
GJ 9827 b,2017,96.7,4.9,Transit,K2
GJ 9827 c,2017,96.7,1.9,Transit,K2
GJ 9827 d,2017,96.7,3.0,Transit,K2
KELT-20 b,2017,445.0,1074.9,Transit,KELT-North
NGTS-1 b,2017,711.4,258.1,Transit,Next-Generation Transit Survey (NGTS)
K2-136 b,2017,193.2,4.3,Transit,K2
K2-136 c,2017,193.2,18.1,Transit,K2
K2-136 d,2017,193.2,3.0,Transit,K2
K2-137 b,2017,322.5,158.9,Transit,K2
Ross 128 b,2017,11.0,,Radial Velocity,La Silla Observatory
HD 76920 b,2017,600.2,,Radial Velocity,Multiple Observatories
HD 40956 b,2017,380.3,,Radial Velocity,Multiple Observatories
HD 111591 b,2017,372.4,,Radial Velocity,Multiple Observatories
HD 113996 b,2017,379.4,,Radial Velocity,Bohyunsan Optical Astronomical Observatory
OGLE-2016-BLG-1190L b,2017,22080.8,4253.0,Microlensing,OGLE
OGLE-2016-BLG-0613L AB b,2017,10404.4,871.0,Microlensing,OGLE
K2-139 b,2017,501.8,123.0,Transit,K2
Kepler-80 g,2017,1205.0,0.1,Transit,Kepler
Kepler-90 i,2017,2766.6,,Transit,Kepler
K2-18 c,2017,124.0,,Radial Velocity,La Silla Observatory
HD 176986 b,2017,90.6,1487.8,Radial Velocity,Multiple Observatories
HD 176986 c,2017,90.6,2098.0,Radial Velocity,Multiple Observatories
GJ 3942 b,2017,55.2,,Radial Velocity,Roque de los Muchachos Observatory
Kepler-500 b,2016,2633.6,,Transit,Kepler
Kepler-269 b,2014,7362.4,,Transit,Kepler
PSR J2322-2650 b,2017,750.2,,Pulsar Timing,Parkes Observatory
K2-140 b,2017,1134.8,323.9,Transit,K2
HD 147379 b,2017,35.1,,Radial Velocity,Calar Alto Observatory
HATS-50 b,2017,2468.2,124.0,Transit,HATSouth
HATS-51 b,2017,1270.6,244.1,Transit,HATSouth
HATS-52 b,2017,1810.6,711.9,Transit,HATSouth
HATS-53 b,2017,1910.5,189.1,Transit,HATSouth
K2-138 b,2017,660.7,3.1,Transit,K2
K2-138 c,2017,660.7,6.3,Transit,K2
K2-138 d,2017,660.7,7.9,Transit,K2
Kepler-775 b,2016,1300.3,,Transit,Kepler
K2-138 e,2017,660.7,14.1,Transit,K2
K2-138 f,2017,660.7,1.6,Transit,K2
KELT-19 A b,2017,979.4,1293.6,Transit,KELT
K2-141 b,2018,201.8,5.0,Transit,K2
K2-141 c,2018,201.8,7.4,Transit,K2
HD 238914 b,2018,1694.2,,Radial Velocity,Multiple Observatories
TYC 3318-01333-1 b,2018,1600.2,,Radial Velocity,Multiple Observatories
BD+48 740 b,2018,2174.1,,Radial Velocity,Multiple Observatories
K2-147 b,2018,295.3,,Transit,K2
K2-148 b,2018,405.9,,Transit,K2
Kepler-776 b,2016,2374.1,,Transit,Kepler
K2-148 c,2018,405.9,,Transit,K2
K2-148 d,2018,405.9,,Transit,K2
K2-149 b,2018,403.4,,Transit,K2
K2-150 b,2018,334.3,,Transit,K2
K2-152 b,2018,353.7,,Transit,K2
K2-153 b,2018,466.8,,Transit,K2
K2-154 b,2018,421.9,,Transit,K2
K2-154 c,2018,421.9,,Transit,K2
K2-155 b,2018,237.4,,Transit,K2
K2-155 c,2018,237.4,,Transit,K2
K2-155 d,2018,237.4,,Transit,K2
KELT-21 b,2018,1535.8,1242.7,Transit,KELT-North
HD 215152 d,2018,70.4,770.4,Radial Velocity,La Silla Observatory
HD 215152 e,2018,70.4,975.4,Radial Velocity,La Silla Observatory
TCP J05074264+2447555 b,2018,1647.1,20.0,Microlensing,Multiple Observatories
Kepler-1654 b,2018,1852.9,158.9,Transit,Kepler
UKIRT-2017-BLG-001L b,2018,20547.8,407.0,Microlensing,Mauna Kea Observatory
OGLE-2017-BLG-0173L b,2018,16356.7,7.6,Microlensing,OGLE
MOA-2010-BLG-117L b,2018,11415.5,170.0,Microlensing,MOA
K2-232 b,2018,426.4,123.0,Transit,K2
K2-231 b,2018,1047.7,,Transit,K2
HATS-39 b,2018,2865.3,200.2,Transit,HATSouth
HATS-40 b,2018,4378.0,505.3,Transit,HATSouth
HATS-41 b,2018,2405.9,3083.0,Transit,HATSouth
HATS-42 b,2018,2610.5,597.5,Transit,HATSouth
OGLE-2017-BLG-1522L b,2018,24429.1,240.0,Microlensing,OGLE
HD 158996 b,2018,925.2,,Radial Velocity,Bohyunsan Optical Astronomical Observatory
KPS-1 b,2018,856.8,346.4,Transit,Acton Sky Portal Observatory
K2-233 b,2018,220.2,11.3,Transit,K2
K2-233 c,2018,220.2,12.8,Transit,K2
K2-233 d,2018,220.2,10.3,Transit,K2
OGLE-2017-BLG-0373L b,2018,19292.1,127.0,Microlensing,OGLE
gam Lib b,2018,154.6,,Radial Velocity,Okayama Astrophysical Observatory
gam Lib c,2018,154.6,,Radial Velocity,Okayama Astrophysical Observatory
24 Boo b,2018,313.1,,Radial Velocity,Okayama Astrophysical Observatory
OGLE-2017-BLG-1434L b,2018,2804.9,4.5,Microlensing,OGLE
HATS-43 b,2018,1181.6,83.0,Transit,HATSouth
HATS-44 b,2018,1454.8,178.0,Transit,HATSouth
HATS-45 b,2018,2518.3,222.5,Transit,HATSouth
HATS-46 b,2018,1480.1,55.0,Transit,HATSouth
HATS-7 b,2015,785.1,38.1,Transit,HATSouth
HD 47366 b,2016,275.1,,Radial Velocity,Okayama Astrophysical Observatory
HD 47366 c,2016,275.1,,Radial Velocity,Okayama Astrophysical Observatory
NGTS-3 A b,2018,2426.5,756.4,Transit,Next-Generation Transit Survey (NGTS)
HD 89345 b,2018,431.7,35.0,Transit,K2
K2-239 b,2018,101.4,,Transit,K2
K2-239 c,2018,101.4,,Transit,K2
K2-239 d,2018,101.4,,Transit,K2
K2-240 b,2018,237.8,,Transit,K2
K2-240 c,2018,237.8,,Transit,K2
OGLE-2017-BLG-0482L b,2018,18917.0,9.0,Microlensing,OGLE
K2-237 b,2018,1027.4,434.2,Transit,K2
K2-238 b,2018,1754.6,273.3,Transit,K2
OGLE-2014-BLG-1722L b,2018,20874.0,55.3,Microlensing,OGLE
OGLE-2014-BLG-1722L c,2018,20874.0,83.7,Microlensing,OGLE
GJ 1132 c,2018,41.1,,Radial Velocity,La Silla Observatory
HAT-P-11 c,2018,123.2,851.8,Radial Velocity,W. M. Keck Observatory
K2-241 b,2018,487.5,,Transit,K2
K2-242 b,2018,356.3,,Transit,K2
K2-158 c,2018,643.5,,Transit,K2
K2-243 b,2018,870.4,,Transit,K2
K2-243 c,2018,870.4,,Transit,K2
K2-245 b,2018,1487.5,,Transit,K2
K2-246 b,2018,2294.9,,Transit,K2
K2-247 b,2018,841.9,,Transit,K2
K2-247 c,2018,841.9,,Transit,K2
K2-248 b,2018,1325.0,,Transit,K2
K2-249 b,2018,1701.6,,Transit,K2
K2-250 b,2018,1352.6,,Transit,K2
K2-251 b,2018,479.5,,Transit,K2
K2-252 b,2018,746.4,,Transit,K2
K2-253 b,2018,2859.0,,Transit,K2
K2-254 b,2018,742.9,,Transit,K2
K2-254 c,2018,742.9,,Transit,K2
K2-255 b,2018,624.9,,Transit,K2
K2-257 b,2018,208.8,,Transit,K2
K2-258 b,2018,2158.7,,Transit,K2
IC 4651 9122 b,2018,2802.7,,Radial Velocity,La Silla Observatory
Kepler-128 b,2013,1292.8,30.7,Transit,Kepler
CoRoT-20 c,2018,2753.0,,Radial Velocity,Multiple Observatories
K2-260 b,2018,2165.1,546.7,Transit,K2
K2-261 b,2018,695.6,69.0,Transit,K2
WASP-174 b,2018,1337.7,413.2,Transit,SuperWASP-South
Wolf 503 b,2018,145.2,6.3,Transit,K2
K2-264 b,2018,605.4,,Transit,K2
K2-264 c,2018,605.4,,Transit,K2
HD 55696 b,2018,254.3,1357.1,Radial Velocity,W. M. Keck Observatory
HD 98736 b,2018,105.8,,Radial Velocity,W. M. Keck Observatory
HD 148164 b,2018,251.8,,Radial Velocity,W. M. Keck Observatory
HD 148164 c,2018,251.8,,Radial Velocity,W. M. Keck Observatory
HD 211810 b,2018,210.8,,Radial Velocity,W. M. Keck Observatory
HD 75784 c,2018,278.6,,Radial Velocity,W. M. Keck Observatory
NGTS-2 b,2018,1162.4,235.2,Transit,Next-Generation Transit Survey (NGTS)
EPIC 246851721 b,2018,1215.4,953.5,Transit,K2
K2-266 b,2018,253.0,,Transit,K2
K2-266 c,2018,253.0,,Transit,K2
K2-266 d,2018,253.0,8.9,Transit,K2
K2-266 e,2018,253.0,14.3,Transit,K2
K2-268 b,2018,1069.1,,Transit,K2
WASP-144 b,2018,1159.5,139.8,Transit,SuperWASP-South
WASP-145 A b,2018,297.8,282.9,Transit,SuperWASP-South
WASP-158 b,2018,1712.3,886.7,Transit,SuperWASP-South
WASP-159 b,2018,2333.3,174.8,Transit,SuperWASP-South
WASP-162 b,2018,1013.8,1652.7,Transit,SuperWASP-South
WASP-168 b,2018,991.3,133.5,Transit,SuperWASP-South
WASP-172 b,2018,1755.1,149.4,Transit,SuperWASP-South
WASP-173 A b,2018,759.9,1172.8,Transit,SuperWASP-South
OGLE-2011-BLG-0173L b,2018,19895.5,60.0,Microlensing,OGLE
WASP-147 b,2018,1422.4,87.4,Transit,SuperWASP-South
WASP-160 B b,2018,940.4,88.4,Transit,SuperWASP-South
WASP-164 b,2018,1068.2,677.0,Transit,SuperWASP-South
WASP-165 b,2018,1964.2,209.1,Transit,SuperWASP-South
OGLE-2013-BLG-1761L b,2017,22504.8,860.0,Microlensing,OGLE
GJ 96 b,2018,38.9,,Radial Velocity,Haute-Provence Observatory
KMT-2016-BLG-1820L b,2018,20417.4,1450.0,Microlensing,KMTNet
KMT-2016-BLG-2142L b,2018,22863.5,4923.0,Microlensing,KMTNet
Kepler-777 b,2016,1445.2,,Transit,Kepler
MOA-2015-BLG-337L b,2018,23157.1,33.7,Microlensing,MOA
KMT-2016-BLG-1397L b,2018,21526.3,2200.0,Microlensing,KMTNet
pi Men c,2018,59.6,4.5,Transit,Transiting Exoplanet Survey Satellite (TESS)
K2-284 b,2018,349.9,,Transit,K2
MOA-2016-BLG-319L b,2018,22178.6,210.0,Microlensing,MOA
MOA-2011-BLG-291L b,2018,22830.9,27.0,Microlensing,MOA
GJ 317 c,2016,49.6,,Radial Velocity,W. M. Keck Observatory
HD 33142 c,2016,395.9,,Radial Velocity,W. M. Keck Observatory
HD 95089 c,2016,446.7,,Radial Velocity,W. M. Keck Observatory
HD 99706 c,2016,478.1,,Radial Velocity,W. M. Keck Observatory
Kepler-778 b,2016,3059.9,,Transit,Kepler
HD 102329 c,2016,708.1,,Radial Velocity,W. M. Keck Observatory
HD 116029 c,2016,402.0,,Radial Velocity,W. M. Keck Observatory
HD 156279 c,2016,118.1,3098.8,Radial Velocity,W. M. Keck Observatory
HD 114783 c,2016,68.7,603.9,Radial Velocity,W. M. Keck Observatory
HATS-59 b,2018,2096.8,256.2,Transit,HATSouth
HATS-59 c,2018,2096.8,,Radial Velocity,HATSouth
GJ 3779 b,2018,44.8,,Radial Velocity,Calar Alto Observatory
GJ 1265 b,2018,33.4,,Radial Velocity,Calar Alto Observatory
LHS 1140 c,2018,48.9,1.8,Transit,Multiple Observatories
HD 13167 b,2018,485.8,,Radial Velocity,W. M. Keck Observatory
HD 14787 b,2018,388.6,,Radial Velocity,W. M. Keck Observatory
HD 18015 b,2018,403.8,1048.8,Radial Velocity,W. M. Keck Observatory
HD 72490 b,2018,412.1,,Radial Velocity,W. M. Keck Observatory
HD 94834 b,2018,320.2,,Radial Velocity,W. M. Keck Observatory
HD 180053 b,2018,447.0,,Radial Velocity,W. M. Keck Observatory
HD 4917 b,2018,666.3,,Radial Velocity,W. M. Keck Observatory
WASP-161 b,2018,1119.0,791.4,Transit,SuperWASP-South
WASP-163 b,2018,852.5,594.3,Transit,SuperWASP-South
WASP-170 b,2018,996.7,508.5,Transit,SuperWASP-South
K2-285 b,2018,505.4,9.7,Transit,K2
K2-285 c,2018,505.4,15.7,Transit,K2
K2-285 d,2018,505.4,6.5,Transit,K2
K2-285 e,2018,505.4,10.7,Transit,K2
K2-286 b,2018,248.4,,Transit,K2
K2-287 b,2018,516.4,101.7,Transit,K2
K2-288 B b,2018,214.0,,Transit,K2
HATS-60 b,2018,1586.7,210.4,Transit,HATSouth
HATS-61 b,2018,2217.1,1080.6,Transit,HATSouth
HATS-62 b,2018,1706.0,56.9,Transit,HATSouth
HATS-63 b,2018,2032.7,305.1,Transit,HATSouth
HATS-64 b,2018,3523.0,305.1,Transit,HATSouth
HATS-65 b,2018,1609.0,260.9,Transit,HATSouth
HATS-66 b,2018,4820.5,1694.0,Transit,HATSouth
HATS-67 b,2018,3131.5,460.9,Transit,HATSouth
HATS-68 b,2018,1969.8,410.0,Transit,HATSouth
HATS-69 b,2018,1352.0,183.4,Transit,HATSouth
HD 202696 b,2019,615.0,634.4,Radial Velocity,W. M. Keck Observatory
HD 202696 c,2019,615.0,592.4,Radial Velocity,W. M. Keck Observatory
K2-290 b,2019,890.1,10.9,Transit,K2
Kepler-779 b,2016,923.5,,Transit,Kepler
K2-290 c,2019,890.1,246.0,Transit,K2
K2-291 b,2019,293.7,6.4,Transit,K2
GJ 4276 b,2019,69.6,,Radial Velocity,Calar Alto Observatory
LHS 3844 b,2019,48.5,2.4,Transit,Transiting Exoplanet Survey Satellite (TESS)
HD 202772 A b,2019,526.7,323.2,Transit,Transiting Exoplanet Survey Satellite (TESS)
K2-292 b,2019,372.8,24.5,Transit,K2
HD 20781 d,2019,117.3,,Radial Velocity,La Silla Observatory
HD 20781 e,2019,117.3,,Radial Velocity,La Silla Observatory
HD 45184 c,2019,71.6,,Radial Velocity,La Silla Observatory
HATS-70 b,2019,4758.1,4100.0,Transit,HATSouth
Kepler-499 b,2016,1815.8,,Transit,Kepler
GJ 143 b,2019,53.2,30.6,Transit,Transiting Exoplanet Survey Satellite (TESS)
HD 23472 b,2019,127.3,8.3,Transit,Transiting Exoplanet Survey Satellite (TESS)
HD 23472 c,2019,127.3,17.2,Transit,Transiting Exoplanet Survey Satellite (TESS)
KMT-2016-BLG-1107L b,2019,21692.6,1043.0,Microlensing,KMTNet
HD 219666 b,2018,307.1,16.6,Transit,Transiting Exoplanet Survey Satellite (TESS)
HD 1397 b,2018,259.5,116.6,Transit,Transiting Exoplanet Survey Satellite (TESS)
GJ 411 b,2019,18.5,,Radial Velocity,Haute-Provence Observatory
WASP-190 b,2019,1768.6,317.8,Transit,WASP-South
Gl 378 b,2019,48.8,,Radial Velocity,Haute-Provence Observatory
PDS 70 b,2018,368.8,1017.1,Imaging,Paranal Observatory
Kepler-270 b,2014,3094.5,,Transit,Kepler
KMT-2017-BLG-1038L b,2019,19569.4,640.0,Microlensing,KMTNet
KMT-2017-BLG-1146L b,2019,21526.3,270.0,Microlensing,KMTNet
Gl 686 b,2018,26.6,,Radial Velocity,Roque de los Muchachos Observatory
Qatar-7 b,2019,2302.6,597.5,Transit,Qatar
TOI-172 b,2019,1118.2,1722.6,Transit,Transiting Exoplanet Survey Satellite (TESS)
K2-293 b,2019,1279.4,,Transit,K2
K2-294 b,2019,1216.8,,Transit,K2
GJ 685 b,2019,46.7,,Radial Velocity,Roque de los Muchachos Observatory
HD 181234 b,2019,155.7,3219.6,Radial Velocity,La Silla Observatory
HD 25015 b,2019,122.1,2884.9,Radial Velocity,La Silla Observatory
HD 50499 c,2019,151.0,,Radial Velocity,La Silla Observatory
HD 92788 c,2019,113.0,,Radial Velocity,La Silla Observatory
HD 221416 b,2019,311.6,60.5,Transit,Transiting Exoplanet Survey Satellite (TESS)
WASP-177 b,2019,576.7,161.5,Transit,SuperWASP
WASP-181 b,2019,1426.9,95.0,Transit,SuperWASP
WASP-183 b,2019,1061.2,159.6,Transit,SuperWASP
Kepler-47 d,2019,3343.2,19.0,Transit,Kepler
HD 21749 c,2019,53.2,3.7,Transit,Transiting Exoplanet Survey Satellite (TESS)
Qatar-8 b,2019,918.1,117.9,Transit,Qatar
Kepler-780 b,2016,1818.8,,Transit,Kepler
Qatar-9 b,2019,697.2,378.2,Transit,Qatar
Qatar-10 b,2019,1823.4,233.9,Transit,Qatar
TOI-216.02,2019,580.4,18.8,Transit,Transiting Exoplanet Survey Satellite (TESS)
TOI-216.01,2019,580.4,178.0,Transit,Transiting Exoplanet Survey Satellite (TESS)
HD 221420 b,2019,101.6,6547.3,Radial Velocity,Anglo-Australian Telescope
NGTS-5 b,2019,1000.6,72.8,Transit,Next-Generation Transit Survey (NGTS)
HD 210193 b,2019,137.6,,Radial Velocity,Las Campanas Observatory
HD 211970 b,2019,42.8,,Radial Velocity,Las Campanas Observatory
HD 39855 b,2019,75.9,,Radial Velocity,Las Campanas Observatory
HIP 35173 b,2019,108.1,,Radial Velocity,Las Campanas Observatory
Kepler-271 b,2014,1319.4,,Transit,Kepler
HD 102843 b,2019,204.7,,Radial Velocity,Las Campanas Observatory
HD 103949 b,2019,86.4,,Radial Velocity,Las Campanas Observatory
HD 206255 b,2019,245.4,,Radial Velocity,Las Campanas Observatory
HD 21411 b,2019,95.0,,Radial Velocity,Las Campanas Observatory
HD 64114 b,2019,102.8,,Radial Velocity,Las Campanas Observatory
HD 8326 b,2019,100.1,,Radial Velocity,Las Campanas Observatory
HIP 54373 b,2019,61.0,,Radial Velocity,Las Campanas Observatory
HIP 54373 c,2019,61.0,,Radial Velocity,Las Campanas Observatory
HD 24085 b,2019,179.1,,Radial Velocity,Las Campanas Observatory
HIP 71135 b,2019,105.4,,Radial Velocity,Las Campanas Observatory
Kepler-418 c,2021,3269.8,,Transit,Kepler
HD 15337 b,2019,146.2,6.5,Transit,Transiting Exoplanet Survey Satellite (TESS)
HD 15337 c,2019,146.2,6.8,Transit,Transiting Exoplanet Survey Satellite (TESS)
NGTS-4 b,2019,915.0,20.6,Transit,Next-Generation Transit Survey (NGTS)
K2-133 e,2019,245.2,,Transit,K2
K2-32 e,2019,514.3,2.1,Transit,K2
EPIC 201238110 b,2019,519.4,,Transit,K2
EPIC 201497682 b,2019,825.3,,Transit,K2
EPIC 201615463 c,2019,1555.4,,Transit,K2
EPIC 201754305 d,2019,1092.5,,Transit,K2
EPIC 201833600 c,2019,839.7,,Transit,K2
EPIC 201841433 b,2019,1423.6,,Transit,K2
EPIC 205950854 c,2019,795.6,,Transit,K2
EPIC 206024342 b,2019,1206.4,,Transit,K2
EPIC 206032309 b,2019,526.3,,Transit,K2
EPIC 206042996 b,2019,1473.5,,Transit,K2
EPIC 206215704 b,2019,358.4,,Transit,K2
EPIC 206317286 b,2019,1025.3,,Transit,K2
EPIC 212297394 b,2019,1364.6,,Transit,K2
EPIC 212424622 b,2019,1995.4,,Transit,K2
EPIC 212499991 b,2019,924.0,,Transit,K2
Kepler-407 b,2014,1103.6,1.9,Transit,Kepler
EPIC 212587672 b,2019,1043.9,,Transit,K2
EPIC 220554210 c,2019,1618.7,,Transit,K2
L 98-59 b,2019,34.6,0.5,Transit,Transiting Exoplanet Survey Satellite (TESS)
L 98-59 c,2019,34.6,2.0,Transit,Transiting Exoplanet Survey Satellite (TESS)
L 98-59 d,2019,34.6,1.6,Transit,Transiting Exoplanet Survey Satellite (TESS)
PDS 70 c,2019,368.8,635.7,Imaging,European Southern Observatory
K2-308 b,2019,4287.4,,Transit,K2
Kepler-65 e,2019,990.6,260.0,Radial Velocity,W. M. Keck Observatory
HD 2685 b,2019,642.0,371.9,Transit,Transiting Exoplanet Survey Satellite (TESS)
Gl 49 b,2019,32.1,,Radial Velocity,Multiple Observatories
Kepler-851 b,2016,2737.3,,Transit,Kepler
TOI-150.01,2019,1096.8,797.8,Transit,Transiting Exoplanet Survey Satellite (TESS)
KELT-23 A b,2019,411.8,298.1,Transit,KELT-North
HD 180617 b,2018,19.3,,Radial Velocity,Calar Alto Observatory
LSPM J2116+0234 b,2019,57.5,,Radial Velocity,Calar Alto Observatory
NSVS 14256825 b,2019,2677.3,,Eclipse Timing Variations,Multiple Observatories
V1298 Tau b,2019,352.9,203.4,Transit,K2
Teegarden's Star b,2019,12.5,,Radial Velocity,Calar Alto Observatory
Teegarden's Star c,2019,12.5,,Radial Velocity,Calar Alto Observatory
WASP-87 b,2016,973.2,692.9,Transit,Anglo-Australian Telescope
Kepler-850 b,2016,5418.4,,Transit,Kepler
HIP 79098 AB b,2019,475.5,6515.5,Imaging,Paranal Observatory
Kepler-411 e,2018,501.2,10.8,Transit Timing Variations,Kepler
DS Tuc A b,2019,143.7,413.2,Transit,Transiting Exoplanet Survey Satellite (TESS)
OGLE-2018-BLG-0596L b,2019,18427.8,13.9,Microlensing,OGLE
DE CVn b,2018,99.6,,Eclipse Timing Variations,Multiple Facilities
OGLE-2015-BLG-1670L b,2019,21852.5,17.9,Microlensing,OGLE
EPIC 248847494 b,2018,1800.0,4131.8,Transit,K2
EPIC 212737443 c,2019,1096.7,,Transit,K2
KMT-2017-BLG-0165L b,2018,14774.9,34.0,Microlensing,KMTNet
WASP-166 b,2019,372.4,32.1,Transit,WASP-South
Kepler-476 b,2016,2653.4,,Transit,Kepler
Kepler-849 b,2016,2681.4,298.8,Transit,Kepler
Kepler-82 f,2019,2949.5,20.9,Transit Timing Variations,KOINet
HR 858 b,2019,104.3,3.5,Transit,Transiting Exoplanet Survey Satellite (TESS)
HR 858 c,2019,104.3,3.8,Transit,Transiting Exoplanet Survey Satellite (TESS)
HR 858 d,2019,104.3,7.1,Transit,Transiting Exoplanet Survey Satellite (TESS)
TOI-270 b,2019,73.3,1.5,Transit,Transiting Exoplanet Survey Satellite (TESS)
TOI-270 c,2019,73.3,6.2,Transit,Transiting Exoplanet Survey Satellite (TESS)
TOI-270 d,2019,73.3,4.2,Transit,Transiting Exoplanet Survey Satellite (TESS)
GJ 357 b,2019,30.8,1.8,Transit,Transiting Exoplanet Survey Satellite (TESS)
GJ 357 c,2019,30.8,,Radial Velocity,Multiple Observatories
GJ 357 d,2019,30.8,,Radial Velocity,Multiple Observatories
Kepler-848 b,2016,4496.0,,Transit,Kepler
K2-43 c,2019,595.4,,Transit,K2
LTT 1445 A b,2019,22.4,2.7,Transit,Transiting Exoplanet Survey Satellite (TESS)
K2-146 c,2019,258.6,7.5,Transit,K2
HAT-P-69 b,2019,1113.0,1137.8,Transit,HATNet
HAT-P-70 b,2019,1078.7,2154.9,Transit,HATNet
HATS-54 b,2019,2441.6,239.3,Transit,HATSouth
HATS-55 b,2019,1989.0,292.7,Transit,HATSouth
HATS-56 b,2019,1840.9,191.3,Transit,HATSouth
HATS-57 b,2019,911.6,1000.2,Transit,HATSouth
HATS-58 A b,2019,1316.3,327.4,Transit,HATSouth
Kepler-1751 b,2021,4212.2,,Transit,Kepler
bet Pic c,2019,64.4,2765.1,Radial Velocity,La Silla Observatory
HR 5183 b,2019,102.6,1052.0,Radial Velocity,Multiple Observatories
OGLE-2018-BLG-0740L b,2019,23483.2,350.0,Microlensing,OGLE
WASP-169 b,2019,2045.2,178.3,Transit,WASP-South
WASP-171 b,2019,2471.7,344.5,Transit,WASP-South
WASP-175 b,2019,1759.2,314.7,Transit,WASP-South
WASP-182 b,2019,1068.5,47.0,Transit,WASP-South
OGLE-2018-BLG-1011L b,2019,23157.1,570.0,Microlensing,OGLE
OGLE-2018-BLG-1011L c,2019,23157.1,890.0,Microlensing,OGLE
KMT-2016-BLG-0212L b,2018,19569.4,6.3,Microlensing,KMTNet
Kepler-301 b,2014,2345.6,,Transit,Kepler
OGLE-2016-BLG-1067L b,2019,12328.7,140.0,Microlensing,OGLE
KELT-24 b,2019,314.8,1334.9,Transit,KELT-North
NGTS-6 b,2019,1005.4,425.6,Transit,Next-Generation Transit Survey (NGTS)
WASP-180 A b,2019,828.4,286.0,Transit,SuperWASP
GJ 15 A c,2018,11.6,,Radial Velocity,Roque de los Muchachos Observatory
WASP-178 b,2019,1394.9,448.1,Transit,WASP-South
WASP-184 b,2019,2163.2,181.2,Transit,WASP-South
WASP-185 b,2019,911.1,311.5,Transit,WASP-South
WASP-192 b,2019,1659.8,731.0,Transit,WASP-South
GJ 3512 b,2019,30.9,,Radial Velocity,Calar Alto Observatory
Kepler-300 c,2014,3582.7,,Transit,Kepler
GJ 27.1 b,2014,77.0,,Radial Velocity,Multiple Observatories
GJ 160.2 b,2014,84.3,,Radial Velocity,Multiple Observatories
GJ 180 b,2014,38.9,,Radial Velocity,Multiple Observatories
GJ 180 c,2014,38.9,,Radial Velocity,Multiple Observatories
GJ 229 b,2014,18.8,,Radial Velocity,Multiple Observatories
GJ 422 b,2014,41.3,,Radial Velocity,Multiple Observatories
GJ 433 c,2014,29.6,,Radial Velocity,Multiple Observatories
GJ 682 b,2014,16.3,,Radial Velocity,Multiple Observatories
GJ 682 c,2014,16.3,,Radial Velocity,Multiple Observatories
OGLE-2015-BLG-1649L b,2019,13796.4,807.0,Microlensing,OGLE
Kepler-847 b,2016,1673.5,,Transit,Kepler
V1298 Tau c,2019,352.9,76.3,Transit,K2
V1298 Tau d,2019,352.9,98.5,Transit,K2
V1298 Tau e,2019,352.9,368.7,Transit,K2
HD 97048 b,2019,599.7,794.6,Disk Kinematics,Atacama Large Millimeter Array (ALMA)
7 CMa c,2019,64.6,,Radial Velocity,Multiple Observatories
NY Vir c,2019,1774.4,,Eclipse Timing Variations,Winer Observatory
eps Ind A b,2019,11.9,2425.0,Radial Velocity,La Silla Observatory
LP 791-18 b,2019,86.4,,Transit,Transiting Exoplanet Survey Satellite (TESS)
LP 791-18 c,2019,86.4,7.1,Transit,Transiting Exoplanet Survey Satellite (TESS)
TOI-163 b,2019,1342.8,387.8,Transit,Transiting Exoplanet Survey Satellite (TESS)
Kepler-846 b,2016,3676.2,,Transit,Kepler
Kepler-448 c,2017,1302.7,6992.3,Transit Timing Variations,Kepler
TOI-125 b,2019,362.2,9.5,Transit,Transiting Exoplanet Survey Satellite (TESS)
TOI-125 c,2019,362.2,6.6,Transit,Transiting Exoplanet Survey Satellite (TESS)
KMT-2018-BLG-1990L b,2019,3056.1,180.0,Microlensing,KMTNet
MOA-bin-29 b,2019,23059.2,180.0,Microlensing,MOA
HD 125390 b,2019,501.1,10806.2,Radial Velocity,W. M. Keck Observatory
NGTS-8 b,2019,1399.1,295.6,Transit,Next-Generation Transit Survey (NGTS)
NGTS-9 b,2019,1986.7,921.7,Transit,Next-Generation Transit Survey (NGTS)
HD 220197 b,2018,210.1,,Radial Velocity,Roque de los Muchachos Observatory
HD 233832 b,2018,191.6,,Radial Velocity,Roque de los Muchachos Observatory
Kepler-299 c,2014,3431.9,,Transit,Kepler
Qatar-6 b,2017,328.9,217.1,Transit,Qatar
Kepler-1660 AB b,2023,3876.5,2445.1,Eclipse Timing Variations,Kepler
HD 213885 b,2019,156.8,8.8,Transit,Transiting Exoplanet Survey Satellite (TESS)
HD 213885 c,2019,156.8,,Radial Velocity,Multiple Observatories
WASP-126 c,2019,706.2,64.2,Transit Timing Variations,Transiting Exoplanet Survey Satellite (TESS)
XO-7 b,2019,763.7,225.7,Transit,XO
USco1621 b,2019,449.8,5085.3,Imaging,Multiple Observatories
USco1556 b,2019,458.7,4767.4,Imaging,Multiple Observatories
DMPP-1 b,2019,204.0,,Radial Velocity,La Silla Observatory
DMPP-1 c,2019,204.0,,Radial Velocity,La Silla Observatory
DMPP-1 d,2019,204.0,,Radial Velocity,La Silla Observatory
DMPP-1 e,2019,204.0,,Radial Velocity,La Silla Observatory
DMPP-2 b,2019,449.9,,Radial Velocity,Multiple Facilities
DMPP-3 A b,2019,152.9,,Radial Velocity,La Silla Observatory
TOI-813 b,2020,858.3,,Transit,Transiting Exoplanet Survey Satellite (TESS)
GJ 180 d,2020,38.9,,Radial Velocity,Multiple Facilities
GJ 229 A c,2020,18.8,,Radial Velocity,Multiple Facilities
GJ 433 d,2020,29.6,,Radial Velocity,Multiple Facilities
Kepler-298 b,2014,1690.2,,Transit,Kepler
GJ 3082 b,2020,54.2,,Radial Velocity,Multiple Facilities
GJ 1252 b,2020,66.4,1.3,Transit,Transiting Exoplanet Survey Satellite (TESS)
EPIC 249893012 b,2020,1047.9,8.8,Transit,K2
EPIC 249893012 c,2020,1047.9,14.7,Transit,K2
EPIC 249893012 d,2020,1047.9,10.2,Transit,K2
L 168-9 b,2020,82.0,4.1,Transit,Transiting Exoplanet Survey Satellite (TESS)
TOI-125 d,2020,362.2,13.6,Transit,Transiting Exoplanet Survey Satellite (TESS)
Kepler-1661 b,2020,1339.2,17.0,Transit,Kepler
TOI-132 b,2020,533.8,22.4,Transit,Transiting Exoplanet Survey Satellite (TESS)
GJ 1061 b,2020,12.0,1.1,Radial Velocity,La Silla Observatory
Kepler-95 b,2014,1453.5,13.0,Transit,Kepler
Kepler-1750 b,2021,4883.6,,Transit,Kepler
GJ 1061 c,2020,12.0,1.8,Radial Velocity,La Silla Observatory
GJ 1061 d,2020,12.0,1.7,Radial Velocity,La Silla Observatory
HATS-47 b,2020,980.7,117.3,Transit,HATSouth
HATS-48 A b,2020,859.8,77.2,Transit,HATSouth
HATS-49 b,2020,1058.1,112.2,Transit,HATSouth
HATS-72 b,2020,416.1,39.9,Transit,HATSouth
OGLE-2013-BLG-0911L b,2019,10502.2,3020.0,Microlensing,OGLE
KMT-2016-BLG-1836L b,2019,23483.2,700.0,Microlensing,KMTNet
Kepler-845 b,2016,1405.9,,Transit,Kepler
MASCARA-4 b,2020,556.7,985.3,Transit,Multiple Observatories
LHS 1815 b,2020,97.3,1.6,Transit,Transiting Exoplanet Survey Satellite (TESS)
TYC 8998-760-1 b,2020,308.6,13221.7,Imaging,Paranal Observatory
TOI-1130 b,2020,190.0,19.8,Transit,Transiting Exoplanet Survey Satellite (TESS)
TOI-1130 c,2020,190.0,336.0,Transit,Transiting Exoplanet Survey Satellite (TESS)
HD 158259 b,2020,88.2,,Radial Velocity,Haute-Provence Observatory
HD 158259 c,2020,88.2,,Radial Velocity,Haute-Provence Observatory
HD 158259 d,2020,88.2,,Radial Velocity,Haute-Provence Observatory
HD 158259 e,2020,88.2,,Radial Velocity,Haute-Provence Observatory
HD 158259 f,2020,88.2,,Radial Velocity,Haute-Provence Observatory
Kepler-844 b,2016,1408.3,,Transit,Kepler
CoRoT-30 b,2020,3366.7,921.7,Transit,CoRoT
CoRoT-31 b,2020,6541.9,267.0,Transit,CoRoT
TOI-677 b,2020,462.5,400.5,Transit,Transiting Exoplanet Survey Satellite (TESS)
HD 164922 d,2020,71.8,,Radial Velocity,Roque de los Muchachos Observatory
WASP-150 b,2020,1722.1,2688.8,Transit,SuperWASP-North
WASP-176 b,2020,1853.9,271.7,Transit,SuperWASP-North
HD 332231 b,2020,263.1,74.1,Transit,Transiting Exoplanet Survey Satellite (TESS)
Kepler-88 d,2020,1229.2,,Radial Velocity,W. M. Keck Observatory
LTT 3780 b,2020,71.7,2.6,Transit,Transiting Exoplanet Survey Satellite (TESS)
LTT 3780 c,2020,71.7,8.6,Transit,Transiting Exoplanet Survey Satellite (TESS)
Kepler-297 b,2014,2257.5,48.5,Transit,Kepler
TOI-1235 b,2020,129.3,5.9,Transit,Transiting Exoplanet Survey Satellite (TESS)
HD 81817 b,2020,877.8,7668.6,Radial Velocity,Bohyunsan Optical Astronomical Observatory
TOI-1338 b,2020,1301.4,11.3,Transit,Transiting Exoplanet Survey Satellite (TESS)
OGLE-2018-BLG-0677L b,2020,24722.6,4.0,Microlensing,OGLE
OGLE-2015-BLG-1771L b,2020,23059.2,138.0,Microlensing,OGLE
OGLE-2018-BLG-1700L b,2020,24787.9,1400.0,Microlensing,OGLE
KMT-2018-BLG-0029L b,2020,11024.1,7.6,Microlensing,KMTNet
KMT-2018-BLG-1292L b,2020,12524.4,1570.0,Microlensing,KMTNet
OGLE-2012-BLG-0838L b,2020,20613.1,53.1,Microlensing,OGLE
AU Mic b,2020,31.7,6.1,Transit,Transiting Exoplanet Survey Satellite (TESS)
Kepler-843 b,2016,3801.9,,Transit,Kepler
GJ 338 B b,2020,20.7,,Radial Velocity,Calar Alto Observatory
OGLE-2017-BLG-0406L b,2020,16960.1,130.0,Microlensing,OGLE
Kepler-160 d,2020,3056.1,100.0,Transit Timing Variations,Kepler
WASP-148 b,2020,803.5,92.2,Transit,SuperWASP-North
WASP-148 c,2020,803.5,127.1,Radial Velocity,Haute-Provence Observatory
TOI-1728 b,2020,198.3,26.8,Transit,Transiting Exoplanet Survey Satellite (TESS)
NGTS-11 b,2020,621.1,109.3,Transit,Transiting Exoplanet Survey Satellite (TESS)
GJ 887 b,2020,10.7,,Radial Velocity,La Silla Observatory
GJ 887 c,2020,10.7,,Radial Velocity,La Silla Observatory
TOI-849 b,2020,736.2,39.1,Transit,Transiting Exoplanet Survey Satellite (TESS)
Kepler-842 b,2016,1737.5,,Transit,Kepler
Wendelstein-1 b,2020,995.8,188.2,Transit,Haleakala Observatory
Wendelstein-2 b,2020,1844.5,232.3,Transit,Haleakala Observatory
HD 95338 b,2020,120.7,42.9,Radial Velocity,Las Campanas Observatory
HD 191939 b,2020,174.8,10.0,Transit,Transiting Exoplanet Survey Satellite (TESS)
HD 191939 c,2020,174.8,8.0,Transit,Transiting Exoplanet Survey Satellite (TESS)
HD 191939 d,2020,174.8,2.2,Transit,Transiting Exoplanet Survey Satellite (TESS)
TOI-700 b,2020,101.5,,Transit,Transiting Exoplanet Survey Satellite (TESS)
TOI-700 c,2020,101.5,,Transit,Transiting Exoplanet Survey Satellite (TESS)
TOI-700 d,2020,101.5,,Transit,Transiting Exoplanet Survey Satellite (TESS)
TYC 8998-760-1 c,2020,308.6,2288.4,Imaging,Paranal Observatory
Kepler-841 b,2016,3258.2,,Transit,Kepler
BD-11 4672 c,2020,88.6,,Radial Velocity,Roque de los Muchachos Observatory
HIP 67522 b,2020,415.1,,Transit,Transiting Exoplanet Survey Satellite (TESS)
TOI-1899 b,2020,418.9,209.8,Transit,Transiting Exoplanet Survey Satellite (TESS)
HIP 65 A b,2020,201.5,1021.2,Transit,Transiting Exoplanet Survey Satellite (TESS)
TOI-157 b,2020,1160.1,375.0,Transit,Transiting Exoplanet Survey Satellite (TESS)
TOI-169 b,2020,1330.2,251.4,Transit,Transiting Exoplanet Survey Satellite (TESS)
K2-315 b,2020,185.8,,Transit,K2
HATS-37 A b,2020,691.1,31.5,Transit,HATSouth
HATS-38 b,2020,1120.4,23.5,Transit,HATSouth
HD 86226 c,2020,149.0,7.2,Transit,Transiting Exoplanet Survey Satellite (TESS)
GJ 2056 b,2020,92.8,,Radial Velocity,Multiple Observatories
GJ 480 b,2020,46.4,,Radial Velocity,Multiple Observatories
GJ 687 c,2020,14.8,,Radial Velocity,Multiple Observatories
GJ 9066 c,2020,14.6,,Radial Velocity,Multiple Observatories
HIP 107772 b,2020,77.1,,Radial Velocity,Multiple Observatories
HIP 38594 b,2020,58.0,,Radial Velocity,Multiple Observatories
HIP 38594 c,2020,58.0,,Radial Velocity,Multiple Observatories
HIP 4845 b,2020,68.8,,Radial Velocity,Multiple Observatories
HIP 48714 b,2020,34.3,,Radial Velocity,Multiple Observatories
KMT-2019-BLG-1339L b,2020,19960.7,397.0,Microlensing,KMTNet
KMT-2019-BLG-1953L b,2020,22961.4,200.0,Microlensing,KMTNet
K2-316 b,2020,366.9,,Transit,K2
K2-316 c,2020,366.9,,Transit,K2
K2-317 b,2020,575.0,,Transit,K2
K2-318 b,2020,482.3,,Transit,K2
K2-319 b,2020,681.9,,Transit,K2
K2-320 b,2020,354.7,,Transit,K2
K2-321 b,2020,253.4,,Transit,K2
K2-322 b,2020,402.5,,Transit,K2
K2-323 b,2020,385.9,,Transit,K2
K2-324 b,2020,445.7,,Transit,K2
K2-325 b,2020,364.1,,Transit,K2
K2-326 b,2020,920.8,,Transit,K2
WD 1856+534 b,2020,80.7,4386.1,Transit,Transiting Exoplanet Survey Satellite (TESS)
LTT 9779 b,2020,262.4,29.3,Transit,Transiting Exoplanet Survey Satellite (TESS)
HD 63433 b,2020,73.1,37.3,Transit,Transiting Exoplanet Survey Satellite (TESS)
HD 63433 c,2020,73.1,15.5,Transit,Transiting Exoplanet Survey Satellite (TESS)
TOI-763 b,2020,310.3,9.8,Transit,Transiting Exoplanet Survey Satellite (TESS)
Kepler-77 b,2013,2085.5,165.9,Transit,Kepler
TOI-763 c,2020,310.3,9.3,Transit,Transiting Exoplanet Survey Satellite (TESS)
HATS-71 b,2020,457.4,117.6,Transit,HATSouth
TOI-824 b,2020,208.5,18.5,Transit,Transiting Exoplanet Survey Satellite (TESS)
OGLE-2018-BLG-1269L b,2020,8186.5,210.0,Microlensing,OGLE
KMT-2018-BLG-0748L b,2020,23809.4,60.0,Microlensing,KMTNet
KMT-2019-BLG-0842L b,2020,10828.4,10.3,Microlensing,KMTNet
TOI-540 b,2020,45.7,,Transit,Transiting Exoplanet Survey Satellite (TESS)
TOI-1266 b,2020,117.5,4.5,Transit,Transiting Exoplanet Survey Satellite (TESS)
TOI-1266 c,2020,117.5,6.4,Transit,Transiting Exoplanet Survey Satellite (TESS)
TOI-421 b,2020,244.0,6.7,Transit,Transiting Exoplanet Survey Satellite (TESS)
TOI-421 c,2020,244.0,14.1,Transit,Transiting Exoplanet Survey Satellite (TESS)
NGTS-12 b,2020,1456.1,66.1,Transit,Next-Generation Transit Survey (NGTS)
GJ 3473 b,2020,89.3,1.9,Transit,Transiting Exoplanet Survey Satellite (TESS)
GJ 3473 c,2020,89.3,,Radial Velocity,Multiple Observatories
TOI-837 b,2020,464.7,120.5,Transit,Transiting Exoplanet Survey Satellite (TESS)
KMT-2016-BLG-2364L b,2020,21004.4,1250.0,Microlensing,KMTNet
KMT-2016-BLG-2397L b,2020,15916.4,836.0,Microlensing,KMTNet
OGLE-2017-BLG-0604L b,2020,12883.2,160.0,Microlensing,OGLE
OGLE-2017-BLG-1375L b,2020,12817.9,3585.0,Microlensing,OGLE
TOI-954 b,2020,778.8,55.3,Transit,Transiting Exoplanet Survey Satellite (TESS)
K2-329 b,2020,760.7,82.6,Transit,K2
MOA-2013-BLG-220L b,2014,21917.7,871.0,Microlensing,MOA
TOI-481 b,2020,585.0,486.3,Transit,Transiting Exoplanet Survey Satellite (TESS)
TOI-892 b,2020,1110.7,301.9,Transit,Transiting Exoplanet Survey Satellite (TESS)
TIC 237913194 b,2020,998.2,617.2,Transit,Transiting Exoplanet Survey Satellite (TESS)
HD 190007 b,2020,41.5,,Radial Velocity,Multiple Observatories
HD 216520 b,2020,63.8,,Radial Velocity,Multiple Observatories
HD 216520 c,2020,63.8,,Radial Velocity,Multiple Observatories
TOI-122 b,2020,202.6,,Transit,Transiting Exoplanet Survey Satellite (TESS)
TOI-237 b,2020,124.2,,Transit,Transiting Exoplanet Survey Satellite (TESS)
WASP-186 b,2020,908.4,1341.2,Transit,SuperWASP
WASP-187 b,2020,1211.4,254.3,Transit,SuperWASP
K2-111 c,2020,653.6,,Radial Velocity,Multiple Observatories
LP 714-47 b,2020,171.6,30.8,Transit,Transiting Exoplanet Survey Satellite (TESS)
TOI-942 b,2020,497.7,16.0,Transit,Transiting Exoplanet Survey Satellite (TESS)
TOI-942 c,2020,497.7,37.0,Transit,Transiting Exoplanet Survey Satellite (TESS)
WASP-107 c,2020,211.2,,Radial Velocity,Multiple Observatories
TOI-251 b,2021,324.6,317.8,Transit,Transiting Exoplanet Survey Satellite (TESS)
HAT-P-68 b,2020,659.3,230.1,Transit,HATNet
TOI-776 b,2020,88.6,4.0,Transit,Transiting Exoplanet Survey Satellite (TESS)
TOI-776 c,2020,88.6,5.3,Transit,Transiting Exoplanet Survey Satellite (TESS)
TOI-561 b,2020,279.8,2.0,Transit,Transiting Exoplanet Survey Satellite (TESS)
TOI-561 c,2020,279.8,5.9,Transit,Transiting Exoplanet Survey Satellite (TESS)
TOI-561 d,2020,279.8,13.3,Transit,Transiting Exoplanet Survey Satellite (TESS)
TOI-561 e,2020,279.8,12.4,Transit,Transiting Exoplanet Survey Satellite (TESS)
HD 108236 b,2020,210.7,,Transit,Transiting Exoplanet Survey Satellite (TESS)
HD 108236 c,2020,210.7,,Transit,Transiting Exoplanet Survey Satellite (TESS)
TOI-1233.01,2021,210.7,,Transit,Transiting Exoplanet Survey Satellite (TESS)
HD 108236 e,2020,210.7,,Transit,Transiting Exoplanet Survey Satellite (TESS)
TOI-564 b,2020,650.9,465.0,Transit,Transiting Exoplanet Survey Satellite (TESS)
TOI-905 b,2020,517.4,212.0,Transit,Transiting Exoplanet Survey Satellite (TESS)
TOI-451 b,2020,403.6,4.7,Transit,Transiting Exoplanet Survey Satellite (TESS)
TOI-451 c,2020,403.6,3.7,Transit,Transiting Exoplanet Survey Satellite (TESS)
TOI-451 d,2020,403.6,10.2,Transit,Transiting Exoplanet Survey Satellite (TESS)
HD 108236 f,2021,210.7,,Transit,CHaracterising ExOPlanets Satellite (CHEOPS)
NGTS-13 b,2021,2112.2,1538.3,Transit,Next-Generation Transit Survey (NGTS)
HD 110113 b,2021,346.7,4.5,Transit,Transiting Exoplanet Survey Satellite (TESS)
Kepler-295 b,2014,5542.0,,Transit,Kepler
HD 110113 c,2021,346.7,,Radial Velocity,La Silla Observatory
TOI-178 b,2021,204.5,1.5,Transit,Transiting Exoplanet Survey Satellite (TESS)
TOI-178 c,2021,204.5,4.8,Transit,Transiting Exoplanet Survey Satellite (TESS)
TOI-178 d,2021,204.5,3.0,Transit,Transiting Exoplanet Survey Satellite (TESS)
TOI-178 e,2021,204.5,3.9,Transit,Transiting Exoplanet Survey Satellite (TESS)
TOI-178 f,2021,204.5,7.7,Transit,Multiple Observatories
TOI-178 g,2021,204.5,3.9,Transit,Transiting Exoplanet Survey Satellite (TESS)
HD 4760 b,2021,1754.3,,Radial Velocity,Multiple Observatories
HD 96992 b,2021,1291.8,,Radial Velocity,Multiple Observatories
TYC 0434-04538-1 b,2021,2000.7,,Radial Velocity,Multiple Observatories
Kepler-839 b,2016,3080.7,,Transit,Kepler
HD 183579 b,2021,186.8,11.2,Transit,Transiting Exoplanet Survey Satellite (TESS)
NGTS-14 A b,2021,1050.7,29.2,Transit,Next-Generation Transit Survey (NGTS)
HD 110082 b,2021,342.8,,Transit,Transiting Exoplanet Survey Satellite (TESS)
K2-138 g,2021,660.7,4.3,Transit,K2
TOI-628 b,2021,582.8,2011.9,Transit,Transiting Exoplanet Survey Satellite (TESS)
TOI-640 b,2021,1115.4,279.7,Transit,Transiting Exoplanet Survey Satellite (TESS)
TOI-1333 b,2021,653.9,753.3,Transit,Transiting Exoplanet Survey Satellite (TESS)
TOI-1478 b,2021,498.7,270.5,Transit,Transiting Exoplanet Survey Satellite (TESS)
TOI-1601 b,2021,1097.9,387.0,Transit,Transiting Exoplanet Survey Satellite (TESS)
GJ 251 b,2020,18.2,,Radial Velocity,W. M. Keck Observatory
HD 238090 b,2020,49.7,,Radial Velocity,Multiple Observatories
GJ 486 b,2021,26.3,3.0,Radial Velocity,Calar Alto Observatory
GJ 414 A b,2021,38.8,,Radial Velocity,W. M. Keck Observatory
GJ 414 A c,2021,38.8,,Radial Velocity,W. M. Keck Observatory
OGLE-2018-BLG-1428L b,2021,20286.9,240.0,Microlensing,OGLE
OGLE-2017-BLG-1049L b,2020,18493.0,1760.0,Microlensing,OGLE
GJ 740 b,2021,36.2,,Radial Velocity,Multiple Observatories
TOI-201 b,2021,371.2,133.5,Transit,Transiting Exoplanet Survey Satellite (TESS)
HD 60292 b,2020,1028.1,,Radial Velocity,Bohyunsan Optical Astronomical Observatory
Kepler-838 b,2016,3600.9,,Transit,Kepler
HD 112640 b,2020,1054.6,,Radial Velocity,Bohyunsan Optical Astronomical Observatory
TOI-519 b,2021,376.9,166.9,Transit,Transiting Exoplanet Survey Satellite (TESS)
NGTS-15 b,2021,2565.2,238.7,Transit,Next-Generation Transit Survey (NGTS)
NGTS-16 b,2021,2929.4,212.0,Transit,Next-Generation Transit Survey (NGTS)
NGTS-17 b,2021,3392.9,242.8,Transit,Next-Generation Transit Survey (NGTS)
NGTS-18 b,2021,3575.3,130.0,Transit,Next-Generation Transit Survey (NGTS)
LHS 1478 b,2021,59.5,2.3,Transit,Transiting Exoplanet Survey Satellite (TESS)
TOI-257 b,2021,250.8,43.9,Transit,Transiting Exoplanet Survey Satellite (TESS)
HD 5278 b,2021,187.8,7.8,Transit,Transiting Exoplanet Survey Satellite (TESS)
HD 5278 c,2021,187.8,,Radial Velocity,Paranal Observatory
Kepler-106 c,2014,1449.2,10.4,Transit,Kepler
Kepler-837 b,2016,2941.6,,Transit,Kepler
HIP 56640 b,2021,399.0,2151.7,Radial Velocity,Multiple Observatories
HIP 75092 b,2021,266.4,,Radial Velocity,Multiple Observatories
HIP 90988 b,2021,306.7,,Radial Velocity,Multiple Observatories
HIP 114933 b,2021,331.9,,Radial Velocity,Multiple Observatories
TOI-269 b,2021,186.0,8.8,Transit,Transiting Exoplanet Survey Satellite (TESS)
TOI-220 b,2021,296.0,13.8,Transit,Transiting Exoplanet Survey Satellite (TESS)
TOI-1444 b,2021,409.2,3.3,Transit,Transiting Exoplanet Survey Satellite (TESS)
Kepler-1749 b,2021,874.8,,Transit,Kepler
TOI-1231 b,2021,90.1,15.4,Transit,Transiting Exoplanet Survey Satellite (TESS)
BD+45 564 b,2021,174.9,,Radial Velocity,Haute-Provence Observatory
BD+55 362 b,2021,171.5,,Radial Velocity,Haute-Provence Observatory
BD+63 1405 b,2021,124.1,3305.4,Radial Velocity,Haute-Provence Observatory
HD 124330 b,2021,196.3,,Radial Velocity,Haute-Provence Observatory
HD 155193 b,2021,188.5,,Radial Velocity,Haute-Provence Observatory
HD 331093 b,2021,163.7,,Radial Velocity,Haute-Provence Observatory
HD 152843 b,2021,351.9,9.8,Transit,Transiting Exoplanet Survey Satellite (TESS)
HD 152843 c,2021,351.9,27.5,Transit,Transiting Exoplanet Survey Satellite (TESS)
HD 107148 c,2021,161.2,,Radial Velocity,Multiple Observatories
HD 136925 b,2021,156.1,,Radial Velocity,Multiple Observatories
HD 141004 b,2021,38.5,,Radial Velocity,Multiple Observatories
HD 145675 c,2021,58.5,1597.1,Radial Velocity,Multiple Observatories
HD 156668 c,2021,79.4,,Radial Velocity,Multiple Observatories
HD 164922 e,2021,71.8,,Radial Velocity,Multiple Observatories
HD 168009 b,2021,76.0,,Radial Velocity,Multiple Observatories
HD 213472 b,2021,210.2,,Radial Velocity,Multiple Observatories
HD 24040 c,2021,152.1,,Radial Velocity,Multiple Observatories
HD 26161 b,2021,133.4,9045.4,Radial Velocity,Multiple Observatories
Kepler-836 b,2016,3196.4,,Transit,Kepler
HD 3765 b,2021,58.5,,Radial Velocity,Multiple Observatories
HD 66428 c,2021,173.8,560.6,Radial Velocity,Multiple Observatories
HD 68988 c,2021,198.4,4777.0,Radial Velocity,Multiple Observatories
HD 95735 c,2021,18.5,,Radial Velocity,Multiple Observatories
WASP-110 b,2021,896.8,154.8,Transit,Paranal Observatory
Kepler-129 d,2021,1333.5,,Radial Velocity,W. M. Keck Observatory
GJ 849 c,2014,28.7,,Radial Velocity,W. M. Keck Observatory
TOI-674 b,2021,150.3,23.6,Transit,Transiting Exoplanet Survey Satellite (TESS)
TOI-1685 b,2021,122.7,3.0,Transit,Transiting Exoplanet Survey Satellite (TESS)
TOI-1260 b,2021,240.0,8.6,Transit,Transiting Exoplanet Survey Satellite (TESS)
Kepler-835 b,2016,7848.4,,Transit,Kepler
TOI-1260 c,2021,240.0,13.2,Transit,Transiting Exoplanet Survey Satellite (TESS)
TOI-1634 b,2021,115.0,4.9,Transit,Transiting Exoplanet Survey Satellite (TESS)
GJ 720 A b,2021,50.7,,Radial Velocity,Roque de los Muchachos Observatory
G 264-012 b,2021,52.2,,Radial Velocity,Calar Alto Observatory
G 264-012 c,2021,52.2,,Radial Velocity,Calar Alto Observatory
GJ 393 b,2021,22.9,,Radial Velocity,Multiple Observatories
TOI-1259 A b,2021,385.2,141.0,Transit,Transiting Exoplanet Survey Satellite (TESS)
TOI-1807 b,2021,138.9,2.6,Transit,Transiting Exoplanet Survey Satellite (TESS)
TOI-2076 b,2021,136.7,6.7,Transit,Transiting Exoplanet Survey Satellite (TESS)
TOI-2076 c,2021,136.7,7.2,Transit,Transiting Exoplanet Survey Satellite (TESS)
Kepler-834 b,2016,2067.6,,Transit,Kepler
TOI-2076 d,2021,136.7,7.3,Transit,Transiting Exoplanet Survey Satellite (TESS)
HAT-P-58 b,2021,1681.6,118.2,Transit,HATNet
HAT-P-59 b,2021,865.8,489.5,Transit,HATNet
HAT-P-60 b,2021,760.7,182.4,Transit,HATNet
HAT-P-61 b,2021,1105.1,335.9,Transit,HATNet
HAT-P-62 b,2021,1137.7,241.9,Transit,HATNet
HAT-P-63 b,2021,1315.9,195.1,Transit,HATNet
HAT-P-64 b,2021,2126.2,184.3,Transit,HATNet
TOI-1749 b,2021,324.7,57.0,Transit,Transiting Exoplanet Survey Satellite (TESS)
TOI-1749 c,2021,324.7,14.0,Transit,Transiting Exoplanet Survey Satellite (TESS)
Kepler-833 b,2016,1524.4,,Transit,Kepler
TOI-1749 d,2021,324.7,15.0,Transit,Transiting Exoplanet Survey Satellite (TESS)
HD 27969 b,2021,221.6,,Radial Velocity,Haute-Provence Observatory
HD 80869 b,2021,278.5,1802.1,Radial Velocity,Haute-Provence Observatory
HD 95544 b,2021,286.4,2460.0,Radial Velocity,Haute-Provence Observatory
HD 109286 b,2021,180.7,,Radial Velocity,Haute-Provence Observatory
HD 115954 b,2021,285.9,2685.7,Radial Velocity,Haute-Provence Observatory
HD 211403 b,2021,271.0,,Radial Velocity,Haute-Provence Observatory
TOI-1062 b,2021,268.0,10.2,Transit,Transiting Exoplanet Survey Satellite (TESS)
TOI-1062 c,2021,268.0,,Radial Velocity,La Silla Observatory
TOI-1278 b,2021,246.5,5879.8,Transit,Transiting Exoplanet Survey Satellite (TESS)
Kepler-832 b,2016,5505.9,,Transit,Kepler
KMT-2018-BLG-1976L b,2021,19047.5,705.6,Microlensing,KMTNet
KMT-2018-BLG-1996L b,2021,19275.8,346.4,Microlensing,KMTNet
OGLE-2019-BLG-0954L b,2021,11839.5,4513.2,Microlensing,OGLE
KIC 8121913 b,2021,2306.9,,Orbital Brightness Modulation,Kepler
KIC 10068024 b,2021,2351.9,,Orbital Brightness Modulation,Kepler
KIC 5479689 b,2021,1483.8,,Orbital Brightness Modulation,Kepler
KMT-2019-BLG-0371L b,2021,22863.5,2447.3,Microlensing,KMTNet
AU Mic c,2021,31.7,11.6,Transit,Transiting Exoplanet Survey Satellite (TESS)
TOI-2406 b,2021,180.8,15.6,Transit,Transiting Exoplanet Survey Satellite (TESS)
TOI-532 b,2021,440.5,61.5,Transit,Transiting Exoplanet Survey Satellite (TESS)
TOI-431 b,2021,106.2,3.1,Transit,Transiting Exoplanet Survey Satellite (TESS)
TOI-431 c,2021,106.2,,Radial Velocity,La Silla Observatory
TOI-431 d,2021,106.2,9.9,Transit,Transiting Exoplanet Survey Satellite (TESS)
COCONUTS-2 b,2021,35.5,2383.7,Imaging,NASA Infrared Telescope Facility (IRTF)
TOI-2202 b,2021,769.5,310.8,Transit,Transiting Exoplanet Survey Satellite (TESS)
TOI-2202 c,2021,769.5,117.3,Transit Timing Variations,Multiple Observatories
L 98-59 e,2021,34.6,,Radial Velocity,Multiple Observatories
K2-331 b,2021,689.6,,Transit,K2
K2-350 b,2021,1596.1,,Transit,K2
K2-352 b,2021,574.2,,Transit,K2
K2-353 b,2021,875.8,,Transit,K2
KMT-2019-BLG-1715L b,2021,12589.6,813.6,Microlensing,KMTNet
KMT-2018-BLG-1025L b,2021,21868.8,6.1,Microlensing,KMTNet
TOI-1518 b,2021,736.7,731.0,Transit,Multiple Observatories
TIC 172900988 b,2021,818.5,942.0,Transit,Transiting Exoplanet Survey Satellite (TESS)
K2-355 b,2021,1632.4,,Transit,K2
K2-356 b,2021,1159.6,,Transit,K2
K2-357 b,2021,1688.5,,Transit,K2
K2-358 b,2021,1566.6,,Transit,K2
HD 22496 b,2021,44.3,,Radial Velocity,Paranal Observatory
OGLE-2018-BLG-0567L b,2021,23026.6,101.7,Microlensing,OGLE
OGLE-2018-BLG-0962L b,2021,21200.1,425.9,Microlensing,OGLE
TOI-1201 b,2021,123.6,6.3,Transit,Transiting Exoplanet Survey Satellite (TESS)
GPX-1 b,2021,2136.4,6261.2,Transit,Acton Sky Portal Observatory
TOI-558 b,2021,1313.2,1147.4,Transit,Transiting Exoplanet Survey Satellite (TESS)
TOI-559 b,2021,760.8,1910.1,Transit,Transiting Exoplanet Survey Satellite (TESS)
TIC 257060897 b,2021,1649.4,212.9,Transit,Transiting Exoplanet Survey Satellite (TESS)
TOI-1431 b,2021,485.7,991.6,Transit,Transiting Exoplanet Survey Satellite (TESS)
KMT-2018-BLG-1743L b,2021,19696.6,512.3,Microlensing,KMTNet
TOI-530 b,2021,485.2,127.1,Transit,Transiting Exoplanet Survey Satellite (TESS)
Kepler-1748 b,2021,3533.2,,Transit,Kepler
TOI-1789 b,2021,747.1,222.5,Transit,Transiting Exoplanet Survey Satellite (TESS)
TOI-1296 b,2021,1054.3,94.7,Transit,Transiting Exoplanet Survey Satellite (TESS)
TOI-1298 b,2021,1040.6,113.1,Transit,Transiting Exoplanet Survey Satellite (TESS)
HD 63935 b,2021,159.7,10.8,Transit,Transiting Exoplanet Survey Satellite (TESS)
HD 63935 c,2021,159.7,11.1,Radial Velocity,Multiple Observatories
TOI-3362 b,2021,1197.0,1598.4,Transit,Transiting Exoplanet Survey Satellite (TESS)
OGLE-2018-BLG-1185L b,2021,17775.5,2.1,Microlensing,OGLE
HD 25723 b,2020,374.5,,Radial Velocity,Lick Observatory
17 Sco b,2020,407.5,,Radial Velocity,Lick Observatory
GJ 9689 b,2020,99.9,,Radial Velocity,Roque de los Muchachos Observatory
EPIC 201427007 b,2021,2303.9,,Transit,K2
EPIC 212624936 b,2021,1832.8,,Transit,K2
EPIC 220492298 b,2021,2036.9,,Transit,K2
TOI-2285 b,2021,138.3,19.5,Transit,Transiting Exoplanet Survey Satellite (TESS)
CD Cet b,2020,28.1,,Radial Velocity,Calar Alto Observatory
LHS 1678 b,2021,64.8,0.3,Transit,Transiting Exoplanet Survey Satellite (TESS)
LHS 1678 c,2021,64.8,1.4,Transit,Transiting Exoplanet Survey Satellite (TESS)
HD 39194 b,2021,86.1,,Radial Velocity,La Silla Observatory
HD 39194 c,2021,86.1,,Radial Velocity,La Silla Observatory
HD 39194 d,2021,86.1,,Radial Velocity,La Silla Observatory
Kepler-294 c,2014,4426.0,,Transit,Kepler
HD 93385 b,2021,141.4,,Radial Velocity,La Silla Observatory
HD 93385 c,2021,141.4,,Radial Velocity,La Silla Observatory
HD 93385 d,2021,141.4,,Radial Velocity,La Silla Observatory
HD 96700 b,2021,82.9,,Radial Velocity,La Silla Observatory
HD 96700 c,2021,82.9,,Radial Velocity,La Silla Observatory
HD 96700 d,2021,82.9,,Radial Velocity,La Silla Observatory
HD 154088 b,2021,59.6,,Radial Velocity,La Silla Observatory
HD 189567 b,2021,58.4,,Radial Velocity,La Silla Observatory
HD 189567 c,2021,58.4,,Radial Velocity,La Silla Observatory
HIP 97166 b,2021,215.1,19.1,Transit,Transiting Exoplanet Survey Satellite (TESS)
Kepler-1747 b,2021,4309.8,,Transit,Kepler
HIP 97166 c,2021,215.1,,Radial Velocity,Multiple Observatories
TOI-2257 b,2021,188.5,,Transit,Transiting Exoplanet Survey Satellite (TESS)
KMT-2016-BLG-2605L b,2021,20942.5,245.0,Microlensing,KMTNet
HD 29399 b,2022,144.0,,Radial Velocity,La Silla Observatory
OGLE-2019-BLG-0304L b,2021,22765.7,162.1,Microlensing,OGLE
HD 207897 b,2021,92.3,14.8,Transit,Transiting Exoplanet Survey Satellite (TESS)
HD 137496 b,2021,506.6,4.0,Transit,K2
HD 137496 c,2021,506.6,,Radial Velocity,Multiple Observatories
K2-388 b,2022,947.5,,Transit,K2
K2-389 b,2022,845.4,,Transit,K2
K2-389 c,2022,845.4,,Transit,K2
K2-390 b,2022,1487.7,,Transit,K2
K2-391 b,2022,1656.7,,Transit,K2
K2-392 b,2022,1327.4,,Transit,K2
Kepler-1990 b,2023,1280.9,,Transit,Kepler
K2-370 b,2022,470.3,11.1,Transit,K2
K2-395 b,2022,935.2,,Transit,K2
K2-395 c,2022,935.2,,Transit,K2
K2-396 b,2022,896.5,,Transit,K2
K2-397 b,2022,650.2,,Transit,K2
Kepler-826 b,2016,2542.7,,Transit,Kepler
K2-398 b,2022,1979.7,,Transit,K2
K2-398 c,2022,1979.7,,Transit,K2
K2-400 b,2022,203.5,,Transit,K2
K2-401 b,2022,654.7,,Transit,K2
Kepler-825 b,2016,2634.9,,Transit,Kepler
K2-402 b,2022,1706.0,,Transit,K2
K2-403 b,2022,804.3,,Transit,K2
K2-404 b,2022,396.7,,Transit,K2
Kepler-824 b,2016,3918.4,,Transit,Kepler
K2-405 b,2022,643.3,,Transit,K2
K2-406 b,2022,278.5,,Transit,K2
Kepler-823 b,2016,4531.2,,Transit,Kepler
K2-407 b,2022,712.2,,Transit,K2
K2-407 c,2022,712.2,,Transit,K2
Kepler-822 b,2016,2806.2,,Transit,Kepler
K2-408 b,2022,529.4,,Transit,K2
Kepler-821 b,2016,2004.5,,Transit,Kepler
K2-409 b,2022,1405.8,,Transit,K2
K2-374 b,2022,1172.3,,Transit,K2
K2-374 c,2022,1172.3,,Transit,K2
Kepler-58 b,2012,3161.3,34.9,Transit,Kepler
K2-376 b,2022,527.1,,Transit,K2
Kepler-498 b,2016,3062.1,,Transit,Kepler
Kepler-820 b,2016,4524.4,,Transit,Kepler
GJ 367 b,2021,30.7,0.5,Transit,Transiting Exoplanet Survey Satellite (TESS)
TOI-2109 b,2021,854.7,1595.5,Transit,Transiting Exoplanet Survey Satellite (TESS)
TOI-1842 b,2021,728.8,89.4,Transit,Transiting Exoplanet Survey Satellite (TESS)
2M0437 b,2021,419.1,1271.3,Imaging,Subaru Telescope
HATS-74 A b,2021,976.5,464.0,Transit,HATSouth
HATS-75 b,2021,635.9,156.1,Transit,HATSouth
HATS-76 b,2021,1257.9,835.6,Transit,HATSouth
HATS-77 b,2021,1422.6,436.7,Transit,HATSouth
Kepler-1708 b,2021,5436.0,1462.0,Transit,Kepler
Kepler-1705 c,2021,5327.7,5.4,Transit,Kepler
Kepler-288 c,2014,3894.8,,Transit,Kepler
BD+60 1417 b,2021,146.6,4767.4,Imaging,Wide-field Infrared Survey Explorer (WISE) Satellite Mission
HD 360 b,2021,363.8,,Radial Velocity,Okayama Astrophysical Observatory
HD 10975 b,2021,380.0,,Radial Velocity,Okayama Astrophysical Observatory
HD 79181 b,2021,337.0,,Radial Velocity,Okayama Astrophysical Observatory
HD 99283 b,2021,362.3,,Radial Velocity,Okayama Astrophysical Observatory
ups Leo b,2021,171.5,,Radial Velocity,Okayama Astrophysical Observatory
HD 161178 b,2021,349.6,,Radial Velocity,Okayama Astrophysical Observatory
HD 219139 b,2021,342.3,,Radial Velocity,Okayama Astrophysical Observatory
gam Psc b,2021,134.7,,Radial Velocity,Okayama Astrophysical Observatory
HIP 5763 b,2021,104.1,,Radial Velocity,Cerro Tololo Inter-American Observatory
HIP 34222 b,2021,74.5,,Radial Velocity,Cerro Tololo Inter-American Observatory
HIP 86221 b,2021,96.2,,Radial Velocity,Cerro Tololo Inter-American Observatory
OGLE-2019-BLG-0960L b,2021,2283.1,1.8,Microlensing,OGLE
TOI-2180 b,2022,380.6,875.6,Transit,Transiting Exoplanet Survey Satellite (TESS)
OGLE-2018-BLG-0383L b,2022,25114.0,6.4,Microlensing,OGLE
LTT 1445 A c,2022,22.4,1.4,Transit,Transiting Exoplanet Survey Satellite (TESS)
KMT-2021-BLG-0322L b,2021,21526.3,2034.1,Microlensing,KMTNet
OGLE-2018-BLG-0532L b,2020,2521.2,6.2,Microlensing,OGLE
b Cen AB b,2021,319.9,3464.3,Imaging,Paranal Observatory
TOI-1064 b,2022,222.0,13.5,Transit,Transiting Exoplanet Survey Satellite (TESS)
TOI-1064 c,2022,222.0,2.5,Transit,Transiting Exoplanet Survey Satellite (TESS)
HD 22532 b,2022,525.7,,Radial Velocity,La Silla Observatory
HD 64121 b,2022,423.9,,Radial Velocity,La Silla Observatory
HD 69123 b,2022,245.0,982.1,Radial Velocity,La Silla Observatory
TOI-2184 b,2022,2571.1,206.6,Transit,Transiting Exoplanet Survey Satellite (TESS)
TOI-1268 b,2022,357.3,96.4,Transit,Transiting Exoplanet Survey Satellite (TESS)
TOI-2337 b,2022,1748.3,508.5,Transit,Transiting Exoplanet Survey Satellite (TESS)
Kepler-819 b,2016,2166.7,,Transit,Kepler
TOI-4329 b,2022,2339.0,143.0,Transit,Transiting Exoplanet Survey Satellite (TESS)
TOI-2669 b,2022,1283.2,193.9,Transit,Transiting Exoplanet Survey Satellite (TESS)
TOI-206 b,2022,155.7,,Transit,Transiting Exoplanet Survey Satellite (TESS)
TOI-500 b,2022,154.6,1.4,Transit,Transiting Exoplanet Survey Satellite (TESS)
TOI-544 b,2022,134.1,2.9,Transit,Transiting Exoplanet Survey Satellite (TESS)
TOI-833 b,2022,136.1,,Transit,Transiting Exoplanet Survey Satellite (TESS)
TOI-1075 b,2022,200.5,9.9,Transit,Transiting Exoplanet Survey Satellite (TESS)
TOI-1411 b,2022,105.9,2.0,Transit,Transiting Exoplanet Survey Satellite (TESS)
TOI-1442 b,2022,134.3,,Transit,Transiting Exoplanet Survey Satellite (TESS)
TOI-1693 b,2022,100.4,,Transit,Transiting Exoplanet Survey Satellite (TESS)
TOI-1860 b,2022,149.6,,Transit,Transiting Exoplanet Survey Satellite (TESS)
TOI-2260 b,2022,330.2,,Transit,Transiting Exoplanet Survey Satellite (TESS)
TOI-2411 b,2022,194.2,,Transit,Transiting Exoplanet Survey Satellite (TESS)
TOI-2427 b,2022,93.0,,Transit,Transiting Exoplanet Survey Satellite (TESS)
TOI-2445 b,2022,158.5,,Transit,Transiting Exoplanet Survey Satellite (TESS)
GJ 3929 b,2022,51.6,1.8,Transit,Transiting Exoplanet Survey Satellite (TESS)
TOI-1759 b,2022,130.7,10.8,Transit,Transiting Exoplanet Survey Satellite (TESS)
KMT-2017-BLG-2509L b,2021,22961.4,664.3,Microlensing,KMTNet
OGLE-2017-BLG-1099L b,2021,23646.3,959.8,Microlensing,OGLE
OGLE-2019-BLG-0299L b,2021,19014.9,1976.9,Microlensing,OGLE
KMT-2021-BLG-0912L b,2022,18134.3,2.8,Microlensing,KMTNet
KMT-2018-BLG-1988L b,2022,13600.7,6.8,Microlensing,KMTNet
K2-384 b,2022,269.6,,Transit,K2
K2-396 c,2022,896.5,,Transit,K2
WASP-189 b,2020,325.3,632.5,Transit,CHaracterising ExOPlanets Satellite (CHEOPS)
HD 73583 b,2022,103.0,10.2,Transit,Transiting Exoplanet Survey Satellite (TESS)
HD 73583 c,2022,103.0,22.5,Transit,Transiting Exoplanet Survey Satellite (TESS)
TOI-1670 b,2022,548.2,41.3,Transit,Transiting Exoplanet Survey Satellite (TESS)
TOI-1670 c,2022,548.2,183.7,Transit,Transiting Exoplanet Survey Satellite (TESS)
HD 191939 e,2022,174.8,,Radial Velocity,W. M. Keck Observatory
HD 191939 f,2022,174.8,,Radial Velocity,W. M. Keck Observatory
OGLE-2014-BLG-0319L b,2022,25211.9,181.2,Microlensing,OGLE
TOI-1227 b,2022,328.2,,Transit,Transiting Exoplanet Survey Satellite (TESS)
Kepler-818 b,2016,3017.1,,Transit,Kepler
AB Aur b,2022,528.8,2860.5,Imaging,Subaru Telescope
TOI-620 b,2022,107.7,,Transit,Transiting Exoplanet Survey Satellite (TESS)
GJ 514 b,2022,24.8,,Radial Velocity,Multiple Observatories
Kepler-451 c,2022,1292.7,,Eclipse Timing Variations,Multiple Observatories
Kepler-817 b,2016,4841.7,,Transit,Kepler
Kepler-451 d,2022,1292.7,,Eclipse Timing Variations,Multiple Observatories
pi Men d,2022,59.6,,Radial Velocity,La Silla Observatory
TYC 2187-512-1 b,2022,50.5,,Radial Velocity,Calar Alto Observatory
iot Dra c,2021,102.2,,Radial Velocity,La Silla Observatory
TOI-1246 b,2022,552.6,8.1,Transit,Transiting Exoplanet Survey Satellite (TESS)
TOI-1246 c,2022,552.6,8.8,Transit,Transiting Exoplanet Survey Satellite (TESS)
TOI-1246 d,2022,552.6,5.4,Transit,Transiting Exoplanet Survey Satellite (TESS)
TOI-1246 e,2022,552.6,14.5,Transit,Transiting Exoplanet Survey Satellite (TESS)
TOI-1696 b,2022,211.7,48.8,Transit,Transiting Exoplanet Survey Satellite (TESS)
TOI-2136 b,2022,108.8,15.0,Transit,Transiting Exoplanet Survey Satellite (TESS)
HIP 94235 b,2022,190.8,379.0,Transit,Transiting Exoplanet Survey Satellite (TESS)
TOI-1710 b,2022,264.9,18.4,Transit,Transiting Exoplanet Survey Satellite (TESS)
HD 103891 b,2022,181.1,918.5,Radial Velocity,La Silla Observatory
HD 105779 b,2022,180.2,,Radial Velocity,La Silla Observatory
TOI-500 c,2022,154.6,,Radial Velocity,La Silla Observatory
TOI-500 d,2022,154.6,,Radial Velocity,La Silla Observatory
TOI-500 e,2022,154.6,,Radial Velocity,La Silla Observatory
TOI-1181 b,2022,987.7,374.7,Transit,Transiting Exoplanet Survey Satellite (TESS)
TOI-1516 b,2022,805.8,1004.3,Transit,Transiting Exoplanet Survey Satellite (TESS)
TOI-2046 b,2022,944.8,731.0,Transit,Transiting Exoplanet Survey Satellite (TESS)
WASP-132 c,2022,400.9,37.4,Transit,Transiting Exoplanet Survey Satellite (TESS)
Kepler-1656 c,2022,606.2,126.4,Radial Velocity,W. M. Keck Observatory
Gaia-1 b,2022,1186.1,534.0,Transit,European Space Agency (ESA) Gaia Satellite
Gaia-2 b,2022,682.4,259.7,Transit,European Space Agency (ESA) Gaia Satellite
TOI-1107 b,2022,917.5,1064.7,Transit,Transiting Exoplanet Survey Satellite (TESS)
Ross 508 b,2022,36.6,,Radial Velocity,Subaru Telescope
HD 83443 c,2022,133.4,476.7,Radial Velocity,Multiple Observatories
HD 28109 b,2022,455.3,6.2,Transit,Transiting Exoplanet Survey Satellite (TESS)
HD 28109 c,2022,455.3,7.9,Transit,Transiting Exoplanet Survey Satellite (TESS)
Kepler-816 b,2016,3208.4,,Transit,Kepler
HD 28109 d,2022,455.3,5.7,Transit,Transiting Exoplanet Survey Satellite (TESS)
HD 260655 b,2022,32.6,2.1,Transit,Transiting Exoplanet Survey Satellite (TESS)
HD 260655 c,2022,32.6,3.1,Transit,Transiting Exoplanet Survey Satellite (TESS)
HD 33142 d,2022,395.9,,Radial Velocity,Multiple Observatories
HD 19615 b,2022,864.8,,Radial Velocity,Bohyunsan Optical Astronomical Observatory
HD 150010 b,2022,471.3,,Radial Velocity,Bohyunsan Optical Astronomical Observatory
HD 174205 b,2022,763.3,,Radial Velocity,Bohyunsan Optical Astronomical Observatory
TOI-3714 b,2022,367.6,222.5,Transit,Transiting Exoplanet Survey Satellite (TESS)
TOI-3629 b,2022,424.3,82.6,Transit,Transiting Exoplanet Survey Satellite (TESS)
TOI-4479 b,2022,263.1,,Transit,Transiting Exoplanet Survey Satellite (TESS)
TOI-2081 b,2022,203.3,,Transit,Transiting Exoplanet Survey Satellite (TESS)
TOI-1272 b,2022,448.7,24.1,Transit,Transiting Exoplanet Survey Satellite (TESS)
KOI-984 c,2022,824.1,209.8,Transit Timing Variations,Kepler
TOI-5153 b,2022,1273.6,1036.1,Transit,Transiting Exoplanet Survey Satellite (TESS)
NGTS-20 b,2022,1248.8,947.1,Transit,Transiting Exoplanet Survey Satellite (TESS)
HIP 21152 b,2022,141.6,7627.9,Imaging,Multiple Observatories
TOI-1422 b,2022,506.0,12.1,Transit,Transiting Exoplanet Survey Satellite (TESS)
GJ 3512 c,2020,30.9,,Radial Velocity,Multiple Observatories
CoRoT-7 d,2022,521.5,17.1,Radial Velocity,La Silla Observatory
CoRoT-35 b,2022,3663.4,349.6,Transit,CoRoT
CoRoT-36 b,2022,3020.1,216.1,Transit,CoRoT
GJ 3929 c,2022,51.6,,Radial Velocity,Multiple Observatories
HD 93963 A b,2022,268.6,7.8,Transit,Transiting Exoplanet Survey Satellite (TESS)
HD 93963 A c,2022,268.6,19.2,Transit,Transiting Exoplanet Survey Satellite (TESS)
KMT-2020-BLG-0414L b,2021,2250.5,0.9,Microlensing,KMTNet
KMT-2020-BLG-0414L c,2021,3979.1,8581.4,Microlensing,KMTNet
TOI-128.01,2024,223.3,,Transit,Transiting Exoplanet Survey Satellite (TESS)
TOI-139 b,2023,138.3,,Transit,Transiting Exoplanet Survey Satellite (TESS)
Kepler-1743 b,2021,1757.4,,Transit,Kepler
Kepler-18 c,2011,1412.4,2.8,Transit,Kepler
TOI-159 b,2026,1133.7,1110.0,Transit,Transiting Exoplanet Survey Satellite (TESS)
Kepler-815 b,2016,4107.2,,Transit,Kepler
GJ 3090 b,2022,73.3,3.3,Transit,Transiting Exoplanet Survey Satellite (TESS)
HD 18599 b,2022,125.8,24.1,Transit,Transiting Exoplanet Survey Satellite (TESS)
TOI-181 b,2023,313.9,46.2,Transit,Transiting Exoplanet Survey Satellite (TESS)
TOI-199 b,2023,333.6,54.0,Transit,Transiting Exoplanet Survey Satellite (TESS)
Kepler-814 b,2016,6705.0,,Transit,Kepler
TOI-205 b,2026,579.8,,Transit,Transiting Exoplanet Survey Satellite (TESS)
TOI-209 b,2026,369.8,,Transit,Transiting Exoplanet Survey Satellite (TESS)
Kepler-1667 b,2020,2044.4,,Transit,Kepler
Kepler-812 b,2016,4836.0,,Transit,Kepler
TOI-238 b,2024,262.7,3.4,Transit,Transiting Exoplanet Survey Satellite (TESS)
TOI-244 b,2023,71.9,2.7,Transit,Transiting Exoplanet Survey Satellite (TESS)
Kepler-811 b,2016,3212.8,,Transit,Kepler
TOI-261.01,2021,373.4,,Transit,Transiting Exoplanet Survey Satellite (TESS)
TOI-261.02,2021,373.4,,Transit,Transiting Exoplanet Survey Satellite (TESS)
TOI-262 b,2023,143.3,,Transit,Transiting Exoplanet Survey Satellite (TESS)
HIP 8152 b,2023,331.7,8.9,Transit,Transiting Exoplanet Survey Satellite (TESS)
Kepler-287 c,2014,2726.2,66.0,Transit,Kepler
HIP 8152 c,2023,331.7,9.4,Transit,Transiting Exoplanet Survey Satellite (TESS)
TOI-277 b,2022,210.9,,Transit,Transiting Exoplanet Survey Satellite (TESS)
Kepler-286 b,2014,4001.4,,Transit,Kepler
TOI-283 b,2025,269.7,6.5,Transit,Transiting Exoplanet Survey Satellite (TESS)
TOI-286 b,2024,193.2,4.5,Transit,Transiting Exoplanet Survey Satellite (TESS)
TOI-286 c,2024,193.2,3.7,Transit,Transiting Exoplanet Survey Satellite (TESS)
Kepler-69 b,2013,2383.0,,Transit,Kepler
Kepler-285 b,2014,2688.5,,Transit,Kepler
Kepler-810 b,2016,4757.3,,Transit,Kepler
Kepler-809 b,2016,3135.7,,Transit,Kepler
TOI-329 b,2024,927.5,40.4,Transit,Transiting Exoplanet Survey Satellite (TESS)
TOI-332 b,2023,726.8,57.2,Transit,Transiting Exoplanet Survey Satellite (TESS)
Kepler-284 b,2014,3365.8,,Transit,Kepler
TOI-333 b,2025,1148.9,20.1,Transit,Transiting Exoplanet Survey Satellite (TESS)
Kepler-432 b,2015,2765.9,1719.5,Transit,Kepler
Kepler-283 b,2014,1526.7,,Transit,Kepler
TOI-375 b,2026,1292.3,236.8,Transit,Transiting Exoplanet Survey Satellite (TESS)
Kepler-463 b,2016,1287.7,,Transit,Kepler
TOI-406.01,2024,101.3,6.6,Transit,Transiting Exoplanet Survey Satellite (TESS)
TOI-406 c,2024,101.3,2.1,Transit,Transiting Exoplanet Survey Satellite (TESS)
TOI-411 c,2022,204.8,9.7,Transit,Transiting Exoplanet Survey Satellite (TESS)
TOI-411 b,2022,204.8,13.7,Transit,Transiting Exoplanet Survey Satellite (TESS)
TOI-444 b,2023,187.2,,Transit,Transiting Exoplanet Survey Satellite (TESS)
HD 15906 b,2023,148.6,,Transit,Transiting Exoplanet Survey Satellite (TESS)
TOI-469.01,2021,222.4,9.1,Transit,Transiting Exoplanet Survey Satellite (TESS)
TOI-470 b,2023,425.5,,Transit,Transiting Exoplanet Survey Satellite (TESS)
TOI-480 b,2024,177.9,20.8,Transit,Transiting Exoplanet Survey Satellite (TESS)
TOI-512 b,2025,219.8,3.6,Transit,Transiting Exoplanet Survey Satellite (TESS)
TOI-521 b,2025,198.8,5.3,Transit,Transiting Exoplanet Survey Satellite (TESS)
HD 25463 b,2023,148.8,8.5,Transit,Transiting Exoplanet Survey Satellite (TESS)
HD 25463 c,2023,148.8,4.1,Transit,Transiting Exoplanet Survey Satellite (TESS)
Kepler-806 b,2016,1180.3,,Transit,Kepler
Kepler-805 b,2016,2082.5,,Transit,Kepler
Kepler-1742 b,2021,2183.9,,Transit,Kepler
TOI-615 b,2023,1175.5,138.3,Transit,Transiting Exoplanet Survey Satellite (TESS)
TOI-622 b,2023,402.1,96.3,Transit,Transiting Exoplanet Survey Satellite (TESS)
Kepler-804 b,2016,2118.9,,Transit,Kepler
Kepler-282 d,2013,4362.7,61.0,Transit,Kepler
TOI-654.01,2024,188.4,8.7,Transit,Transiting Exoplanet Survey Satellite (TESS)
TOI-663 b,2024,209.5,4.5,Transit,Transiting Exoplanet Survey Satellite (TESS)
Kepler-1991 c,2023,2791.3,,Transit,Kepler
TOI-663 c,2024,209.5,3.6,Transit,Transiting Exoplanet Survey Satellite (TESS)
TOI-663 d,2024,209.5,5.2,Transit,Transiting Exoplanet Survey Satellite (TESS)
TOI-669 b,2023,466.0,9.8,Transit,Transiting Exoplanet Survey Satellite (TESS)
TOI-672 b,2023,218.2,50.9,Transit,Transiting Exoplanet Survey Satellite (TESS)
Kepler-410 A b,2013,481.2,,Transit,Kepler
Kepler-803 b,2016,2086.7,,Transit,Kepler
TOI-682.01,2021,271.2,,Transit,Transiting Exoplanet Survey Satellite (TESS)
Kepler-421 b,2014,1136.8,,Transit,Kepler
TOI-697 b,2026,305.8,,Transit,Transiting Exoplanet Survey Satellite (TESS)
Kepler-802 b,2016,2545.9,,Transit,Kepler
TOI-700 e,2023,101.5,,Transit,Transiting Exoplanet Survey Satellite (TESS)
TOI-707 b,2026,427.1,,Transit,Transiting Exoplanet Survey Satellite (TESS)
TOI-712 b,2022,191.2,,Transit,Transiting Exoplanet Survey Satellite (TESS)
TOI-712 c,2022,191.2,,Transit,Transiting Exoplanet Survey Satellite (TESS)
TOI-712 d,2022,191.2,,Transit,Transiting Exoplanet Survey Satellite (TESS)
TOI-715 b,2023,138.3,,Transit,Transiting Exoplanet Survey Satellite (TESS)
Kepler-57 b,2012,2100.9,115.0,Transit,Kepler
TOI-733 b,2023,245.3,5.7,Transit,Transiting Exoplanet Survey Satellite (TESS)
TOI-756 b,2025,281.1,9.8,Transit,Transiting Exoplanet Survey Satellite (TESS)
TOI-757 b,2024,196.8,10.5,Transit,Transiting Exoplanet Survey Satellite (TESS)
TOI-762 A b,2024,321.1,79.8,Transit,Transiting Exoplanet Survey Satellite (TESS)
TOI-771 b,2024,82.4,2.5,Transit,Transiting Exoplanet Survey Satellite (TESS)
TOI-778 b,2023,527.5,878.0,Transit,Transiting Exoplanet Survey Satellite (TESS)
Kepler-801 b,2016,1436.5,,Transit,Kepler
TOI-782 b,2024,171.3,19.1,Transit,Transiting Exoplanet Survey Satellite (TESS)
TOI-784 b,2023,210.7,9.7,Transit,Transiting Exoplanet Survey Satellite (TESS)
TOI-791 b,2026,1112.9,9.5,Transit,Transiting Exoplanet Survey Satellite (TESS)
Kepler-800 b,2016,3324.4,,Transit,Kepler
TOI-799 b,2026,517.0,,Transit,Transiting Exoplanet Survey Satellite (TESS)
TOI-808 b,2026,320.2,,Transit,Transiting Exoplanet Survey Satellite (TESS)
TOI-815 b,2024,194.8,7.6,Transit,Transiting Exoplanet Survey Satellite (TESS)
WASP-108 b,2020,844.0,283.5,Transit,Transiting Exoplanet Survey Satellite (TESS)
TOI-836.01,2021,89.7,9.6,Transit,Transiting Exoplanet Survey Satellite (TESS)
TOI-836 b,2023,89.7,4.5,Transit,Transiting Exoplanet Survey Satellite (TESS)
TOI-858 B b,2023,817.0,349.6,Transit,Transiting Exoplanet Survey Satellite (TESS)
Kepler-281 c,2014,5692.9,69.6,Transit,Kepler
TOI-871 b,2024,221.9,,Transit,Transiting Exoplanet Survey Satellite (TESS)
TOI-880 c,2025,197.9,,Transit,Transiting Exoplanet Survey Satellite (TESS)
TOI-880.02,2024,197.9,,Transit,Transiting Exoplanet Survey Satellite (TESS)
TOI-883 b,2026,334.8,,Transit,Transiting Exoplanet Survey Satellite (TESS)
Kepler-115 c,2014,2033.9,,Transit,Kepler
TOI-904 b,2023,150.3,,Transit,Transiting Exoplanet Survey Satellite (TESS)
TOI-904 c,2023,150.3,,Transit,Transiting Exoplanet Survey Satellite (TESS)
TOI-907.01,2024,1019.3,,Transit,Transiting Exoplanet Survey Satellite (TESS)
TOI-908 b,2023,573.2,16.1,Transit,Transiting Exoplanet Survey Satellite (TESS)
LHS 475 b,2023,40.7,,Transit,Transiting Exoplanet Survey Satellite (TESS)
TOI-912 b,2025,85.2,5.1,Transit,Transiting Exoplanet Survey Satellite (TESS)
TOI-913 b,2023,212.6,,Transit,Transiting Exoplanet Survey Satellite (TESS)
TOI-921 b,2026,958.9,,Transit,Transiting Exoplanet Survey Satellite (TESS)
TOI-929 b,2026,373.2,,Transit,Transiting Exoplanet Survey Satellite (TESS)
TOI-938 b,2026,701.3,,Transit,Transiting Exoplanet Survey Satellite (TESS)
TOI-941 b,2026,859.0,,Transit,Transiting Exoplanet Survey Satellite (TESS)
TOI-969 b,2022,252.0,9.1,Transit,Transiting Exoplanet Survey Satellite (TESS)
Kepler-798 b,2016,3171.1,,Transit,Kepler
TOI-1011 b,2025,171.6,4.0,Transit,Transiting Exoplanet Survey Satellite (TESS)
TOI-1036 b,2026,600.2,,Transit,Transiting Exoplanet Survey Satellite (TESS)
Kepler-56 c,2012,2977.8,286.8,Transit,Kepler
Kepler-280 b,2014,2545.2,,Transit,Kepler
TOI-1052 b,2023,423.4,16.9,Transit,Transiting Exoplanet Survey Satellite (TESS)
TOI-1054.01,2021,288.4,,Transit,Transiting Exoplanet Survey Satellite (TESS)
TOI-1080 b,2026,83.4,10.7,Transit,Transiting Exoplanet Survey Satellite (TESS)
Kepler-797 b,2016,4289.8,,Transit,Kepler
HD 109833 b,2022,259.5,,Transit,Transiting Exoplanet Survey Satellite (TESS)
HD 109833 c,2022,259.5,,Transit,Transiting Exoplanet Survey Satellite (TESS)
Kepler-279 c,2013,3383.5,49.4,Transit,Kepler
TOI-1105 b,2026,259.4,,Transit,Transiting Exoplanet Survey Satellite (TESS)
TOI-1117 b,2025,546.6,8.9,Transit,Transiting Exoplanet Survey Satellite (TESS)
TOI-1135 b,2024,372.0,51.4,Transit,Transiting Exoplanet Survey Satellite (TESS)
TOI-1136 d,2022,275.7,8.3,Transit,Transiting Exoplanet Survey Satellite (TESS)
TOI-1136 c,2022,275.7,6.3,Transit,Transiting Exoplanet Survey Satellite (TESS)
TOI-1136 f,2022,275.7,9.7,Transit,Transiting Exoplanet Survey Satellite (TESS)
TOI-1136 e,2022,275.7,6.1,Transit,Transiting Exoplanet Survey Satellite (TESS)
TOI-1173 b,2024,431.7,27.4,Transit,Transiting Exoplanet Survey Satellite (TESS)
TOI-1174 b,2024,308.7,32.0,Transit,Transiting Exoplanet Survey Satellite (TESS)
TOI-1180 b,2024,234.9,10.0,Transit,Transiting Exoplanet Survey Satellite (TESS)
TOI-1184 b,2024,191.1,6.8,Transit,Transiting Exoplanet Survey Satellite (TESS)
TOI-1194 b,2023,488.1,120.0,Transit,Transiting Exoplanet Survey Satellite (TESS)
TOI-1199 b,2024,810.3,76.0,Transit,Transiting Exoplanet Survey Satellite (TESS)
TOI-1203.01,2021,212.0,7.4,Transit,Transiting Exoplanet Survey Satellite (TESS)
Kepler-44 b,2011,3874.7,317.8,Transit,Kepler
TOI-1221 b,2023,451.4,1112.4,Transit,Transiting Exoplanet Survey Satellite (TESS)
TOI-1226 b,2026,841.3,,Transit,Transiting Exoplanet Survey Satellite (TESS)
HD 56414 b,2022,887.9,,Transit,Transiting Exoplanet Survey Satellite (TESS)
TOI-1230.01,2021,466.9,,Transit,Transiting Exoplanet Survey Satellite (TESS)
TOI-1232 b,2026,1071.8,220.6,Transit,Transiting Exoplanet Survey Satellite (TESS)
TOI-1238 c,2022,230.6,8.3,Transit,Transiting Exoplanet Survey Satellite (TESS)
TOI-1238 b,2022,230.6,3.8,Transit,Transiting Exoplanet Survey Satellite (TESS)
TOI-1243 b,2026,140.9,7.7,Transit,Transiting Exoplanet Survey Satellite (TESS)
TOI-1244 b,2024,334.5,6.6,Transit,Transiting Exoplanet Survey Satellite (TESS)
HD 135694 b,2023,240.9,5.7,Transit,Transiting Exoplanet Survey Satellite (TESS)
TOI-1248 b,2024,550.3,27.4,Transit,Transiting Exoplanet Survey Satellite (TESS)
TOI-1249 b,2024,455.0,11.9,Transit,Transiting Exoplanet Survey Satellite (TESS)
TOI-1269 b,2024,561.4,6.4,Transit,Transiting Exoplanet Survey Satellite (TESS)
TOI-1269 c,2026,561.4,,Transit,Transiting Exoplanet Survey Satellite (TESS)
TOI-1273 b,2024,577.7,70.6,Transit,Transiting Exoplanet Survey Satellite (TESS)
Kepler-278 b,2014,1445.0,56.0,Transit,Kepler
TOI-1279 b,2024,349.2,10.6,Transit,Transiting Exoplanet Survey Satellite (TESS)
Kepler-796 b,2016,2666.6,,Transit,Kepler
TOI-1288 b,2022,374.6,44.1,Transit,Transiting Exoplanet Survey Satellite (TESS)
TOI-1291 b,2026,1396.3,,Transit,Transiting Exoplanet Survey Satellite (TESS)
TOI-1294 b,2024,1085.0,63.9,Transit,Transiting Exoplanet Survey Satellite (TESS)
TOI-1295 b,2024,1266.2,451.3,Transit,Transiting Exoplanet Survey Satellite (TESS)
TOI-1301.01,2024,296.4,,Transit,Transiting Exoplanet Survey Satellite (TESS)
Kepler-795 b,2016,1605.1,,Transit,Kepler
Kepler-794 b,2016,3037.1,,Transit,Kepler
Kepler-504 b,2016,323.1,,Transit,Kepler
Kepler-277 b,2013,3185.4,78.1,Transit,Kepler
TOI-1346 c,2025,376.5,,Transit,Transiting Exoplanet Survey Satellite (TESS)
TOI-1346 b,2025,376.5,,Transit,Transiting Exoplanet Survey Satellite (TESS)
TOI-1347 b,2024,481.0,12.2,Transit,Transiting Exoplanet Survey Satellite (TESS)
TOI-1347 c,2024,481.0,9.0,Transit,Transiting Exoplanet Survey Satellite (TESS)
Kepler-793 b,2016,3214.9,,Transit,Kepler
Kepler-792 b,2016,4649.3,,Transit,Kepler
TOI-1386 b,2024,479.0,47.0,Transit,Transiting Exoplanet Survey Satellite (TESS)
Kepler-791 b,2016,4130.2,,Transit,Kepler
TOI-1408 b,2023,454.9,537.1,Transit,Transiting Exoplanet Survey Satellite (TESS)
TOI-1410.01,2024,237.3,12.5,Transit,Transiting Exoplanet Survey Satellite (TESS)
TOI-1416 b,2023,179.4,3.5,Transit,Transiting Exoplanet Survey Satellite (TESS)
TOI-1420 b,2023,658.6,25.1,Transit,Transiting Exoplanet Survey Satellite (TESS)
Kepler-790 b,2016,2293.4,,Transit,Kepler
HD 235088 b,2023,134.3,4.2,Transit,Transiting Exoplanet Survey Satellite (TESS)
TOI-1437 b,2024,336.9,9.6,Transit,Transiting Exoplanet Survey Satellite (TESS)
TOI-1438 b,2025,360.4,9.4,Transit,Transiting Exoplanet Survey Satellite (TESS)
TOI-1438 c,2025,360.4,10.6,Transit,Transiting Exoplanet Survey Satellite (TESS)
TOI-1439 b,2024,751.2,38.5,Transit,Transiting Exoplanet Survey Satellite (TESS)
TOI-1443 b,2024,279.9,30.0,Transit,Transiting Exoplanet Survey Satellite (TESS)
Kepler-41 b,2011,3565.1,179.9,Transit,Kepler
Kepler-789 b,2016,4827.6,,Transit,Kepler
TOI-1448 b,2024,239.2,19.5,Transit,Transiting Exoplanet Survey Satellite (TESS)
TOI-1450 A b,2024,73.2,1.3,Transit,Transiting Exoplanet Survey Satellite (TESS)
TOI-1451 b,2024,299.9,15.2,Transit,Transiting Exoplanet Survey Satellite (TESS)
TOI-1452 b,2022,99.5,4.8,Transit,Transiting Exoplanet Survey Satellite (TESS)
TOI-1453 c,2025,256.8,3.0,Transit,Transiting Exoplanet Survey Satellite (TESS)
TOI-1453 b,2025,256.8,2.3,Transit,Transiting Exoplanet Survey Satellite (TESS)
Kepler-788 b,2016,5791.9,,Transit,Kepler
TOI-1466 b,2026,282.4,,Transit,Transiting Exoplanet Survey Satellite (TESS)
TOI-1467 b,2024,122.1,9.0,Transit,Transiting Exoplanet Survey Satellite (TESS)
TOI-1468 c,2022,80.7,4.1,Transit,Transiting Exoplanet Survey Satellite (TESS)
TOI-1468 b,2022,80.7,3.0,Transit,Transiting Exoplanet Survey Satellite (TESS)
TOI-1470 b,2023,169.4,7.3,Transit,Transiting Exoplanet Survey Satellite (TESS)
Kepler-276 c,2013,3734.0,25.2,Transit,Kepler
HIP 9618 b,2023,220.3,10.0,Transit,Transiting Exoplanet Survey Satellite (TESS)
HIP 9618 c,2023,220.3,18.3,Transit,Transiting Exoplanet Survey Satellite (TESS)
TOI-1472 b,2024,397.4,18.1,Transit,Transiting Exoplanet Survey Satellite (TESS)
HD 6061 b,2023,220.5,10.8,Transit,Transiting Exoplanet Survey Satellite (TESS)
Kepler-787 b,2016,1642.4,,Transit,Kepler
Kepler-1741 b,2021,883.0,,Transit,Kepler
Kepler-786 b,2016,1582.9,,Transit,Kepler
Kepler-275 c,2014,6634.8,,Transit,Kepler
TOI-1533 b,2026,326.3,28.1,Transit,Transiting Exoplanet Survey Satellite (TESS)
Kepler-465 b,2016,1803.9,,Transit,Kepler
Kepler-415 c,2014,1730.2,,Transit Timing Variations,Kepler
Kepler-1740 b,2021,3463.0,,Transit,Kepler
HAT-P-47 b,2026,920.1,65.5,Transit,Transiting Exoplanet Survey Satellite (TESS)
TOI-1630.01,2024,215.6,,Transit,Transiting Exoplanet Survey Satellite (TESS)
TOI-1648 b,2025,227.8,7.4,Transit,Transiting Exoplanet Survey Satellite (TESS)
TOI-1659.01,2024,399.5,,Transit,Transiting Exoplanet Survey Satellite (TESS)
TOI-1669 c,2024,362.9,13.0,Transit,Transiting Exoplanet Survey Satellite (TESS)
Kepler-484 b,2016,1246.4,,Transit,Kepler
TOI-1680 b,2023,121.4,,Transit,Transiting Exoplanet Survey Satellite (TESS)
TOI-1683.01,2024,167.0,,Transit,Transiting Exoplanet Survey Satellite (TESS)
TOI-1691 b,2024,363.5,14.6,Transit,Transiting Exoplanet Survey Satellite (TESS)
TOI-1694 b,2023,406.7,26.1,Transit,Transiting Exoplanet Survey Satellite (TESS)
TOI-1695 b,2022,147.2,6.4,Transit,Transiting Exoplanet Survey Satellite (TESS)
TOI-1716.01,2024,339.7,,Transit,Transiting Exoplanet Survey Satellite (TESS)
TOI-1718 b,2026,170.6,,Transit,Transiting Exoplanet Survey Satellite (TESS)
TOI-1722 b,2026,444.9,,Transit,Transiting Exoplanet Survey Satellite (TESS)
TOI-1723 b,2024,328.5,10.4,Transit,Transiting Exoplanet Survey Satellite (TESS)
LHS 1903 c,2026,116.4,4.5,Transit,Transiting Exoplanet Survey Satellite (TESS)
LHS 1903 b,2026,116.4,3.3,Transit,Transiting Exoplanet Survey Satellite (TESS)
LHS 1903 d,2026,116.4,6.0,Transit,Transiting Exoplanet Survey Satellite (TESS)
TOI-1732 b,2026,243.8,,Transit,Transiting Exoplanet Survey Satellite (TESS)
TOI-1736 b,2023,290.1,11.9,Transit,Transiting Exoplanet Survey Satellite (TESS)
TOI-1739 b,2024,231.5,,Transit,Transiting Exoplanet Survey Satellite (TESS)
TOI-1742 b,2024,237.7,9.7,Transit,Transiting Exoplanet Survey Satellite (TESS)
TOI-1743 b,2025,134.6,,Transit,Transiting Exoplanet Survey Satellite (TESS)
TOI-1744.01,2024,373.1,,Transit,Transiting Exoplanet Survey Satellite (TESS)
TOI-1750 b,2026,529.9,,Transit,Transiting Exoplanet Survey Satellite (TESS)
TOI-1751 b,2024,369.6,19.5,Transit,Transiting Exoplanet Survey Satellite (TESS)
TOI-1752 b,2026,336.0,,Transit,Transiting Exoplanet Survey Satellite (TESS)
TOI-1752 c,2026,336.0,,Transit,Transiting Exoplanet Survey Satellite (TESS)
TOI-1753 b,2024,739.3,16.6,Transit,Transiting Exoplanet Survey Satellite (TESS)
TOI-1756 b,2026,282.8,,Transit,Transiting Exoplanet Survey Satellite (TESS)
TOI-1758 b,2024,315.1,6.9,Transit,Transiting Exoplanet Survey Satellite (TESS)
TOI-1768.01,2024,514.0,,Transit,Transiting Exoplanet Survey Satellite (TESS)
TOI-1772.01,2024,318.8,,Transit,Transiting Exoplanet Survey Satellite (TESS)
Kepler-785 b,2016,2094.1,,Transit,Kepler
TOI-1774.01,2021,176.0,,Transit,Transiting Exoplanet Survey Satellite (TESS)
TOI-1775 b,2024,486.7,96.0,Transit,Transiting Exoplanet Survey Satellite (TESS)
TOI-1776 b,2024,145.6,1.4,Transit,Transiting Exoplanet Survey Satellite (TESS)
TOI-1777.01,2024,260.2,,Transit,Transiting Exoplanet Survey Satellite (TESS)
HD 77946 b,2024,324.4,8.4,Transit,Transiting Exoplanet Survey Satellite (TESS)
TOI-1782.01,2024,310.7,,Transit,Transiting Exoplanet Survey Satellite (TESS)
TOI-1782.02,2024,310.7,,Transit,Transiting Exoplanet Survey Satellite (TESS)
Kepler-105 b,2013,1497.8,10.8,Transit,Kepler
Kepler-784 b,2016,4252.2,,Transit,Kepler
TOI-1794 b,2024,508.1,8.7,Transit,Transiting Exoplanet Survey Satellite (TESS)
TOI-1798.01,2024,369.1,6.5,Transit,Transiting Exoplanet Survey Satellite (TESS)
TOI-1798.02,2024,369.1,5.6,Transit,Transiting Exoplanet Survey Satellite (TESS)
TOI-1799 b,2024,202.6,4.0,Transit,Transiting Exoplanet Survey Satellite (TESS)
TOI-1801 b,2023,100.1,5.7,Transit,Transiting Exoplanet Survey Satellite (TESS)
TOI-1803 c,2025,388.9,8.0,Transit,Transiting Exoplanet Survey Satellite (TESS)
TOI-1803 b,2025,388.9,10.3,Transit,Transiting Exoplanet Survey Satellite (TESS)
TOI-1806.01,2024,181.1,,Transit,Transiting Exoplanet Survey Satellite (TESS)
TOI-1811 b,2023,418.2,308.9,Transit,Transiting Exoplanet Survey Satellite (TESS)
TOI-1814 b,2026,1182.4,,Transit,Transiting Exoplanet Survey Satellite (TESS)
TOI-1820 b,2022,810.5,731.0,Transit,Transiting Exoplanet Survey Satellite (TESS)
TOI-1823 b,2024,233.7,67.4,Transit,Transiting Exoplanet Survey Satellite (TESS)
TOI-1824 b,2024,193.8,16.0,Transit,Transiting Exoplanet Survey Satellite (TESS)
TOI-1836 b,2024,625.1,38.5,Transit,Transiting Exoplanet Survey Satellite (TESS)
TOI-1836 c,2024,625.1,8.0,Transit,Transiting Exoplanet Survey Satellite (TESS)
TOI-1839 b,2026,378.6,,Transit,Transiting Exoplanet Survey Satellite (TESS)
TOI-1846 b,2025,154.1,,Transit,Transiting Exoplanet Survey Satellite (TESS)
TOI-1853 b,2023,538.5,73.2,Transit,Transiting Exoplanet Survey Satellite (TESS)
TOI-1855 b,2024,576.8,360.1,Transit,Transiting Exoplanet Survey Satellite (TESS)
TOI-1859 b,2023,731.8,,Transit,Transiting Exoplanet Survey Satellite (TESS)
TOI-1873 b,2026,593.6,,Transit,Transiting Exoplanet Survey Satellite (TESS)
TOI-1883 b,2024,376.3,13.7,Transit,Transiting Exoplanet Survey Satellite (TESS)
TOI-1898 b,2024,259.8,129.0,Transit,Transiting Exoplanet Survey Satellite (TESS)
TOI-1937 A b,2023,1354.0,638.8,Transit,Transiting Exoplanet Survey Satellite (TESS)
TOI-1994 b,2024,1681.7,7024.0,Transit,Transiting Exoplanet Survey Satellite (TESS)
TOI-2000 c,2023,573.1,81.7,Transit,Transiting Exoplanet Survey Satellite (TESS)
TOI-2000 b,2023,573.1,11.0,Transit,Transiting Exoplanet Survey Satellite (TESS)
TOI-2005 b,2025,1071.3,2034.1,Transit,Transiting Exoplanet Survey Satellite (TESS)
TOI-2010 b,2023,356.1,408.7,Transit,Transiting Exoplanet Survey Satellite (TESS)
TOI-2015 b,2023,154.4,16.4,Transit,Transiting Exoplanet Survey Satellite (TESS)
TOI-2019 b,2024,645.8,34.4,Transit,Transiting Exoplanet Survey Satellite (TESS)
TOI-2025 b,2022,1095.8,1398.4,Transit,Transiting Exoplanet Survey Satellite (TESS)
Kepler-831 b,2016,1935.9,,Transit,Kepler
TOI-2031 A b,2025,900.5,254.3,Transit,Transiting Exoplanet Survey Satellite (TESS)
KOI-217 b,2010,2983.3,,Transit,Kepler
TOI-2040 b,2026,472.0,248.2,Transit,Transiting Exoplanet Survey Satellite (TESS)
TOI-2048 b,2022,380.2,,Transit,Transiting Exoplanet Survey Satellite (TESS)
TOI-2049 b,2026,1863.9,486.3,Transit,Transiting Exoplanet Survey Satellite (TESS)
TOI-2068 b,2024,172.6,,Transit,Transiting Exoplanet Survey Satellite (TESS)
Kepler-1746 b,2021,3194.8,,Transit,Kepler
TOI-2071 b,2026,754.4,,Transit,Transiting Exoplanet Survey Satellite (TESS)
TOI-2084 b,2023,373.6,,Transit,Transiting Exoplanet Survey Satellite (TESS)
TOI-2088 b,2024,412.5,37.0,Transit,Transiting Exoplanet Survey Satellite (TESS)
TOI-2092 b,2026,576.5,,Transit,Transiting Exoplanet Survey Satellite (TESS)
TOI-2093 c,2025,270.1,15.8,Transit,Transiting Exoplanet Survey Satellite (TESS)
TOI-2094 b,2026,163.2,,Transit,Transiting Exoplanet Survey Satellite (TESS)
TOI-2095 b,2023,136.7,4.1,Transit,Transiting Exoplanet Survey Satellite (TESS)
TOI-2095 c,2023,136.7,7.4,Transit,Transiting Exoplanet Survey Satellite (TESS)
TOI-2096 b,2023,158.1,,Transit,Transiting Exoplanet Survey Satellite (TESS)
TOI-2096 c,2023,158.1,,Transit,Transiting Exoplanet Survey Satellite (TESS)
TOI-2104 b,2026,250.3,,Transit,Transiting Exoplanet Survey Satellite (TESS)
TOI-2107 b,2024,772.0,263.8,Transit,Transiting Exoplanet Survey Satellite (TESS)
Kepler-829 b,2016,3502.1,,Transit,Kepler
TOI-2120 b,2024,104.9,6.8,Transit,Transiting Exoplanet Survey Satellite (TESS)
Kepler-1745 b,2021,3248.9,,Transit,Kepler
TOI-2128 b,2024,119.3,4.5,Transit,Transiting Exoplanet Survey Satellite (TESS)
TOI-2133 b,2026,245.3,,Transit,Transiting Exoplanet Survey Satellite (TESS)
TOI-2134 b,2023,73.8,9.4,Transit,Transiting Exoplanet Survey Satellite (TESS)
TOI-2134 c,2023,73.8,58.3,Transit,Transiting Exoplanet Survey Satellite (TESS)
TOI-2141 b,2023,253.4,20.1,Transit,Transiting Exoplanet Survey Satellite (TESS)
Kepler-422 b,2014,2357.4,155.7,Transit,Kepler
TOI-2145 b,2023,733.0,1767.0,Transit,Transiting Exoplanet Survey Satellite (TESS)
TOI-2147 b,2026,920.1,116.0,Transit,Transiting Exoplanet Survey Satellite (TESS)
TOI-2152 A b,2023,988.3,899.5,Transit,Transiting Exoplanet Survey Satellite (TESS)
TOI-2154 b,2023,966.9,292.4,Transit,Transiting Exoplanet Survey Satellite (TESS)
Kepler-828 b,2016,1876.4,,Transit,Kepler
TOI-2158 b,2022,647.3,260.6,Transit,Transiting Exoplanet Survey Satellite (TESS)
Kepler-293 b,2014,3178.8,,Transit,Kepler
TOI-2169 A b,2025,1146.4,329.6,Transit,Transiting Exoplanet Survey Satellite (TESS)
Kepler-292 f,2014,3445.8,,Transit,Kepler
TOI-2193 A b,2022,1099.4,298.8,Transit,Transiting Exoplanet Survey Satellite (TESS)
TOI-2194 b,2023,63.8,,Transit,Transiting Exoplanet Survey Satellite (TESS)
TOI-2196 b,2022,847.8,26.0,Transit,Transiting Exoplanet Survey Satellite (TESS)
TOI-2200 b,2026,819.5,,Transit,Transiting Exoplanet Survey Satellite (TESS)
TOI-2207 b,2022,1217.7,203.4,Transit,Transiting Exoplanet Survey Satellite (TESS)
Kepler-291 b,2014,5826.7,,Transit,Kepler
TOI-2211.01,2024,229.3,,Transit,Transiting Exoplanet Survey Satellite (TESS)
TOI-2227 b,2026,539.6,,Transit,Transiting Exoplanet Survey Satellite (TESS)
Kepler-61 b,2013,1092.9,,Transit,Kepler
TOI-2236 b,2022,1159.8,502.2,Transit,Transiting Exoplanet Survey Satellite (TESS)
Kepler-290 c,2014,2265.6,,Transit,Kepler
Kepler-1744 b,2021,3560.4,,Transit,Kepler
Kepler-423 b,2014,2474.7,192.6,Transit,Kepler
Kepler-1987 d,2023,1942.9,,Transit,Kepler
TOI-2266 b,2024,168.3,,Transit,Transiting Exoplanet Survey Satellite (TESS)
TOI-2274 b,2024,159.4,,Transit,Transiting Exoplanet Survey Satellite (TESS)
Kepler-827 b,2016,6675.4,,Transit,Kepler
TOI-2295 b,2024,411.9,278.1,Transit,Transiting Exoplanet Survey Satellite (TESS)
Kepler-289 c,2014,2297.6,132.0,Transit,Kepler
TOI-2322 c,2025,195.2,18.1,Transit,Transiting Exoplanet Survey Satellite (TESS)
TOI-2322 b,2025,195.2,2.3,Transit,Transiting Exoplanet Survey Satellite (TESS)
TOI-2328 b,2025,756.0,50.9,Transit,Transiting Exoplanet Survey Satellite (TESS)
TOI-2338 b,2023,1024.1,1900.6,Transit,Transiting Exoplanet Survey Satellite (TESS)
TOI-2345 b,2025,266.3,3.5,Transit,Transiting Exoplanet Survey Satellite (TESS)
TOI-2345 c,2025,266.3,7.3,Transit,Transiting Exoplanet Survey Satellite (TESS)
TOI-2346 b,2025,1426.9,394.1,Transit,Transiting Exoplanet Survey Satellite (TESS)
Kepler-487 c,2016,2845.2,,Transit,Kepler
Kepler-458 c,2016,5201.3,,Transit,Kepler
TOI-2364 b,2023,716.3,71.5,Transit,Transiting Exoplanet Survey Satellite (TESS)
Kepler-889 b,2016,1951.4,,Transit,Kepler
TOI-2368 b,2024,687.9,206.6,Transit,Transiting Exoplanet Survey Satellite (TESS)
TOI-2373 b,2023,1659.1,2955.8,Transit,Transiting Exoplanet Survey Satellite (TESS)
TOI-2374 b,2024,439.2,61.7,Transit,Transiting Exoplanet Survey Satellite (TESS)
Kepler-888 b,2016,1372.5,,Transit,Kepler
TOI-2379 b,2024,689.0,1830.7,Transit,Transiting Exoplanet Survey Satellite (TESS)
TOI-2382 b,2025,1418.5,235.2,Transit,Transiting Exoplanet Survey Satellite (TESS)
TOI-2384 b,2024,624.6,624.9,Transit,Transiting Exoplanet Survey Satellite (TESS)
Kepler-887 b,2016,2891.7,,Transit,Kepler
Kepler-886 b,2016,2319.9,,Transit,Kepler
TOI-2407 b,2025,301.5,,Transit,Transiting Exoplanet Survey Satellite (TESS)
Kepler-885 b,2016,2124.3,,Transit,Kepler
TOI-2416 b,2023,1819.1,953.5,Transit,Transiting Exoplanet Survey Satellite (TESS)
TOI-2420 b,2024,1419.3,294.6,Transit,Transiting Exoplanet Survey Satellite (TESS)
TOI-2421 b,2022,1069.6,105.8,Transit,Transiting Exoplanet Survey Satellite (TESS)
TOI-2431 b,2026,117.6,6.2,Transit,Transiting Exoplanet Survey Satellite (TESS)
Kepler-853 b,2016,1854.8,,Transit,Kepler
TOI-2447 b,2024,485.9,124.9,Transit,Transiting Exoplanet Survey Satellite (TESS)
TOI-2449 b,2025,511.4,222.0,Transit,Transiting Exoplanet Survey Satellite (TESS)
Kepler-852 b,2016,5280.6,,Transit,Kepler
TOI-2453 b,2026,267.1,,Transit,Transiting Exoplanet Survey Satellite (TESS)
TOI-2458 b,2024,368.4,13.3,Transit,Transiting Exoplanet Survey Satellite (TESS)
TOI-2459 b,2023,119.4,,Transit,Transiting Exoplanet Survey Satellite (TESS)
Kepler-26 b,2011,1093.6,120.8,Transit,Kepler
Kepler-884 b,2016,1554.9,,Transit,Kepler
TOI-2485 b,2024,1297.9,766.6,Transit,Transiting Exoplanet Survey Satellite (TESS)
Kepler-883 b,2016,2046.5,,Transit,Kepler
Kepler-59 c,2012,3793.9,3.8,Transit,Kepler
TOI-2497 b,2023,930.5,1531.9,Transit,Transiting Exoplanet Survey Satellite (TESS)
TOI-2498 b,2023,897.8,34.6,Transit,Transiting Exoplanet Survey Satellite (TESS)
Kepler-882 b,2016,1645.8,,Transit,Kepler
TOI-2518 b,2026,524.5,,Transit,Transiting Exoplanet Survey Satellite (TESS)
TOI-2524 b,2023,1431.3,203.4,Transit,Transiting Exoplanet Survey Satellite (TESS)
TOI-2525 b,2023,1289.6,26.7,Transit,Transiting Exoplanet Survey Satellite (TESS)
TOI-2525 c,2023,1289.6,208.8,Transit,Transiting Exoplanet Survey Satellite (TESS)
Kepler-881 b,2016,4485.2,,Transit,Kepler
TOI-2529 b,2024,966.3,743.7,Transit,Transiting Exoplanet Survey Satellite (TESS)
TIC 52059926 b,2026,706.4,5380.0,Transit,Transiting Exoplanet Survey Satellite (TESS)
Kepler-880 b,2016,1961.3,,Transit,Kepler
TOI-2537 b,2024,603.3,415.4,Transit,Transiting Exoplanet Survey Satellite (TESS)
TOI-2545 b,2022,349.4,,Transit,Transiting Exoplanet Survey Satellite (TESS)
Kepler-43 b,2011,3280.6,994.8,Transit,Kepler
Kepler-879 b,2016,2618.0,,Transit,Kepler
TOI-2567 b,2022,1646.4,63.9,Transit,Transiting Exoplanet Survey Satellite (TESS)
TOI-2570 b,2022,1180.2,260.6,Transit,Transiting Exoplanet Survey Satellite (TESS)
Kepler-878 b,2016,2581.9,,Transit,Kepler
TOI-2578 b,2026,931.3,167.2,Transit,Transiting Exoplanet Survey Satellite (TESS)
TOI-2580 b,2024,1237.0,200.2,Transit,Transiting Exoplanet Survey Satellite (TESS)
TOI-2583 A b,2023,1846.7,79.5,Transit,Transiting Exoplanet Survey Satellite (TESS)
TOI-2587 A b,2023,1218.8,69.3,Transit,Transiting Exoplanet Survey Satellite (TESS)
Kepler-877 b,2016,1964.0,,Transit,Kepler
TOI-2589 b,2023,653.2,1112.4,Transit,Transiting Exoplanet Survey Satellite (TESS)
Kepler-876 b,2016,2677.5,,Transit,Kepler
Kepler-875 b,2016,4052.9,,Transit,Kepler
Kepler-874 b,2016,3529.5,,Transit,Kepler
Kepler-873 b,2016,3855.9,,Transit,Kepler
Kepler-303 b,2014,684.1,,Transit,Kepler
TOI-2641 b,2023,1122.1,122.7,Transit,Transiting Exoplanet Survey Satellite (TESS)
TOI-2654 b,2026,812.0,,Transit,Transiting Exoplanet Survey Satellite (TESS)
Kepler-872 b,2016,2869.1,,Transit,Kepler
Kepler-871 b,2016,6445.0,,Transit,Kepler
Kepler-870 b,2016,4107.8,,Transit,Kepler
TOI-2714 b,2024,1950.0,228.0,Transit,Transiting Exoplanet Survey Satellite (TESS)
TOI-2719 b,2025,1919.0,,Transit,Transiting Exoplanet Survey Satellite (TESS)
NGTS-31 b,2025,1622.2,356.0,Transit,Transiting Exoplanet Survey Satellite (TESS)
Kepler-869 b,2016,3064.1,,Transit,Kepler
Kepler-868 b,2016,5196.1,,Transit,Kepler
Kepler-867 b,2016,3899.3,,Transit,Kepler
TOI-2768 b,2024,255.9,,Transit,Transiting Exoplanet Survey Satellite (TESS)
KOI-13 b,2011,1693.1,2637.9,Transit,Kepler
Kepler-866 b,2016,2109.1,,Transit,Kepler
Kepler-865 b,2016,1911.7,,Transit,Kepler
TOI-2796 b,2023,1142.7,139.8,Transit,Transiting Exoplanet Survey Satellite (TESS)
TOI-2803 A b,2023,1613.9,309.9,Transit,Transiting Exoplanet Survey Satellite (TESS)
Kepler-864 b,2016,6597.8,,Transit,Kepler
TOI-2818 b,2023,1019.8,225.7,Transit,Transiting Exoplanet Survey Satellite (TESS)
Kepler-863 b,2016,4891.2,,Transit,Kepler
TOI-2842 b,2023,1503.6,117.6,Transit,Transiting Exoplanet Survey Satellite (TESS)
Kepler-1754 b,2021,2344.9,,Transit,Kepler
Kepler-862 b,2016,3388.9,,Transit,Kepler
TOI-2876 b,2025,736.3,54.0,Transit,Transiting Exoplanet Survey Satellite (TESS)
TOI-2886 b,2025,1349.2,445.0,Transit,Transiting Exoplanet Survey Satellite (TESS)
Kepler-1753 b,2021,2308.2,,Transit,Kepler
Kepler-861 b,2016,2773.4,,Transit,Kepler
Kepler-302 c,2014,4574.6,,Transit,Kepler
TOI-2969 b,2025,534.9,368.7,Transit,Transiting Exoplanet Survey Satellite (TESS)
Kepler-102 e,2013,351.6,8.9,Transit,Kepler
Kepler-860 b,2016,3445.4,,Transit,Kepler
TOI-2981 b,2024,1721.4,638.0,Transit,Transiting Exoplanet Survey Satellite (TESS)
Kepler-859 b,2016,2739.4,,Transit,Kepler
TOI-2986 b,2025,1836.7,96.6,Transit,Transiting Exoplanet Survey Satellite (TESS)
TOI-2989 b,2025,638.6,953.5,Transit,Transiting Exoplanet Survey Satellite (TESS)
TOI-2992 b,2025,1767.9,1058.4,Transit,Transiting Exoplanet Survey Satellite (TESS)
Kepler-858 b,2016,973.7,,Transit,Kepler
TOI-3023 b,2023,1271.7,197.1,Transit,Transiting Exoplanet Survey Satellite (TESS)
Kepler-1752 b,2021,3140.5,,Transit,Kepler
Kepler-1669 c,2021,1772.5,,Transit,Kepler
Kepler-419 b,2014,3298.6,794.5,Transit,Kepler
Kepler-857 b,2016,3207.8,,Transit,Kepler
TOI-3071 b,2024,1582.6,68.2,Transit,Transiting Exoplanet Survey Satellite (TESS)
TOI-3082 b,2023,368.7,,Transit,Transiting Exoplanet Survey Satellite (TESS)
Kepler-1668 b,2020,4356.3,,Transit,Kepler
TOI-3135 b,2025,723.0,327.4,Transit,Transiting Exoplanet Survey Satellite (TESS)
TOI-3160 A b,2025,1851.5,378.2,Transit,Transiting Exoplanet Survey Satellite (TESS)
Kepler-94 b,2014,625.9,10.8,Transit,Kepler
Kepler-856 b,2016,4406.9,,Transit,Kepler
NGTS-27 b,2024,3072.8,188.5,Transit,Transiting Exoplanet Survey Satellite (TESS)
Kepler-855 b,2016,4913.8,,Transit,Kepler
TOI-3235 b,2023,237.5,211.4,Transit,Transiting Exoplanet Survey Satellite (TESS)
TOI-3261 b,2024,978.9,30.3,Transit,Transiting Exoplanet Survey Satellite (TESS)
Kepler-125 b,2014,598.1,,Transit,Kepler
TOI-3288 b,2025,653.9,536.2,Transit,Transiting Exoplanet Survey Satellite (TESS)
TOI-3321 b,2024,932.5,176.1,Transit,Transiting Exoplanet Survey Satellite (TESS)
TOI-3331 A b,2022,708.4,721.5,Transit,Transiting Exoplanet Survey Satellite (TESS)
TOI-3353.01,2024,256.9,,Transit,Transiting Exoplanet Survey Satellite (TESS)
TOI-3364 b,2023,906.4,530.8,Transit,Transiting Exoplanet Survey Satellite (TESS)
TOI-3457 b,2026,1208.9,797.7,Transit,Transiting Exoplanet Survey Satellite (TESS)
TOI-3464 b,2025,1949.7,397.3,Transit,Transiting Exoplanet Survey Satellite (TESS)
TOI-3474 b,2025,1370.3,193.9,Transit,Transiting Exoplanet Survey Satellite (TESS)
Kepler-890 b,2016,5584.2,,Transit,Kepler
TOI-3486 b,2025,504.6,99.2,Transit,Transiting Exoplanet Survey Satellite (TESS)
TOI-3493 b,2025,315.5,9.0,Transit,Transiting Exoplanet Survey Satellite (TESS)
TOI-3523 A b,2025,2104.7,435.4,Transit,Transiting Exoplanet Survey Satellite (TESS)
Kepler-304 b,2014,1417.7,,Transit,Kepler
TOI-3568 b,2024,645.5,26.4,Transit,Transiting Exoplanet Survey Satellite (TESS)
Kepler-305 b,2013,2832.6,10.5,Transit,Kepler
TOI-3593 b,2025,739.2,565.7,Transit,Transiting Exoplanet Survey Satellite (TESS)
Kepler-891 b,2016,7633.9,,Transit,Kepler
Kepler-306 c,2014,2529.9,,Transit,Kepler
Kepler-892 b,2016,1861.5,,Transit,Kepler
TOI-3664 b,2026,1515.8,114.4,Transit,Transiting Exoplanet Survey Satellite (TESS)
Kepler-893 b,2016,4193.0,,Transit,Kepler
TOI-3682 b,2025,1318.4,69.3,Transit,Transiting Exoplanet Survey Satellite (TESS)
Kepler-17 b,2011,2350.8,743.7,Transit,Kepler
Kepler-894 b,2016,3792.9,,Transit,Kepler
TOI-3688 A b,2023,1292.8,311.5,Transit,Transiting Exoplanet Survey Satellite (TESS)
TOI-3693 b,2022,575.5,324.2,Transit,Transiting Exoplanet Survey Satellite (TESS)
Kepler-1755 b,2021,3204.1,,Transit,Kepler
Kepler-87 b,2013,4021.2,324.2,Transit,Kepler
Kepler-307 b,2013,1877.3,3.1,Transit,Kepler
Kepler-895 b,2016,1761.7,,Transit,Kepler
TOI-3757 b,2022,590.8,85.3,Transit,Transiting Exoplanet Survey Satellite (TESS)
Kepler-896 c,2023,7615.5,,Transit,Kepler
TOI-3785 b,2023,260.2,14.9,Transit,Transiting Exoplanet Survey Satellite (TESS)
Kepler-107 e,2014,1715.6,14.1,Transit,Kepler
WASP-194 b,2025,1555.2,373.1,Transit,SuperWASP
Kepler-897 b,2016,4955.1,,Transit,Kepler
TOI-3807 b,2023,1375.5,330.5,Transit,Transiting Exoplanet Survey Satellite (TESS)
Kepler-898 b,2016,1581.5,,Transit,Kepler
TOI-3819 b,2023,1820.4,352.8,Transit,Transiting Exoplanet Survey Satellite (TESS)
Kepler-899 b,2016,4065.3,,Transit,Kepler
Kepler-900 b,2016,1590.1,,Transit,Kepler
TOI-3837 b,2025,1016.6,187.5,Transit,Transiting Exoplanet Survey Satellite (TESS)
Kepler-901 b,2016,828.0,,Transit,Kepler
TOI-3856 b,2025,1025.6,171.6,Transit,Transiting Exoplanet Survey Satellite (TESS)
Kepler-84 b,2012,3339.5,40.0,Transit,Kepler
TOI-3862 b,2026,812.2,53.7,Transit,Transiting Exoplanet Survey Satellite (TESS)
TOI-3877 b,2025,1610.5,99.8,Transit,Transiting Exoplanet Survey Satellite (TESS)
Kepler-1757 b,2021,2633.1,,Transit,Kepler
TOI-3884 b,2022,140.7,32.6,Transit,Transiting Exoplanet Survey Satellite (TESS)
TOI-3894 b,2024,1361.3,260.6,Transit,Transiting Exoplanet Survey Satellite (TESS)
TOI-3896 b,2026,592.5,,Transit,Transiting Exoplanet Survey Satellite (TESS)
Kepler-308 b,2014,4357.2,,Transit,Kepler
TOI-3912 b,2023,1519.9,129.0,Transit,Transiting Exoplanet Survey Satellite (TESS)
TOI-3919 b,2024,1971.9,1233.2,Transit,Transiting Exoplanet Survey Satellite (TESS)
Kepler-902 b,2016,3800.8,,Transit,Kepler
Kepler-309 b,2014,1776.1,,Transit,Kepler
Kepler-310 c,2014,1964.3,,Transit,Kepler
KOI-1599.01,2019,3690.9,4.6,Transit,Kepler
TOI-3976 A b,2023,1683.2,55.6,Transit,Transiting Exoplanet Survey Satellite (TESS)
TOI-3980 b,2025,1587.5,187.5,Transit,Transiting Exoplanet Survey Satellite (TESS)
Kepler-903 b,2016,4465.9,,Transit,Kepler
TOI-3984 A b,2023,355.1,44.0,Transit,Transiting Exoplanet Survey Satellite (TESS)
Kepler-1758 b,2021,5180.7,,Transit,Kepler
Kepler-904 b,2016,3190.2,,Transit,Kepler
TOI-4010 c,2023,578.9,20.3,Transit,Transiting Exoplanet Survey Satellite (TESS)
TOI-4010 d,2023,578.9,38.1,Transit,Transiting Exoplanet Survey Satellite (TESS)
TOI-4010 b,2023,578.9,11.0,Transit,Transiting Exoplanet Survey Satellite (TESS)
Kepler-905 b,2016,1726.2,,Transit,Kepler
TOI-4029 b,2026,895.1,,Transit,Transiting Exoplanet Survey Satellite (TESS)
TOI-4030 b,2026,1864.4,,Transit,Transiting Exoplanet Survey Satellite (TESS)
TOI-4034 b,2026,2430.3,276.5,Transit,Transiting Exoplanet Survey Satellite (TESS)
Kepler-311 b,2014,2539.6,,Transit,Kepler
WASP-195 b,2025,1581.4,33.1,Transit,SuperWASP
Kepler-906 b,2016,2471.6,,Transit,Kepler
Kepler-275 b,2014,6634.8,,Transit,Kepler
TOI-4087 b,2023,983.9,232.0,Transit,Transiting Exoplanet Survey Satellite (TESS)
Kepler-424 b,2014,2278.7,342.0,Transit,Kepler
Kepler-276 b,2014,3734.0,731.2,Transit,Kepler
Kepler-277 c,2013,3185.4,40.4,Transit,Kepler
Kepler-278 c,2014,1445.0,34.9,Transit,Kepler
Kepler-279 b,2014,3383.5,4180.9,Transit,Kepler
TOI-4127 b,2023,1042.5,731.0,Transit,Transiting Exoplanet Survey Satellite (TESS)
TOI-4137 b,2022,1092.6,457.7,Transit,Transiting Exoplanet Survey Satellite (TESS)
Kepler-56 b,2012,2977.8,236.2,Transit,Kepler
TOI-4145 A b,2023,669.9,136.7,Transit,Transiting Exoplanet Survey Satellite (TESS)
Kepler-282 e,2013,4362.7,56.2,Transit,Kepler
TOI-4153 b,2024,1382.4,365.5,Transit,Transiting Exoplanet Survey Satellite (TESS)
TOI-4155 b,2025,785.2,,Transit,Transiting Exoplanet Survey Satellite (TESS)
TOI-4156 b,2026,697.1,,Transit,Transiting Exoplanet Survey Satellite (TESS)
Kepler-284 c,2014,3365.8,,Transit,Kepler
Kepler-286 c,2014,4001.4,,Transit,Kepler
Kepler-287 b,2014,2726.2,83.0,Transit,Kepler
TOI-4184 b,2023,226.2,,Transit,Transiting Exoplanet Survey Satellite (TESS)
HD 35843 c,2025,227.0,11.3,Transit,Transiting Exoplanet Survey Satellite (TESS)
Kepler-110 b,2014,1913.0,,Transit,Kepler
Kepler-290 b,2014,2265.6,,Transit,Kepler
TOI-4201 b,2023,616.5,816.8,Transit,Transiting Exoplanet Survey Satellite (TESS)
Kepler-292 d,2014,3445.8,,Transit,Kepler
TOI-4214 b,2025,1131.4,165.3,Transit,Transiting Exoplanet Survey Satellite (TESS)
Kepler-294 b,2014,4426.0,,Transit,Kepler
Kepler-297 c,2014,2257.5,42.1,Transit,Kepler
Kepler-1669 b,2020,1772.5,,Transit,Kepler
Kepler-302 b,2014,4574.6,,Transit,Kepler
Kepler-306 b,2014,2529.9,,Transit,Kepler
NGTS-24 b,2022,2227.8,165.3,Transit,Next-Generation Transit Survey (NGTS)
Kepler-84 c,2012,3339.5,20.2,Transit,Kepler
Kepler-509 b,2016,1084.3,,Transit,Kepler
Kepler-309 c,2014,1776.1,,Transit,Kepler
LP 890-9 b,2022,105.8,13.2,Transit,Transiting Exoplanet Survey Satellite (TESS)
TOI-4308 b,2023,355.3,,Transit,Transiting Exoplanet Survey Satellite (TESS)
Kepler-65 b,2012,990.6,2.4,Transit,Kepler
TOI-4311 c,2026,440.3,13.6,Transit,Transiting Exoplanet Survey Satellite (TESS)
TOI-4311 b,2026,440.3,4.5,Transit,Transiting Exoplanet Survey Satellite (TESS)
Kepler-466 c,2016,1729.0,,Transit,Kepler
Kepler-23 d,2014,2725.9,17.6,Transit,Kepler
TOI-4336 A b,2024,73.5,3.3,Transit,Transiting Exoplanet Survey Satellite (TESS)
Kepler-119 c,2014,2289.6,,Transit,Kepler
TOI-4342 b,2023,200.7,7.3,Transit,Transiting Exoplanet Survey Satellite (TESS)
TOI-4342 c,2023,200.7,4.8,Transit,Transiting Exoplanet Survey Satellite (TESS)
Kepler-121 c,2014,1665.1,,Transit,Kepler
Kepler-449 c,2015,789.1,,Transit,Kepler
TOI-4363 b,2026,253.7,,Transit,Transiting Exoplanet Survey Satellite (TESS)
TOI-4364 b,2025,143.4,,Transit,Transiting Exoplanet Survey Satellite (TESS)
Kepler-450 c,2015,1487.2,76.6,Transit,Kepler
Kepler-130 b,2014,1032.8,,Transit,Kepler
TOI-4377 b,2023,1486.7,304.2,Transit,Transiting Exoplanet Survey Satellite (TESS)
TOI-4379 b,2024,2104.2,353.7,Transit,Transiting Exoplanet Survey Satellite (TESS)
Kepler-1663 b,2020,1102.2,,Transit,Kepler
Kepler-133 b,2014,2131.8,,Transit,Kepler
Kepler-529 c,2016,2606.0,,Transit,Kepler
TOI-4405 b,2026,507.2,,Transit,Transiting Exoplanet Survey Satellite (TESS)
TOI-4406 b,2023,854.0,95.3,Transit,Transiting Exoplanet Survey Satellite (TESS)
Kepler-149 d,2014,1862.5,,Transit,Kepler
Kepler-152 c,2014,1438.6,,Transit,Kepler
TOI-4427 b,2026,646.6,87.7,Transit,Transiting Exoplanet Survey Satellite (TESS)
Kepler-153 c,2014,1498.3,,Transit,Kepler
TOI-4438 b,2024,98.0,5.4,Transit,Transiting Exoplanet Survey Satellite (TESS)
TOI-4443.01,2024,182.9,,Transit,Transiting Exoplanet Survey Satellite (TESS)
Kepler-553 c,2016,2376.1,2129.5,Transit,Kepler
TOI-4458 b,2026,1648.5,552.1,Transit,Transiting Exoplanet Survey Satellite (TESS)
Kepler-157 b,2014,2523.5,,Transit,Kepler
TOI-4463 A b,2023,564.6,252.4,Transit,Transiting Exoplanet Survey Satellite (TESS)
TOI-4465 b,2025,395.1,1872.0,Transit,Transiting Exoplanet Survey Satellite (TESS)
TOI-4487 A b,2025,1562.8,397.3,Transit,Transiting Exoplanet Survey Satellite (TESS)
Ross 176 b,2025,151.5,4.6,Transit,Transiting Exoplanet Survey Satellite (TESS)
Kepler-160 b,2014,3056.1,,Transit,Kepler
TOI-4495 c,2024,431.2,23.2,Transit,Transiting Exoplanet Survey Satellite (TESS)
TOI-4495 b,2026,431.2,7.7,Transit,Transiting Exoplanet Survey Satellite (TESS)
Kepler-162 b,2014,2790.7,,Transit,Kepler
TOI-4504 c,2024,1117.4,1197.3,Transit,Transiting Exoplanet Survey Satellite (TESS)
TOI-4504 b,2024,1117.4,140.0,Transit,Transiting Exoplanet Survey Satellite (TESS)
TOI-4507 b,2025,581.4,76.3,Transit,Transiting Exoplanet Survey Satellite (TESS)
Kepler-164 d,2014,2905.3,,Transit,Kepler
TOI-4511 b,2026,397.4,,Transit,Transiting Exoplanet Survey Satellite (TESS)
TOI-4513 b,2026,334.7,,Transit,Transiting Exoplanet Survey Satellite (TESS)
TOI-4515 b,2024,631.1,637.0,Transit,Transiting Exoplanet Survey Satellite (TESS)
HD 20329 b,2022,207.7,7.4,Transit,Transiting Exoplanet Survey Satellite (TESS)
TOI-4529 b,2026,92.6,4.9,Transit,Transiting Exoplanet Survey Satellite (TESS)
Kepler-167 e,2016,1115.2,321.0,Transit,Kepler
TOI-4551 b,2023,704.5,473.6,Transit,Transiting Exoplanet Survey Satellite (TESS)
TOI-4552 b,2026,88.9,1.8,Transit,Transiting Exoplanet Survey Satellite (TESS)
Kepler-168 b,2014,4382.2,,Transit,Kepler
TOI-4559 b,2024,103.2,,Transit,Transiting Exoplanet Survey Satellite (TESS)
TOI-4561 b,2026,583.8,,Transit,Transiting Exoplanet Survey Satellite (TESS)
TOI-4562 b,2023,1107.6,732.0,Transit,Transiting Exoplanet Survey Satellite (TESS)
Kepler-176 b,2014,1719.9,290.5,Transit,Kepler
Kepler-177 b,2013,4681.8,5.8,Transit,Kepler
TOI-4578 b,2026,594.4,,Transit,Transiting Exoplanet Survey Satellite (TESS)
TOI-4582 b,2023,1251.9,168.4,Transit,Transiting Exoplanet Survey Satellite (TESS)
Kepler-178 d,2014,2335.4,,Transit,Kepler
TOI-4600 b,2023,704.7,959.8,Transit,Transiting Exoplanet Survey Satellite (TESS)
TOI-4602.01,2024,205.7,5.5,Transit,Transiting Exoplanet Survey Satellite (TESS)
TOI-4603 b,2023,735.9,4096.8,Transit,Transiting Exoplanet Survey Satellite (TESS)
Kepler-181 b,2014,1987.2,,Transit,Kepler
TOI-4633 c,2024,310.5,123.0,Transit,Transiting Exoplanet Survey Satellite (TESS)
TOI-4638.01,2024,548.8,,Transit,Transiting Exoplanet Survey Satellite (TESS)
TOI-4640 b,2026,799.4,,Transit,Transiting Exoplanet Survey Satellite (TESS)
TOI-4641 b,2023,281.6,1230.0,Transit,Transiting Exoplanet Survey Satellite (TESS)
Kepler-183 b,2014,3426.7,,Transit,Kepler
Kepler-598 c,2020,2221.4,,Transit,Kepler
TOI-4662 b,2026,362.2,,Transit,Transiting Exoplanet Survey Satellite (TESS)
Kepler-193 c,2014,3291.2,,Transit,Kepler
TOI-4666 b,2025,504.7,155.4,Transit,Transiting Exoplanet Survey Satellite (TESS)
WASP-116 b,2025,1824.0,203.4,Transit,SuperWASP
Kepler-464 b,2016,2177.4,,Transit,Kepler
Kepler-194 b,2014,3581.1,,Transit,Kepler
Kepler-199 c,2014,1699.4,,Transit,Kepler
Kepler-207 b,2014,2855.6,,Transit,Kepler
TIC 9344899 b,2026,1735.9,6170.0,Transit,Transiting Exoplanet Survey Satellite (TESS)
Kepler-647 b,2016,3548.2,,Transit,Kepler
Kepler-214 b,2014,3941.4,,Transit,Kepler
Kepler-218 b,2014,2140.8,,Transit,Kepler
Kepler-219 c,2014,2567.1,,Transit,Kepler
TOI-4734 b,2025,1836.5,61.7,Transit,Transiting Exoplanet Survey Satellite (TESS)
Kepler-223 c,2014,6065.6,5.1,Transit,Kepler
TOI-4747 b,2026,993.5,,Transit,Transiting Exoplanet Survey Satellite (TESS)
Kepler-224 d,2014,2550.8,,Transit,Kepler
Kepler-225 b,2014,1830.1,,Transit,Kepler
Kepler-124 c,2014,1370.0,,Transit,Kepler
Kepler-226 b,2014,3196.8,24.0,Transit,Kepler
TOI-4773 b,2025,1607.6,1687.7,Transit,Transiting Exoplanet Survey Satellite (TESS)
Kepler-227 c,2014,3532.5,,Transit,Kepler
TOI-4791 b,2023,1072.4,734.2,Transit,Transiting Exoplanet Survey Satellite (TESS)
Kepler-232 c,2014,4400.3,,Transit,Kepler
TOI-4794 b,2025,1771.1,308.3,Transit,Transiting Exoplanet Survey Satellite (TESS)
Kepler-235 d,2014,1396.0,,Transit,Kepler
Kepler-53 d,2014,4455.5,166.5,Transit,Kepler
Kepler-238 d,2014,5866.7,23.1,Transit,Kepler
Kepler-240 b,2014,2436.1,,Transit,Kepler
Kepler-242 c,2014,1957.7,,Transit,Kepler
TOI-4860 b,2023,261.4,86.7,Transit,Transiting Exoplanet Survey Satellite (TESS)
NGTS-30 b,2024,777.5,305.1,Transit,Transiting Exoplanet Survey Satellite (TESS)
Kepler-244 d,2014,3380.6,15.2,Transit,Kepler
Kepler-68 b,2013,470.2,8.3,Transit,Kepler
Kepler-249 b,2014,621.0,,Transit,Kepler
Kepler-254 c,2014,4531.9,3.2,Transit,Kepler
Kepler-31 c,2011,5429.3,29.5,Transit,Kepler
TOI-4898 b,2026,321.6,,Transit,Transiting Exoplanet Survey Satellite (TESS)
Kepler-255 d,2016,3432.9,,Transit,Kepler
Kepler-1666 c,2020,4498.9,,Transit,Kepler
TOI-4914 b,2024,978.1,227.0,Transit,Transiting Exoplanet Survey Satellite (TESS)
Kepler-42 c,2011,130.7,60.3,Transit,Kepler
TOI-4930 b,2026,1349.5,,Transit,Transiting Exoplanet Survey Satellite (TESS)
Kepler-750 c,2016,4227.0,,Transit,Kepler
TOI-4940 b,2025,1127.4,89.0,Transit,Transiting Exoplanet Survey Satellite (TESS)
Kepler-758 c,2016,4899.9,,Transit,Kepler
Kepler-760 c,2016,2584.3,,Transit,Kepler
TOI-4961 b,2025,695.0,572.1,Transit,Transiting Exoplanet Survey Satellite (TESS)
Kepler-24 b,2011,3773.0,11.1,Transit,Kepler
Kepler-15 b,2011,2411.6,209.8,Transit,Kepler
Kepler-268 c,2014,2778.4,,Transit,Kepler
Kepler-271 c,2014,1319.4,,Transit,Kepler
BD-14 3065 b,2024,1922.4,3932.0,Transit,Transiting Exoplanet Survey Satellite (TESS)
TOI-4994 b,2024,1074.0,89.0,Transit,Transiting Exoplanet Survey Satellite (TESS)
Kepler-273 c,2014,2328.6,,Transit,Kepler
Kepler-171 c,2014,2817.5,,Transit,Kepler
TOI-5005 b,2024,678.0,32.7,Transit,Transiting Exoplanet Survey Satellite (TESS)
TOI-5007 b,2026,663.2,211.0,Transit,Transiting Exoplanet Survey Satellite (TESS)
Kepler-732 c,2016,570.2,,Transit,Kepler
Kepler-80 e,2014,1205.0,4.1,Transit,Kepler
TOI-5027 b,2025,666.8,642.0,Transit,Transiting Exoplanet Survey Satellite (TESS)
Kepler-238 b,2014,5866.7,3305.0,Transit,Kepler
Kepler-82 d,2014,2949.5,885.1,Transit,Kepler
Kepler-33 c,2011,3943.7,0.4,Transit,Kepler
Kepler-32 e,2012,1056.2,4.1,Transit,Kepler
TOI-5076 b,2024,270.2,16.0,Transit,Transiting Exoplanet Survey Satellite (TESS)
TOI-5082.01,2024,140.7,,Transit,Transiting Exoplanet Survey Satellite (TESS)
Kepler-223 b,2014,6065.6,7.4,Transit,Kepler
Kepler-107 d,2014,1715.6,3.8,Transit,Kepler
TOI-5108 b,2025,427.0,32.0,Transit,Transiting Exoplanet Survey Satellite (TESS)
TOI-5110 b,2024,1279.4,921.7,Transit,Transiting Exoplanet Survey Satellite (TESS)
Kepler-80 f,2016,1205.0,4459.7,Transit,Kepler
TOI-5126 b,2023,523.2,,Transit,Transiting Exoplanet Survey Satellite (TESS)
TOI-5126 c,2023,523.2,,Transit,Transiting Exoplanet Survey Satellite (TESS)
Kepler-297 d,2023,2257.5,,Transit,Kepler
TOI-5143 c,2025,591.6,,Transit,Transiting Exoplanet Survey Satellite (TESS)
Kepler-65 d,2012,990.6,4.1,Transit,Kepler
TOI-5159 b,2026,180.0,,Transit,Transiting Exoplanet Survey Satellite (TESS)
TOI-5160 b,2026,494.0,,Transit,Transiting Exoplanet Survey Satellite (TESS)
TOI-5174 b,2022,643.3,,Transit,Transiting Exoplanet Survey Satellite (TESS)
Kepler-23 b,2011,2725.9,15.2,Transit,Kepler
TOI-5181 A b,2025,1566.1,330.5,Transit,Transiting Exoplanet Survey Satellite (TESS)
Kepler-26 d,2014,1093.6,,Transit,Kepler
WASP-188 b,2025,2202.5,458.6,Transit,SuperWASP
Kepler-148 b,2014,2580.4,,Transit,Kepler
TOI-5205 b,2023,282.0,343.0,Transit,Transiting Exoplanet Survey Satellite (TESS)
Kepler-150 e,2014,2906.4,,Transit,Kepler
TOI-5210 b,2025,985.3,82.0,Transit,Transiting Exoplanet Survey Satellite (TESS)
TOI-5218 b,2024,1231.2,657.0,Transit,Transiting Exoplanet Survey Satellite (TESS)
Kepler-167 c,2014,1115.2,,Transit,Kepler
Kepler-426 b,2014,2751.8,108.1,Transit,Kepler
Kepler-80 d,2014,1205.0,6.0,Transit,Kepler
TOI-5232 b,2024,1987.6,743.7,Transit,Transiting Exoplanet Survey Satellite (TESS)
TOI-5238 b,2022,948.0,,Transit,Transiting Exoplanet Survey Satellite (TESS)
Kepler-176 d,2014,1719.9,1.7,Transit,Kepler
Kepler-178 c,2014,2335.4,,Transit,Kepler
Kepler-186 b,2014,579.2,,Transit,Kepler
TOI-5261 b,2025,1229.8,3651.8,Transit,Transiting Exoplanet Survey Satellite (TESS)
Kepler-207 c,2014,2855.6,,Transit,Kepler
Kepler-62 e,2013,981.3,36.0,Transit,Kepler
WASP-154 b,2025,702.9,199.0,Transit,SuperWASP
Kepler-33 e,2011,3943.7,5.5,Transit,Kepler
TOI-5292 A b,2026,1099.5,412.9,Transit,Transiting Exoplanet Survey Satellite (TESS)
TOI-5293 A b,2023,529.1,158.9,Transit,Transiting Exoplanet Survey Satellite (TESS)
Kepler-218 d,2016,2140.8,,Transit,Kepler
TOI-5300 b,2025,530.0,190.7,Transit,Transiting Exoplanet Survey Satellite (TESS)
TOI-5301 b,2024,2052.0,1080.6,Transit,Transiting Exoplanet Survey Satellite (TESS)
Kepler-219 d,2014,2567.1,19.1,Transit,Kepler
Kepler-223 e,2014,6065.6,4.8,Transit,Kepler
TOI-5319 b,2024,199.5,,Transit,Transiting Exoplanet Survey Satellite (TESS)
TOI-5322 b,2025,1555.4,184.0,Transit,Transiting Exoplanet Survey Satellite (TESS)
Kepler-224 b,2014,2550.8,,Transit,Kepler
TOI-5335 b,2026,1080.5,,Transit,Transiting Exoplanet Survey Satellite (TESS)
Kepler-228 b,2014,5364.0,,Transit,Kepler
TOI-5340 b,2025,1737.2,270.2,Transit,Transiting Exoplanet Survey Satellite (TESS)
TOI-5344 b,2023,451.3,135.0,Transit,Transiting Exoplanet Survey Satellite (TESS)
Kepler-235 e,2014,1396.0,,Transit,Kepler
TOI-5349 b,2026,614.3,127.4,Transit,Transiting Exoplanet Survey Satellite (TESS)
TOI-5350 b,2025,904.8,2094.5,Transit,Transiting Exoplanet Survey Satellite (TESS)
Kepler-53 c,2012,4455.5,36.0,Transit,Kepler
Kepler-238 c,2014,5866.7,152.5,Transit,Kepler
TOI-5380 b,2026,935.4,,Transit,Transiting Exoplanet Survey Satellite (TESS)
Kepler-244 c,2014,3380.6,,Transit,Kepler
WASP-197 b,2025,1577.5,403.3,Transit,SuperWASP
TOI-5386 A b,2025,1286.6,155.1,Transit,Transiting Exoplanet Survey Satellite (TESS)
TOI-5388.01,2024,60.4,2.2,Transit,Transiting Exoplanet Survey Satellite (TESS)
Kepler-82 e,2014,2949.5,254.0,Transit,Kepler
TOI-5398 b,2022,426.8,58.7,Transit,Transiting Exoplanet Survey Satellite (TESS)
TOI-5398 c,2023,426.8,11.8,Transit,Transiting Exoplanet Survey Satellite (TESS)
Kepler-247 b,2014,2164.7,,Transit,Kepler
Kepler-83 c,2012,1306.0,2.0,Transit,Kepler
Kepler-249 d,2014,621.0,,Transit,Kepler
TOI-5422 b,2026,1129.0,8899.2,Transit,Transiting Exoplanet Survey Satellite (TESS)
KOI-94 d,2013,1555.9,72.9,Transit,Kepler
Kepler-251 b,2014,3015.7,,Transit,Kepler
Kepler-254 d,2014,4531.9,,Transit,Kepler
Kepler-31 d,2014,5429.3,7.2,Transit,Kepler
Kepler-32 d,2012,1056.2,39.9,Transit,Kepler
Kepler-42 d,2011,130.7,0.4,Transit,Kepler
Kepler-286 d,2014,4001.4,,Transit,Kepler
TOI-5486 b,2026,292.5,,Transit,Transiting Exoplanet Survey Satellite (TESS)
TOI-5489 b,2025,147.1,,Transit,Transiting Exoplanet Survey Satellite (TESS)
Kepler-1731 b,2021,554.3,,Transit,Kepler
TOI-5502 b,2026,811.0,,Transit,Transiting Exoplanet Survey Satellite (TESS)
TOI-5515 b,2026,441.8,,Transit,Transiting Exoplanet Survey Satellite (TESS)
TOI-5532 b,2026,296.8,,Transit,Transiting Exoplanet Survey Satellite (TESS)
Kepler-63 b,2013,632.9,120.0,Transit,Kepler
Kepler-253 b,2014,2735.1,,Transit,Kepler
TOI-5542 b,2022,1137.8,419.5,Transit,Transiting Exoplanet Survey Satellite (TESS)
Kepler-603 c,2016,5021.6,,Transit,Kepler
TOI-5573 b,2025,608.5,112.0,Transit,Transiting Exoplanet Survey Satellite (TESS)
KOI-351 g,2013,2766.6,254.3,Transit,Kepler
Kepler-11 b,2010,2108.1,4.3,Transit,Kepler
TOI-5592 b,2025,1947.2,285.7,Transit,Transiting Exoplanet Survey Satellite (TESS)
TOI-5595 b,2026,446.7,,Transit,Transiting Exoplanet Survey Satellite (TESS)
Kepler-18 b,2011,1412.4,6.9,Transit,Kepler
TOI-5599 b,2026,1787.2,,Transit,Transiting Exoplanet Survey Satellite (TESS)
TOI-5605 b,2026,310.1,,Transit,Transiting Exoplanet Survey Satellite (TESS)
TOI-5614 b,2026,727.4,,Transit,Transiting Exoplanet Survey Satellite (TESS)
TOI-5616 b,2024,1273.4,624.0,Transit,Transiting Exoplanet Survey Satellite (TESS)
Kepler-20 e,2011,921.6,3.1,Transit,Kepler
TOI-5624 d,2026,332.4,4.9,Transit,Transiting Exoplanet Survey Satellite (TESS)
KOI-351 d,2013,2766.6,,Transit,Kepler
TOI-5628 A b,2026,358.9,28.6,Transit,Transiting Exoplanet Survey Satellite (TESS)
TOI-5630 b,2026,437.2,,Transit,Transiting Exoplanet Survey Satellite (TESS)
TOI-5634 A b,2024,998.5,588.0,Transit,Transiting Exoplanet Survey Satellite (TESS)
Kepler-16 b,2011,244.9,99.5,Transit,Kepler
Kepler-908 b,2016,948.6,,Transit,Kepler
TOI-5678 b,2023,539.4,20.0,Transit,Transiting Exoplanet Survey Satellite (TESS)
Kepler-911 b,2016,1814.0,,Transit,Kepler
TOI-5688 A b,2024,738.1,124.0,Transit,Transiting Exoplanet Survey Satellite (TESS)
HD 23472 f,2022,127.3,0.8,Transit,Transiting Exoplanet Survey Satellite (TESS)
HD 23472 d,2022,127.3,0.6,Transit,Transiting Exoplanet Survey Satellite (TESS)
HD 23472 e,2022,127.3,0.7,Transit,Transiting Exoplanet Survey Satellite (TESS)
TOI-201 d,2026,371.2,5.8,Transit,Transiting Exoplanet Survey Satellite (TESS)
LHS 1678 d,2024,64.8,,Transit,Transiting Exoplanet Survey Satellite (TESS)
TOI-1260 d,2022,240.0,11.8,Transit,Transiting Exoplanet Survey Satellite (TESS)
OGLE-2019-BLG-0362L b,2022,19014.9,1036.1,Microlensing,OGLE
KMT-2021-BLG-0171L b,2022,15981.6,6.0,Microlensing,KMTNet
KMT-2021-BLG-1689L b,2022,16307.8,39.0,Microlensing,KMTNet
TOI-5704 b,2023,292.4,,Transit,Transiting Exoplanet Survey Satellite (TESS)
Kepler-912 b,2016,6538.5,,Transit,Kepler
TOI-5713 b,2024,133.3,,Transit,Transiting Exoplanet Survey Satellite (TESS)
TOI-5716 b,2025,128.5,,Transit,Transiting Exoplanet Survey Satellite (TESS)
TOI-5720 b,2024,116.8,4.3,Transit,Transiting Exoplanet Survey Satellite (TESS)
TOI-5726.01,2024,355.0,,Transit,Transiting Exoplanet Survey Satellite (TESS)
TOI-5728 b,2025,178.4,,Transit,Transiting Exoplanet Survey Satellite (TESS)
TOI-5734 b,2026,106.0,9.1,Transit,Transiting Exoplanet Survey Satellite (TESS)
TOI-5736 b,2025,301.2,,Transit,Transiting Exoplanet Survey Satellite (TESS)
Kepler-2000 b,2023,1045.6,,Transit,Kepler
Kepler-913 b,2016,3234.2,,Transit,Kepler
GJ 896 A b,2022,20.4,718.3,Astrometry,Very Long Baseline Array
LP 890-9 c,2022,105.8,25.3,Transit,SPECULOOS Southern Observatory
Kepler-312 c,2014,2601.8,,Transit,Kepler
Wolf 327 b,2024,93.1,2.5,Transit,Transiting Exoplanet Survey Satellite (TESS)
Kepler-910 b,2016,1305.6,,Transit,Kepler
Kepler-914 b,2016,2458.3,,Transit,Kepler
TOI-5777 b,2026,372.7,,Transit,Transiting Exoplanet Survey Satellite (TESS)
HD 105618 b,2022,228.6,,Radial Velocity,Multiple Observatories
HD 105618 c,2022,228.6,8419.6,Radial Velocity,Multiple Observatories
HD 109988 b,2022,138.7,6935.3,Radial Velocity,Multiple Observatories
HD 110537 b,2022,147.1,8612.8,Radial Velocity,Multiple Observatories
Kepler-909 b,2016,1009.8,,Transit,Kepler
HD 11112 b,2022,144.7,2598.6,Radial Velocity,Multiple Observatories
HD 111232 c,2022,94.4,5740.9,Radial Velocity,Multiple Observatories
HD 113337 c,2020,118.0,6299.7,Radial Velocity,Haute-Provence Observatory
HD 11343 c,2022,505.9,,Radial Velocity,Multiple Observatories
HD 11505 b,2022,127.1,2510.5,Radial Velocity,Multiple Observatories
HD 11506 d,2022,167.2,2892.2,Radial Velocity,Multiple Observatories
HD 122562 c,2022,173.7,,Radial Velocity,Multiple Observatories
HD 125271 b,2022,128.3,3465.6,Radial Velocity,Multiple Observatories
HD 127506 b,2022,73.5,,Radial Velocity,Multiple Observatories
HD 135872 b,2022,268.8,1744.6,Radial Velocity,Multiple Observatories
HD 136118 b,2022,167.8,5244.2,Radial Velocity,Multiple Observatories
HD 13724 c,2022,141.8,,Radial Velocity,Multiple Observatories
HD 140901 b,2022,49.7,,Radial Velocity,Multiple Observatories
HD 140901 c,2022,49.7,572.1,Radial Velocity,Multiple Observatories
HD 142 A d,2022,85.4,,Radial Velocity,Multiple Observatories
HD 144899 b,2022,377.2,,Radial Velocity,Multiple Observatories
HD 149806 b,2022,66.1,4003.7,Radial Velocity,Multiple Observatories
HD 151450 b,2022,142.2,,Radial Velocity,Multiple Observatories
HD 151450 c,2022,142.2,1636.2,Radial Velocity,Multiple Observatories
HD 153557 b,2022,58.5,,Radial Velocity,Multiple Observatories
HD 153557 c,2022,58.5,,Radial Velocity,Multiple Observatories
HD 153557 d,2022,58.5,8725.7,Radial Velocity,Multiple Observatories
HD 155918 b,2022,89.9,,Radial Velocity,Multiple Observatories
HD 155918 c,2022,89.9,1878.0,Radial Velocity,Multiple Observatories
HD 156098 b,2022,157.4,,Radial Velocity,Multiple Observatories
HD 156098 c,2022,157.4,1661.6,Radial Velocity,Multiple Observatories
HD 168863 b,2022,130.1,2154.9,Radial Velocity,Multiple Observatories
HD 16905 b,2022,129.6,3464.3,Radial Velocity,Multiple Observatories
HD 18143 b,2022,73.5,,Radial Velocity,Multiple Observatories
HD 18143 c,2022,73.5,3177.6,Radial Velocity,Multiple Observatories
Kepler-915 b,2016,2769.2,,Transit,Kepler
HD 188641 b,2022,209.8,9333.0,Radial Velocity,Multiple Observatories
HD 190228 b,2022,204.5,1598.7,Radial Velocity,Multiple Observatories
HD 194490 b,2022,261.7,3561.9,Radial Velocity,Multiple Observatories
HD 199509 b,2022,79.3,,Radial Velocity,Multiple Observatories
HD 204313 e,2022,155.9,4868.2,Radial Velocity,Multiple Observatories
HD 205158 b,2022,282.5,,Radial Velocity,Multiple Observatories
HD 213519 b,2022,133.7,,Radial Velocity,Multiple Observatories
HD 217786 c,2022,181.0,,Radial Velocity,Multiple Observatories
HD 217958 b,2022,201.6,166.5,Radial Velocity,Multiple Observatories
HD 25912 b,2022,160.4,,Radial Velocity,Multiple Observatories
Kepler-916 b,2016,2709.4,,Transit,Kepler
HD 25912 c,2022,160.4,5252.8,Radial Velocity,Multiple Observatories
HD 28185 c,2022,128.4,1907.0,Radial Velocity,Multiple Observatories
HD 28192 b,2022,162.4,,Radial Velocity,Multiple Observatories
HD 29985 b,2022,102.0,1739.5,Radial Velocity,Multiple Observatories
HD 43197 c,2022,203.6,2500.7,Radial Velocity,Multiple Observatories
HD 457 b,2022,179.5,8445.3,Radial Velocity,Multiple Observatories
HD 56957 b,2022,200.6,1880.9,Radial Velocity,Multiple Observatories
HD 62364 b,2022,173.2,5549.3,Radial Velocity,Multiple Observatories
HD 62364 c,2022,173.2,7923.5,Radial Velocity,Multiple Observatories
HD 62549 b,2022,160.9,2707.6,Radial Velocity,Multiple Observatories
Kepler-50 b,2012,815.7,8.9,Transit,Kepler
HD 72659 c,2022,169.3,5977.1,Radial Velocity,Multiple Observatories
HD 73267 c,2022,164.4,1630.8,Radial Velocity,Multiple Observatories
HD 80883 b,2022,112.9,1748.1,Radial Velocity,Multiple Observatories
HD 80913 b,2022,200.1,7505.2,Radial Velocity,Multiple Observatories
HD 81817 c,2022,877.8,,Radial Velocity,Multiple Observatories
HD 86065 b,2022,131.7,2877.3,Radial Velocity,Multiple Observatories
HD 88072 b,2022,117.1,2511.8,Radial Velocity,Multiple Observatories
HD 93351 b,2022,183.2,,Radial Velocity,Multiple Observatories
HD 93351 c,2022,183.2,4154.0,Radial Velocity,Multiple Observatories
HD 97037 b,2022,105.7,6707.8,Radial Velocity,Multiple Observatories
GJ 2030 b,2022,120.9,,Radial Velocity,Multiple Observatories
GJ 2030 c,2022,120.9,4069.2,Radial Velocity,Multiple Observatories
GJ 3222 b,2022,59.5,,Radial Velocity,Multiple Observatories
GJ 680 b,2022,31.5,7977.5,Radial Velocity,Multiple Observatories
GJ 9714 b,2022,66.9,2988.5,Radial Velocity,Multiple Observatories
HD 115404 A b,2022,35.8,,Radial Velocity,Multiple Observatories
HD 115404 A c,2022,35.8,3279.7,Radial Velocity,Multiple Observatories
HD 12235 b,2022,103.6,,Radial Velocity,Multiple Observatories
HD 12235 c,2022,103.6,3135.7,Radial Velocity,Multiple Observatories
HD 203387 b,2022,201.4,,Radial Velocity,Multiple Observatories
Kepler-408 b,2014,289.6,5.0,Transit,Kepler
HD 203387 c,2022,201.4,2378.9,Radial Velocity,Multiple Observatories
HIP 19976 b,2022,131.3,,Radial Velocity,Multiple Observatories
HIP 35965 b,2022,163.6,2590.0,Radial Velocity,Multiple Observatories
HIP 55507 b,2022,83.1,2585.5,Radial Velocity,Multiple Observatories
HIP 948 b,2022,113.7,6547.3,Radial Velocity,Multiple Observatories
OGLE-2019-BLG-1470L AB c,2022,16634.0,794.6,Microlensing,OGLE
TOI-5786 b,2025,627.8,73.0,Transit,Transiting Exoplanet Survey Satellite (TESS)
TOI-5788 c,2026,318.4,6.4,Transit,Transiting Exoplanet Survey Satellite (TESS)
TOI-5788 b,2026,318.4,3.7,Transit,Transiting Exoplanet Survey Satellite (TESS)
TOI-5795 b,2025,510.5,23.7,Transit,Transiting Exoplanet Survey Satellite (TESS)
TOI-5799 b,2024,90.7,,Transit,Transiting Exoplanet Survey Satellite (TESS)
TOI-5800 b,2025,139.9,9.5,Transit,Transiting Exoplanet Survey Satellite (TESS)
HD 184010 b,2022,198.3,,Radial Velocity,Okayama Astrophysical Observatory
HD 184010 c,2022,198.3,,Radial Velocity,Okayama Astrophysical Observatory
HD 184010 d,2022,198.3,,Radial Velocity,Okayama Astrophysical Observatory
KIC 3526061 b,2022,1308.6,,Radial Velocity,McDonald Observatory
NGTS-21 b,2022,1933.7,750.1,Transit,Next-Generation Transit Survey (NGTS)
KMT-2021-BLG-1898L b,2022,22504.8,251.1,Microlensing,KMTNet
HD 3167 e,2022,154.2,14.9,Radial Velocity,CHaracterising ExOPlanets Satellite (CHEOPS)
TOI-5803 b,2023,274.0,,Transit,Transiting Exoplanet Survey Satellite (TESS)
Kepler-76 b,2013,2684.1,638.8,Orbital Brightness Modulation,Kepler
TOI-5817 b,2025,263.4,10.3,Transit,Transiting Exoplanet Survey Satellite (TESS)
TOI-969 c,2022,252.0,,Radial Velocity,Multiple Observatories
OGLE-2017-BLG-1691L b,2022,23776.8,14.6,Microlensing,OGLE
KMT-2021-BLG-0320L b,2022,22667.8,31.8,Microlensing,KMTNet
KMT-2021-BLG-1303L b,2022,20482.6,120.8,Microlensing,KMTNet
KMT-2021-BLG-1554L b,2022,25048.8,38.1,Microlensing,KMTNet
Kepler-1762 b,2021,5426.4,,Transit,Kepler
HD 206893 b,2021,132.9,8899.2,Imaging,Gemini Observatory
K2-411 b,2022,972.7,,Transit,K2
K2-413 b,2022,930.1,,Transit,K2
K2-413 c,2022,930.1,,Transit,K2
K2-414 c,2022,848.1,,Transit,K2
K2-414 b,2022,848.1,,Transit,K2
K2-412 b,2022,2133.3,,Transit,K2
Kepler-1712 b,2021,509.7,,Transit,Kepler
Kepler-923 b,2016,3262.5,,Transit,Kepler
NGTS-23 b,2022,3506.0,194.8,Transit,Next-Generation Transit Survey (NGTS)
NGTS-25 b,2022,1700.0,203.1,Transit,Next-Generation Transit Survey (NGTS)
HD 191939 g,2022,174.8,,Radial Velocity,Multiple Observatories
TOI-5882 b,2025,1357.1,6995.4,Transit,Transiting Exoplanet Survey Satellite (TESS)
Kepler-924 b,2016,3434.6,,Transit,Kepler
TOI-5916 b,2026,651.4,226.6,Transit,Transiting Exoplanet Survey Satellite (TESS)
Kepler-1763 b,2021,2467.3,,Transit,Kepler
TOI-5926 b,2026,897.3,,Transit,Transiting Exoplanet Survey Satellite (TESS)
Kepler-4 b,2009,1591.4,23.8,Transit,Kepler
Kepler-925 b,2016,1993.2,,Transit,Kepler
TOI-5938 b,2026,371.9,,Transit,Transiting Exoplanet Survey Satellite (TESS)
HD 167768 b,2022,349.7,,Radial Velocity,Okayama Astrophysical Observatory
HD 114082 b,2022,311.1,2542.6,Radial Velocity,La Silla Observatory
KMT-2021-BLG-0119L b,2022,9947.8,1773.5,Microlensing,KMTNet
KMT-2021-BLG-0192L b,2022,16699.2,35.0,Microlensing,KMTNet
KMT-2021-BLG-2294L b,2022,22178.6,22.2,Microlensing,KMTNet
MOA-2019-BLG-008L b,2022,8480.1,8581.4,Microlensing,MOA
HD 206893 c,2022,132.9,3527.9,Imaging,European Southern Observatory
Kepler-926 b,2016,3005.1,,Transit,Kepler
TOI-1136 b,2022,275.7,3.5,Transit,Transiting Exoplanet Survey Satellite (TESS)
TOI-1136 g,2022,275.7,5.6,Transit,Transiting Exoplanet Survey Satellite (TESS)
TOI-6000 b,2025,247.1,,Transit,Transiting Exoplanet Survey Satellite (TESS)
TOI-6002 b,2024,104.5,,Transit,Transiting Exoplanet Survey Satellite (TESS)
TOI-6008 b,2024,75.3,4.0,Transit,Transiting Exoplanet Survey Satellite (TESS)
KMT-2017-BLG-0673L b,2022,16568.7,1166.4,Microlensing,KMTNet
KMT-2019-BLG-0414L b,2022,14383.5,1353.9,Microlensing,KMTNet
GJ 1002 b,2022,15.8,,Radial Velocity,Multiple Observatories
GJ 1002 c,2022,15.8,,Radial Velocity,Multiple Observatories
KMT-2021-BLG-0240L b,2022,21526.3,66.7,Microlensing,KMTNet
TOI-6016 b,2024,1189.5,371.9,Transit,Transiting Exoplanet Survey Satellite (TESS)
TOI-6019 b,2026,849.1,149.0,Transit,Transiting Exoplanet Survey Satellite (TESS)
OGLE-2006-BLG-284L A b,2020,13046.2,144.0,Microlensing,OGLE
KMT-2021-BLG-1077L b,2022,26875.3,69.9,Microlensing,KMTNet
KMT-2021-BLG-1077L c,2022,26875.3,79.5,Microlensing,KMTNet
MOA-2020-BLG-135L b,2022,27070.9,25.0,Microlensing,MOA
Kepler-138 e,2022,218.1,0.4,Transit Timing Variations,Multiple Observatories
TOI-1288 c,2022,374.6,,Radial Velocity,Multiple Observatories
nu Oct A b,2016,69.1,670.6,Radial Velocity,University of Canterbury Mt John Observatory
GJ 1151 c,2023,26.2,,Radial Velocity,Multiple Facilities
Proxima Cen d,2025,4.2,,Radial Velocity,La Silla Observatory
TOI-6029 b,2024,1967.1,519.6,Transit,Transiting Exoplanet Survey Satellite (TESS)
TOI-6034 b,2024,384.8,254.0,Transit,Transiting Exoplanet Survey Satellite (TESS)
TOI-6038 A b,2025,584.3,78.5,Transit,Transiting Exoplanet Survey Satellite (TESS)
Kepler-927 b,2016,2712.6,,Transit,Kepler
TOI-6041 b,2025,236.4,28.9,Transit,Transiting Exoplanet Survey Satellite (TESS)
OGLE-2019-BLG-0468L b,2022,14350.9,1090.2,Microlensing,OGLE
OGLE-2019-BLG-0468L c,2022,14350.9,3222.8,Microlensing,OGLE
TOI-1669 b,2023,362.9,,Radial Velocity,W. M. Keck Observatory
TOI-1694 c,2023,406.7,,Radial Velocity,W. M. Keck Observatory
KMT-2017-BLG-1194L b,2023,13829.0,3.5,Microlensing,KMTNet
KMT-2017-BLG-0428L b,2023,17612.4,5.5,Microlensing,KMTNet
KMT-2019-BLG-1806L b,2023,21591.5,4.7,Microlensing,KMTNet
KMT-2017-BLG-1003L b,2023,23124.5,5.2,Microlensing,KMTNet
KMT-2019-BLG-1367L b,2023,15264.1,4.1,Microlensing,KMTNet
OGLE-2017-BLG-1806L b,2023,19406.3,2.4,Microlensing,OGLE
KMT-2016-BLG-1105L b,2023,10665.3,1.3,Microlensing,KMTNet
OGLE-2019-BLG-1053L b,2021,21852.5,2.5,Microlensing,KMTNet
KMT-2019-BLG-0253L b,2022,15981.6,9.2,Microlensing,KMTNet
OGLE-2018-BLG-0506L b,2022,18264.7,16.3,Microlensing,OGLE
Kepler-1764 b,2021,5030.9,,Transit,Kepler
OGLE-2018-BLG-0516L b,2022,22830.9,20.1,Microlensing,OGLE
OGLE-2019-BLG-1492L b,2022,18264.7,37.1,Microlensing,OGLE
OGLE-2018-BLG-0977L b,2022,21200.1,6.4,Microlensing,OGLE
KMT-2019-BLG-0953L b,2022,23483.2,15.5,Microlensing,KMTNet
OGLE-2016-BLG-1093L b,2022,25864.2,232.0,Microlensing,OGLE
KMT-2021-BLG-1391L b,2022,18656.1,4.5,Microlensing,KMTNet
KMT-2021-BLG-1253L b,2022,20613.1,22.1,Microlensing,KMTNet
KMT-2021-BLG-1372L b,2022,19471.5,62.4,Microlensing,KMTNet
KMT-2021-BLG-0748L b,2022,19862.9,149.4,Microlensing,KMTNet
KMT-2019-BLG-1042L b,2022,21526.3,60.4,Microlensing,KMTNet
KMT-2019-BLG-1552L b,2022,15003.2,1287.2,Microlensing,KMTNet
KMT-2019-BLG-2974L b,2022,19895.5,89.0,Microlensing,KMTNet
Kepler-928 b,2016,1659.5,,Transit,Kepler
TOI-6054.01,2024,259.0,12.5,Transit,Transiting Exoplanet Survey Satellite (TESS)
TOI-6054.02,2024,259.0,9.3,Transit,Transiting Exoplanet Survey Satellite (TESS)
Kepler-929 b,2016,4276.7,,Transit,Kepler
Wolf 1069 b,2023,31.3,,Radial Velocity,Calar Alto Observatory
L 363-38 b,2023,33.4,,Radial Velocity,Paranal Observatory
AF Lep b,2023,87.6,1188.7,Imaging,Paranal Observatory
TOI-6080 b,2026,613.8,,Transit,Transiting Exoplanet Survey Satellite (TESS)
GJ 463 b,2022,59.9,1080.6,Radial Velocity,Multiple Observatories
TIC 279401253 b,2023,931.4,1951.5,Transit,Transiting Exoplanet Survey Satellite (TESS)
TIC 279401253 c,2023,931.4,,Transit,Multiple Observatories
HD 169142 b,2023,370.5,953.5,Imaging,Paranal Observatory
OGLE-2018-BLG-0799L b,2022,21461.1,120.8,Microlensing,OGLE
TOI-4156 c,2026,697.1,,Transit,Transiting Exoplanet Survey Satellite (TESS)
TOI-6086 b,2024,102.6,,Transit,Transiting Exoplanet Survey Satellite (TESS)
HD 18438 b,2023,731.1,,Radial Velocity,Bohyunsan Optical Astronomical Observatory
TOI-1338 c,2023,1301.4,75.4,Radial Velocity,Multiple Observatories
Kepler-314 c,2014,877.0,,Transit,Kepler
KMT-2021-BLG-0712L b,2023,10078.2,38.2,Microlensing,KMTNet
KMT-2021-BLG-0909L b,2023,21134.9,400.5,Microlensing,KMTNet
KMT-2021-BLG-2478L b,2023,9328.1,289.2,Microlensing,KMTNet
KMT-2021-BLG-1105L b,2023,15068.4,403.6,Microlensing,KMTNet
K2-415 b,2023,71.2,7.5,Transit,K2
TOI-1533 c,2026,326.3,36.6,Transit,Transiting Exoplanet Survey Satellite (TESS)
WASP-84 c,2023,328.1,15.2,Transit,Transiting Exoplanet Survey Satellite (TESS)
TOI-6109 c,2025,494.9,,Transit,Transiting Exoplanet Survey Satellite (TESS)
PZ Tel b,2023,153.5,8581.4,Imaging,W. M. Keck Observatory
KMT-2018-BLG-0030L b,2022,21134.9,460.9,Microlensing,KMTNet
KMT-2018-BLG-0087L b,2022,22896.2,73.1,Microlensing,KMTNet
KMT-2018-BLG-0247L b,2022,21102.3,740.5,Microlensing,KMTNet
Kepler-930 b,2016,2767.1,,Transit,Kepler
OGLE-2018-BLG-0298L b,2022,21167.5,47.7,Microlensing,OGLE
KMT-2018-BLG-2602L b,2022,14057.3,365.5,Microlensing,KMTNet
OGLE-2018-BLG-1119L b,2022,18786.6,289.2,Microlensing,OGLE
WASP-149 b,2025,690.6,315.0,Transit,SuperWASP
TOI-6130 b,2024,720.4,333.7,Transit,Transiting Exoplanet Survey Satellite (TESS)
WASP-155 b,2025,1303.4,276.8,Transit,SuperWASP
WASP-102 b,2025,1747.2,197.7,Transit,SuperWASP
Kepler-485 b,2016,3721.3,,Transit,Kepler
Kepler-1650 b,2017,438.3,,Transit,Kepler
Kepler-1765 b,2021,2493.3,,Transit,Kepler
Kepler-1670 b,2020,6738.3,,Transit,Kepler
Kepler-932 b,2016,1518.6,,Transit,Kepler
TOI-6223 b,2025,434.2,,Transit,Transiting Exoplanet Survey Satellite (TESS)
Kepler-315 b,2014,3785.5,,Transit,Kepler
Gliese 12 b,2024,39.8,10.0,Transit,Transiting Exoplanet Survey Satellite (TESS)
TOI-6255 b,2024,66.3,1.4,Transit,Transiting Exoplanet Survey Satellite (TESS)
Kepler-933 b,2016,3317.7,,Transit,Kepler
HIP 99770 b,2023,130.7,5403.1,Imaging,Multiple Observatories
Kepler-68 e,2023,470.2,,Radial Velocity,Roque de los Muchachos Observatory
Kepler-454 d,2023,753.0,,Radial Velocity,Roque de los Muchachos Observatory
K2-312 c,2023,358.3,,Radial Velocity,Roque de los Muchachos Observatory
Kepler-10 d,2023,605.0,,Radial Velocity,Roque de los Muchachos Observatory
Kepler-934 b,2016,1985.4,,Transit,Kepler
Kepler-104 c,2014,1307.2,,Transit,Kepler
Kepler-507 b,2016,1277.4,,Transit,Kepler
K2-2016-BLG-0005L b,2023,16960.1,349.6,Microlensing,K2
OGLE-2018-BLG-1126L b,2022,18590.9,17.8,Microlensing,KMTNet
OGLE-2018-BLG-1647L b,2022,25701.1,308.3,Microlensing,KMTNet
OGLE-2018-BLG-1367L b,2022,17514.6,301.9,Microlensing,KMTNet
OGLE-2018-BLG-0932L b,2022,21591.5,282.9,Microlensing,KMTNet
OGLE-2018-BLG-1212L b,2022,5055.4,63.6,Microlensing,KMTNet
TOI-815 c,2024,194.8,23.5,Transit,Transiting Exoplanet Survey Satellite (TESS)
WASP-193 b,2023,1181.0,35.6,Transit,WASP-South
Kepler-316 c,2014,1255.5,,Transit,Kepler
HD 101581 c,2025,41.7,,Transit,Transiting Exoplanet Survey Satellite (TESS)
HD 101581 b,2025,41.7,,Transit,Transiting Exoplanet Survey Satellite (TESS)
TOI-6281 b,2026,188.3,,Transit,Transiting Exoplanet Survey Satellite (TESS)
LP 791-18 d,2023,86.4,0.9,Transit,Spitzer Space Telescope
Kepler-1766 b,2021,1634.8,,Transit,Kepler
TOI-6303 b,2025,496.5,2493.0,Transit,Transiting Exoplanet Survey Satellite (TESS)
Kepler-935 b,2016,1538.7,,Transit,Kepler
Kepler-936 b,2016,2685.6,,Transit,Kepler
Kepler-937 b,2016,5125.4,,Transit,Kepler
TOI-6324 b,2025,67.0,1.2,Transit,Transiting Exoplanet Survey Satellite (TESS)
TOI-6330 b,2025,453.5,3179.0,Transit,Transiting Exoplanet Survey Satellite (TESS)
Kepler-1767 b,2021,2676.1,,Transit,Kepler
Kepler-938 b,2016,3855.3,,Transit,Kepler
Kepler-939 b,2016,6828.5,,Transit,Kepler
Kepler-940 b,2016,4112.1,,Transit,Kepler
TOI-6383 A b,2024,558.8,331.0,Transit,Transiting Exoplanet Survey Satellite (TESS)
Kepler-941 b,2016,3549.8,,Transit,Kepler
TOI-6393 b,2026,607.4,,Transit,Transiting Exoplanet Survey Satellite (TESS)
Kepler-917 b,2016,11286.7,,Transit,Kepler
TOI-6420 b,2025,2070.2,2606.2,Transit,Transiting Exoplanet Survey Satellite (TESS)
NGTS-33 b,2024,1428.1,1153.7,Transit,Transiting Exoplanet Survey Satellite (TESS)
TOI-6448 b,2025,1261.8,,Transit,Transiting Exoplanet Survey Satellite (TESS)
Kepler-918 b,2016,3343.2,,Transit,Kepler
KMT-2022-BLG-0440L b,2023,11415.5,15.3,Microlensing,KMTNet
KMT-2019-BLG-0298L b,2023,21885.1,575.3,Microlensing,KMTNet
KMT-2019-BLG-1216L b,2023,11653.6,42.6,Microlensing,KMTNet
KMT-2019-BLG-2783L b,2023,19275.8,368.7,Microlensing,KMTNet
OGLE-2019-BLG-0249L b,2023,21633.9,2253.4,Microlensing,OGLE
OGLE-2019-BLG-0679L b,2023,18362.6,1061.5,Microlensing,OGLE
HD 207496 b,2023,77.0,6.1,Transit,Transiting Exoplanet Survey Satellite (TESS)
Kepler-919 b,2016,3652.5,,Transit,Kepler
K2-416 b,2023,392.4,1652.7,Transit,K2
K2-417 b,2023,306.7,699.2,Transit,K2
MOA-2020-BLG-208L b,2023,25472.8,69.0,Microlensing,MOA
HD 167677 b,2023,177.2,1176.0,Radial Velocity,Multiple Facilities
HD 89839 b,2023,186.9,1748.1,Radial Velocity,Multiple Facilities
HD 165131 b,2023,187.3,5943.4,Radial Velocity,Multiple Facilities
HD 15906 c,2023,148.6,,Transit,Transiting Exoplanet Survey Satellite (TESS)
TOI-4010 e,2023,578.9,,Radial Velocity,Roque de los Muchachos Observatory
GJ 328 c,2023,66.9,,Radial Velocity,Roque de los Muchachos Observatory
HIP 54597 b,2023,129.6,762.8,Radial Velocity,La Silla Observatory
BD-210397 b,2023,77.4,,Radial Velocity,La Silla Observatory
BD-210397 c,2023,77.4,1420.7,Radial Velocity,La Silla Observatory
HD 74698 b,2023,169.8,,Radial Velocity,La Silla Observatory
HD 74698 c,2023,169.8,,Radial Velocity,La Silla Observatory
HD 94771 b,2023,188.5,,Radial Velocity,La Silla Observatory
TOI-2018 b,2023,91.3,9.2,Transit,Transiting Exoplanet Survey Satellite (TESS)
Kepler-1759 b,2021,1256.8,,Transit,Kepler
TOI-6478 b,2025,125.9,,Transit,Transiting Exoplanet Survey Satellite (TESS)
Kepler-1761 b,2021,721.4,,Transit,Kepler
Kepler-920 b,2016,3267.0,,Transit,Kepler
Kepler-921 b,2016,3047.9,,Transit,Kepler
rho CrB e,2023,57.0,,Radial Velocity,Lowell Observatory
TOI-1634 c,2022,115.0,,Radial Velocity,Multiple Observatories
HD 22946 d,2023,204.8,26.6,Transit,Transiting Exoplanet Survey Satellite (TESS)
HIP 81208 C b,2023,481.2,4703.9,Imaging,Paranal Observatory
MOA-2022-BLG-249L b,2023,6523.1,4.8,Microlensing,MOA
DMPP-4 b,2023,82.6,,Radial Velocity,Multiple Observatories
TOI-1470 c,2023,169.4,7.2,Transit,Transiting Exoplanet Survey Satellite (TESS)
GJ 367 c,2023,30.7,,Radial Velocity,La Silla Observatory
GJ 367 d,2023,30.7,,Radial Velocity,La Silla Observatory
HN Lib b,2023,20.4,,Radial Velocity,Calar Alto Observatory
TOI-1052 c,2023,423.4,,Radial Velocity,Multiple Observatories
HD 6860 b,2023,199.4,,Radial Velocity,Bohyunsan Optical Astronomical Observatory
HD 112300 b,2023,202.5,,Radial Velocity,Bohyunsan Optical Astronomical Observatory
TOI-6109 b,2025,494.9,,Transit,Transiting Exoplanet Survey Satellite (TESS)
Kepler-922 b,2016,1749.2,,Transit,Kepler
TOI-6564 b,2026,624.2,222.2,Transit,Transiting Exoplanet Survey Satellite (TESS)
Kepler-943 b,2016,7503.3,,Transit,Kepler
Kepler-945 b,2016,5385.7,,Transit,Kepler
HD 36384 b,2023,682.7,,Radial Velocity,Bohyunsan Optical Astronomical Observatory
MWC 758 c,2023,520.3,,Imaging,Large Binocular Telescope Observatory
Kepler-944 b,2016,4401.2,,Transit,Kepler
TOI-4600 c,2023,704.7,2946.3,Transit,Transiting Exoplanet Survey Satellite (TESS)
Kepler-942 b,2016,705.7,,Transit,Kepler
Kepler-120 c,2014,1267.5,,Transit,Kepler
TOI-6628 b,2025,1045.4,235.2,Transit,Transiting Exoplanet Survey Satellite (TESS)
TOI-198 b,2023,77.4,3.2,Transit,Transiting Exoplanet Survey Satellite (TESS)
HD 73256 c,2023,119.7,5085.3,Radial Velocity,La Silla Observatory
HD 75302 b,2023,98.9,1716.3,Radial Velocity,La Silla Observatory
HD 108202 b,2023,126.2,909.0,Radial Velocity,La Silla Observatory
HD 135625 b,2023,184.3,731.0,Radial Velocity,La Silla Observatory
HD 185283 b,2023,102.4,413.2,Radial Velocity,La Silla Observatory
GJ 9404 b,2023,77.9,,Radial Velocity,Roque de los Muchachos Observatory
HIP 29442 c,2023,222.4,4.5,Radial Velocity,Paranal Observatory
HIP 29442 d,2023,222.4,5.1,Radial Velocity,Paranal Observatory
KMT-2021-BLG-2010L b,2023,23124.5,340.1,Microlensing,KMTNet
KMT-2022-BLG-0371L b,2023,23287.5,82.6,Microlensing,KMTNet
KMT-2022-BLG-1013L b,2023,25146.6,98.5,Microlensing,KMTNet
Kepler-1651 b,2017,216.6,,Transit,Kepler
HD 99492 c,2023,59.4,,Radial Velocity,Roque de los Muchachos Observatory
75 Cet c,2023,270.6,,Radial Velocity,Okayama Astrophysical Observatory
HIP 113103 b,2023,150.7,,Transit,Transiting Exoplanet Survey Satellite (TESS)
HIP 113103 c,2023,150.7,,Transit,Transiting Exoplanet Survey Satellite (TESS)
HAT-P-2 c,2023,416.7,3400.8,Radial Velocity,Multiple Observatories
TOI-199 c,2023,333.6,83.0,Transit Timing Variations,Multiple Observatories
TOI-6651 b,2024,691.9,61.0,Transit,Transiting Exoplanet Survey Satellite (TESS)
Kepler-1777 b,2021,2019.4,,Transit,Kepler
NGTS-35 b,2025,597.1,152.0,Transit,Transiting Exoplanet Survey Satellite (TESS)
TOI-6677 b,2026,1110.6,,Transit,Transiting Exoplanet Survey Satellite (TESS)
Kepler-1034 b,2016,2134.9,,Transit,Kepler
TOI-6692 b,2026,1020.6,197.1,Transit,Transiting Exoplanet Survey Satellite (TESS)
TOI-6695 b,2025,921.5,66.7,Transit,Transiting Exoplanet Survey Satellite (TESS)
Kepler-109 c,2014,1548.8,8.2,Transit,Kepler
Kepler-1978 b,2023,2822.9,,Transit,Kepler
TOI-6699 b,2026,280.0,,Transit,Transiting Exoplanet Survey Satellite (TESS)
Kepler-951 b,2016,1247.6,,Transit,Kepler
TOI-6707 b,2026,2092.2,,Transit,Transiting Exoplanet Survey Satellite (TESS)
Kepler-323 c,2014,1483.6,6.8,Transit,Kepler
TOI-6716 b,2026,61.6,,Transit,Transiting Exoplanet Survey Satellite (TESS)
HIP 66074 b,2023,115.6,1589.1,Astrometry,European Space Agency (ESA) Gaia Satellite
Kepler-1513 c,2023,1139.1,84.5,Transit Timing Variations,Multiple Observatories
GJ 724 b,2023,55.3,,Radial Velocity,Calar Alto Observatory
GJ 3988 b,2023,32.3,,Radial Velocity,Calar Alto Observatory
AU Mic e,2025,31.7,21.1,Radial Velocity,Mauna Kea Observatory
Kepler-1773 b,2021,2222.0,,Transit,Kepler
Kepler-1024 b,2016,3546.6,,Transit,Kepler
TIC 87422071 b,2026,1254.9,410.0,Transit,Transiting Exoplanet Survey Satellite (TESS)
Kepler-967 b,2016,1854.3,,Transit,Kepler
Kepler-49 c,2012,1015.1,5.0,Transit,Kepler
Kepler-975 b,2016,1389.7,,Transit,Kepler
Kepler-1775 b,2021,2142.9,,Transit,Kepler
TOI-1736 c,2023,290.1,2800.0,Radial Velocity,Haute-Provence Observatory
AU Mic d,2023,31.7,1.1,Transit Timing Variations,Multiple Observatories
GJ 806 b,2023,39.3,1.9,Transit,Transiting Exoplanet Survey Satellite (TESS)
GJ 806 c,2023,39.3,,Radial Velocity,Multiple Observatories
HD 110067 b,2023,104.9,5.7,Transit,Multiple Observatories
HD 110067 c,2023,104.9,6.3,Transit,Multiple Observatories
HD 110067 d,2023,104.9,8.5,Transit,Multiple Observatories
HD 110067 e,2023,104.9,3.9,Transit,Multiple Observatories
HD 110067 f,2023,104.9,5.0,Transit,Multiple Observatories
HD 110067 g,2023,104.9,8.4,Transit,Multiple Observatories
HD 88986 b,2023,108.5,17.2,Radial Velocity,Haute-Provence Observatory
HD 112570 b,2023,330.0,1087.0,Radial Velocity,Multiple Observatories
HD 154391 b,2023,329.2,2892.2,Radial Velocity,Multiple Observatories
LHS 3154 b,2023,51.4,,Radial Velocity,McDonald Observatory
TOI-544 c,2023,134.1,,Radial Velocity,La Silla Observatory
Kepler-317 b,2014,3067.8,109.8,Transit,Kepler
KMT-2021-BLG-1547L b,2023,16536.1,467.2,Microlensing,KMTNet
KMT-2021-BLG-1770L b,2023,22570.0,6674.4,Microlensing,KMTNet
HD 63433 d,2023,73.1,,Transit,Transiting Exoplanet Survey Satellite (TESS)
OGLE-2019-BLG-1180L b,2023,19797.7,555.2,Microlensing,OGLE
Kepler-995 b,2016,1988.4,,Transit,Kepler
KMT-2018-BLG-0885L b,2023,22472.1,9217.0,Microlensing,KMTNet
KMT-2019-BLG-0297L b,2023,10078.2,6038.7,Microlensing,KMTNet
KMT-2019-BLG-0335L b,2023,25146.6,6674.4,Microlensing,KMTNet
GJ 341 b,2025,34.1,4.0,Transit,Transiting Exoplanet Survey Satellite (TESS)
Kepler-48 c,2012,1000.4,14.6,Transit,Kepler
Kepler-1053 b,2016,492.9,,Transit,Kepler
TIC 393818343 b,2024,305.7,1379.4,Transit,Transiting Exoplanet Survey Satellite (TESS)
TOI-6884 b,2026,1834.2,8365.2,Transit,Transiting Exoplanet Survey Satellite (TESS)
TOI-6894 b,2025,240.7,53.4,Transit,Transiting Exoplanet Survey Satellite (TESS)
TOI-1386 c,2024,479.0,,Radial Velocity,W. M. Keck Observatory
TOI-238 c,2024,262.7,6.7,Radial Velocity,Multiple Observatories
Kepler-48 f,2023,1000.4,,Radial Velocity,W. M. Keck Observatory
Kepler-100 e,2023,993.6,,Radial Velocity,W. M. Keck Observatory
Kepler-139 e,2023,1275.4,378.0,Radial Velocity,W. M. Keck Observatory
HD 134606 b,2024,87.4,,Radial Velocity,Multiple Observatories
HD 134606 c,2024,87.4,,Radial Velocity,Multiple Observatories
HD 134606 d,2024,87.4,,Radial Velocity,Multiple Observatories
Kepler-1772 b,2021,2842.7,,Transit,Kepler
HD 134606 e,2024,87.4,,Radial Velocity,Multiple Observatories
HD 134606 f,2024,87.4,,Radial Velocity,Multiple Observatories
Teegarden's Star d,2024,12.5,,Radial Velocity,Multiple Observatories
Kepler-416 b,2014,2253.1,58.2,Transit Timing Variations,Kepler
Kepler-331 b,2014,1892.1,,Transit,Kepler
TOI-6954 b,2026,619.8,,Transit,Transiting Exoplanet Survey Satellite (TESS)
Kepler-1671 b,2020,1164.6,,Transit,Kepler
HS Psc b,2024,122.8,,Radial Velocity,McDonald Observatory
NGC 2682 Sand 1429 b,2024,2781.4,,Radial Velocity,Multiple Observatories
CI Tau c,2024,515.3,,Radial Velocity,Multiple Observatories
TOI-791 c,2026,1112.9,18.6,Transit,Transiting Exoplanet Survey Satellite (TESS)
Kepler-487 d,2021,2845.2,,Transit,Kepler
Kepler-1060 b,2016,3087.3,,Transit,Kepler
HD 104067 c,2024,66.4,,Radial Velocity,Multiple Observatories
KMT-2021-BLG-1150L b,2023,12393.9,279.7,Microlensing,KMTNet
Kepler-350 c,2013,3120.9,6.1,Transit,Kepler
OGLE-2017-BLG-0640L b,2024,21624.1,514.9,Microlensing,OGLE
OGLE-2017-BLG-1275L b,2024,25244.5,1684.5,Microlensing,OGLE
OGLE-2017-BLG-1237L b,2024,19667.2,1207.7,Microlensing,OGLE
IRAS 04125+2902 b,2024,519.4,,Transit,Transiting Exoplanet Survey Satellite (TESS)
Kepler-319 c,2014,1642.0,,Transit,Kepler
HIP 39017 b,2024,216.3,7500.8,Imaging,Multiple Observatories
KMT-2023-BLG-0416L b,2024,20645.7,1954.6,Microlensing,KMTNet
KMT-2023-BLG-1454L b,2024,23548.5,95.3,Microlensing,KMTNet
KMT-2023-BLG-1642L b,2024,24266.0,406.8,Microlensing,KMTNet
2MASS J11550485-7919108 b,2024,329.0,6356.6,Imaging,European Space Agency (ESA) Gaia Satellite
2MASS J21252752-8138278 b,2024,111.3,3813.9,Imaging,European Space Agency (ESA) Gaia Satellite
TOI-5624 b,2026,332.4,9.4,Transit,Transiting Exoplanet Survey Satellite (TESS)
TOI-5624 c,2026,332.4,4.8,Transit,Transiting Exoplanet Survey Satellite (TESS)
TOI-5624 e,2026,332.4,8.9,Transit,Transiting Exoplanet Survey Satellite (TESS)
2MASS J03590986+2009361 b,2024,383.0,5720.9,Imaging,European Space Agency (ESA) Gaia Satellite
ITG 15 b,2024,444.8,6674.4,Imaging,European Space Agency (ESA) Gaia Satellite
G 196-3 b,2024,71.1,8263.5,Imaging,European Space Agency (ESA) Gaia Satellite
Kepler-1026 b,2016,1145.6,,Transit,Kepler
HIP 77900 b,2024,492.0,6674.4,Imaging,European Space Agency (ESA) Gaia Satellite
TIC 139270665 b,2024,619.3,147.2,Transit,Transiting Exoplanet Survey Satellite (TESS)
TIC 139270665 c,2024,619.3,,Radial Velocity,Lick Observatory
2MASS J0249-0557 c,2018,215.5,3686.8,Imaging,Mauna Kea Observatory
TOI-1224 b,2024,121.8,,Transit,Transiting Exoplanet Survey Satellite (TESS)
TOI-1224 c,2024,121.8,,Transit,Transiting Exoplanet Survey Satellite (TESS)
UCAC3 113-933 b,2024,171.5,6674.4,Imaging,Multiple Observatories
UCAC4 328-061594 b,2024,130.2,6674.4,Imaging,Multiple Observatories
GJ 900 b,2024,67.9,3496.1,Imaging,Multiple Observatories
NGTS-26 b,2024,3567.1,92.8,Transit,Next-Generation Transit Survey (NGTS)
TOI-1450 A c,2024,73.2,,Transit,Gemini Observatory
MOA-2022-BLG-563L b,2024,21298.0,127.1,Microlensing,MOA
KMT-2023-BLG-0469L b,2024,23059.2,39.4,Microlensing,KMTNet
KMT-2023-BLG-0735L b,2024,20841.4,38.8,Microlensing,KMTNet
HD 284149 AB b,2017,384.2,8981.8,Imaging,Paranal Observatory
TOI-4527.01,2024,59.0,,Transit,Transiting Exoplanet Survey Satellite (TESS)
Kepler-1032 b,2016,2195.1,,Transit,Kepler
TOI-7008 b,2026,1338.8,,Transit,Transiting Exoplanet Survey Satellite (TESS)
TOI-7009 b,2026,600.5,,Transit,Transiting Exoplanet Survey Satellite (TESS)
Kepler-328 c,2013,7218.5,39.4,Transit,Kepler
Kepler-11 d,2010,2108.1,6.8,Transit,Kepler
OGLE-2023-BLG-0836L b,2024,16699.2,1385.7,Microlensing,OGLE
TIC 365102760 b,2024,1811.9,19.2,Transit,Transiting Exoplanet Survey Satellite (TESS)
KMT-2023-BLG-1431L b,2024,22504.8,13.4,Microlensing,KMTNet
OGLE-2014-BLG-0221L b,2024,12002.5,1382.6,Microlensing,OGLE
HD 48948 b,2024,55.1,,Radial Velocity,Roque de los Muchachos Observatory
HD 48948 c,2024,55.1,,Radial Velocity,Roque de los Muchachos Observatory
HD 48948 d,2024,55.1,,Radial Velocity,Roque de los Muchachos Observatory
TIC 241249530 b,2024,1058.2,1582.8,Transit,Transiting Exoplanet Survey Satellite (TESS)
TIC 46432937 b,2024,295.3,1017.1,Transit,Transiting Exoplanet Survey Satellite (TESS)
TOI-1294 c,2024,1085.0,,Radial Velocity,W. M. Keck Observatory
Kepler-1017 b,2016,1800.6,,Transit,Kepler
TOI-1410 c,2024,237.3,,Radial Velocity,W. M. Keck Observatory
Gaia22dkvL b,2024,4142.2,187.8,Microlensing,European Space Agency (ESA) Gaia Satellite
TOI-1408 c,2024,454.9,7.6,Transit Timing Variations,Transiting Exoplanet Survey Satellite (TESS)
GJ 238 b,2024,49.6,,Transit,Transiting Exoplanet Survey Satellite (TESS)
HD 118203 c,2024,300.9,3527.9,Radial Velocity,Multiple Observatories
Kepler-974 b,2016,438.1,,Transit,Kepler
OGLE-2017-BLG-0448L b,2024,25407.6,7.3,Microlensing,OGLE
TIC 4672985 b,2024,826.4,4049.1,Transit,Transiting Exoplanet Survey Satellite (TESS)
TOI-7041 b,2025,1433.5,114.4,Transit,Transiting Exoplanet Survey Satellite (TESS)
Kepler-955 b,2016,1795.1,,Transit,Kepler
HD 21520 b,2024,258.3,17.7,Transit,Transiting Exoplanet Survey Satellite (TESS)
HD 222237 b,2024,37.3,1519.2,Radial Velocity,Multiple Observatories
TOI-4562 c,2024,1107.6,1833.9,Transit Timing Variations,Multiple Observatories
HIP 67522 c,2024,415.1,,Transit,Transiting Exoplanet Survey Satellite (TESS)
TOI-5489 c,2025,147.1,,Transit,Transiting Exoplanet Survey Satellite (TESS)
Barnard b,2024,6.0,,Radial Velocity,Paranal Observatory
OGLE-2016-BLG-1598L b,2024,19275.8,117.6,Microlensing,OGLE
OGLE-2016-BLG-1800L b,2024,21102.3,791.4,Microlensing,OGLE
MOA-2016-BLG-526L b,2024,22504.8,7.6,Microlensing,MOA
KMT-2016-BLG-2321L b,2024,11676.4,301.9,Microlensing,KMTNet
KMT-2023-BLG-1866L b,2024,20254.3,2.6,Microlensing,KMTNet
HD 75898 c,2024,254.6,2698.4,Radial Velocity,Multiple Observatories
Kepler-158 d,2024,1028.0,,Transit,Kepler
Kepler-963 c,2024,2516.3,,Transit,Kepler
Kepler-879 c,2024,2618.0,,Transit,Kepler
Kepler-1489 c,2024,4184.7,,Transit,Kepler
Kepler-1672 b,2020,1275.9,,Transit,Kepler
KOI-4978 b,2024,3053.9,,Transit,Kepler
Kepler-51 e,2024,2556.5,5.4,Transit Timing Variations,Multiple Observatories
Kepler-340 c,2014,2637.8,,Transit,Kepler
Kepler-20 d,2011,921.6,10.1,Transit,Kepler
Kepler-20 b,2011,921.6,9.7,Transit,Kepler
Kepler-964 b,2016,1482.8,,Transit,Kepler
Kepler-348 b,2014,1861.6,,Transit,Kepler
TOI-7149 b,2025,411.4,224.0,Transit,Transiting Exoplanet Survey Satellite (TESS)
TOI-7155 b,2026,472.1,,Transit,Transiting Exoplanet Survey Satellite (TESS)
TOI-7166 b,2025,115.5,,Transit,Transiting Exoplanet Survey Satellite (TESS)
TOI-2458 c,2024,368.4,,Radial Velocity,La Silla Observatory
KMT-2021-BLG-2609L b,2024,24396.5,35.6,Microlensing,KMTNet
KMT-2022-BLG-0303L b,2024,21428.4,163.0,Microlensing,KMTNet
HD 86728 b,2025,48.7,,Radial Velocity,Multiple Observatories
Kepler-338 b,2014,1803.0,30.6,Transit,Kepler
KMT-2024-BLG-1044L b,2024,21885.1,13.7,Microlensing,KMTNet
KMT-2022-BLG-2286L b,2024,23874.6,6038.7,Microlensing,KMTNet
KMT-2023-BLG-1743L b,2024,23254.9,6356.6,Microlensing,KMTNet
TOI-4504 d,2024,1117.4,450.2,Transit Timing Variations,Multiple Observatories
HD 73344 c,2025,115.0,,Radial Velocity,Multiple Observatories
HD 73344 d,2025,115.0,810.5,Radial Velocity,Multiple Observatories
Kepler-111 b,2014,2143.6,,Transit,Kepler
Kepler-970 b,2016,1081.4,,Transit,Kepler
WASP-132 d,2024,400.9,,Radial Velocity,Multiple Observatories
K2-360 c,2024,757.0,,Radial Velocity,Multiple Observatories
HD 20794 f,2025,19.6,,Radial Velocity,Multiple Observatories
Gaia-4 b,2025,239.7,3750.4,Astrometry,European Space Agency (ESA) Gaia Satellite
Gaia-5 b,2025,134.3,6633.1,Astrometry,European Space Agency (ESA) Gaia Satellite
K2-99 c,2022,1693.5,,Radial Velocity,Multiple Observatories
Gl 725 A b,2025,11.5,,Radial Velocity,Multiple Observatories
KOBE-1 b,2025,78.2,,Radial Velocity,Calar Alto Observatory
KOBE-1 c,2025,78.2,,Radial Velocity,Calar Alto Observatory
TOI-2295 c,2024,411.9,,Radial Velocity,Haute-Provence Observatory
TOI-2537 c,2024,603.3,,Radial Velocity,Multiple Observatories
GJ 2126 b,2025,124.4,,Radial Velocity,La Silla Observatory
KOI-1843.03,2013,438.1,8.0,Transit,Kepler
TOI-2015 c,2025,154.4,8.9,Transit Timing Variations,Multiple Observatories
TOI-2443 b,2023,78.0,4.8,Transit,Transiting Exoplanet Survey Satellite (TESS)
Kepler-959 b,2016,2634.5,,Transit,Kepler
Kepler-1051 b,2016,2705.0,,Transit,Kepler
Kepler-1774 b,2021,2663.4,,Transit,Kepler
Kepler-333 b,2014,1058.1,28.2,Transit,Kepler
Kepler-1675 b,2020,2123.7,,Transit,Kepler
Kepler-105 c,2014,1497.8,5.6,Transit,Kepler
Kepler-971 b,2016,1104.1,,Transit,Kepler
Kepler-950 b,2016,7050.2,,Transit,Kepler
Kepler-336 d,2014,2507.7,,Transit,Kepler
TOI-7333 b,2026,512.8,,Transit,Transiting Exoplanet Survey Satellite (TESS)
Barnard c,2025,6.0,,Radial Velocity,Gemini Observatory
Kepler-1783 b,2021,861.3,,Transit,Kepler
Barnard d,2025,6.0,,Radial Velocity,Gemini Observatory
Barnard e,2025,6.0,,Radial Velocity,Gemini Observatory
GJ 3998 d,2025,59.2,,Radial Velocity,Multiple Observatories
GJ 1289 b,2024,27.2,,Radial Velocity,Multiple Observatories
TOI-1266 d,2025,117.5,3.7,Transit Timing Variations,Transiting Exoplanet Survey Satellite (TESS)
BD+05 4868 A b,2025,142.1,6.2,Transit,Transiting Exoplanet Survey Satellite (TESS)
ZTF J1230-2655 b,2025,608.9,7024.0,Transit,Zwicky Transient Facility
ZTF J1828+2308 b,2025,658.3,6356.6,Transit,Zwicky Transient Facility
LP 261-75 b,2006,110.7,6674.4,Imaging,Apache Point Observatory
KMT-2019-BLG-0578L b,2025,23809.4,381.4,Microlensing,KMTNet
KMT-2021-BLG-0736L b,2025,22830.9,21.0,Microlensing,KMTNet
G 192-15 b,2025,31.1,,Radial Velocity,Calar Alto Observatory
G 192-15 c,2025,31.1,,Radial Velocity,Calar Alto Observatory
G 261-6 b,2025,34.7,,Radial Velocity,Calar Alto Observatory
Gl 410 b,2025,38.9,,Radial Velocity,Mauna Kea Observatory
Kepler-26 c,2011,1093.6,6.1,Transit,Kepler
Kepler-996 b,2016,3967.9,,Transit,Kepler
Kepler-1029 b,2016,1195.9,,Transit,Kepler
Kepler-948 b,2016,2831.1,,Transit,Kepler
Kepler-1057 b,2016,3919.8,,Transit,Kepler
TOI-7384 b,2026,217.8,,Transit,Transiting Exoplanet Survey Satellite (TESS)
Kepler-139 f,2025,1275.4,36.0,Transit Timing Variations,Multiple Observatories
TOI-771 c,2025,82.4,,Radial Velocity,Paranal Observatory
OGLE-2016-BLG-0007L b,2025,14024.7,1.3,Microlensing,OGLE
Kepler-1059 b,2016,2326.0,,Transit,Kepler
AT2021ueyL b,2025,3392.0,425.9,Microlensing,Multiple Observatories
Kepler-965 b,2016,1900.9,,Transit,Kepler
Kepler-952 b,2016,4253.9,,Transit,Kepler
Kepler-1048 b,2016,1813.4,,Transit,Kepler
Kepler-102 d,2014,351.6,3.0,Transit,Kepler
K2-157 c,2025,973.2,,Radial Velocity,Paranal Observatory
K2-157 d,2025,973.2,,Radial Velocity,Paranal Observatory
HD 35843 b,2025,227.0,,Radial Velocity,Paranal Observatory
KMT-2017-BLG-0849L b,2024,23548.5,6.4,Microlensing,KMTNet
KMT-2017-BLG-1057L b,2024,21200.1,23.5,Microlensing,KMTNet
KMT-2017-BLG-2331L b,2024,26190.3,171.0,Microlensing,KMTNet
OGLE-2017-BLG-0364L b,2024,27331.9,60.9,Microlensing,OGLE
TOI-2076 e,2025,136.7,4.7,Transit,Transiting Exoplanet Survey Satellite (TESS)
HD 87816 b,2025,434.5,,Radial Velocity,La Silla Observatory
HD 87816 c,2025,434.5,,Radial Velocity,La Silla Observatory
HD 94890 b,2025,201.2,,Radial Velocity,La Silla Observatory
HD 94890 c,2025,201.2,,Radial Velocity,La Silla Observatory
HD 102888 b,2025,412.5,,Radial Velocity,La Silla Observatory
TOI-6695 c,2025,921.5,,Radial Velocity,Multiple Observatories
TIC 434398831 b,2025,707.8,,Transit,Transiting Exoplanet Survey Satellite (TESS)
Kepler-988 b,2016,994.4,,Transit,Kepler
TIC 434398831 c,2025,707.8,,Transit,Transiting Exoplanet Survey Satellite (TESS)
KMT-2017-BLG-2197L b,2025,25440.2,2809.6,Microlensing,KMTNet
KMT-2022-BLG-1790L b,2025,21134.9,549.8,Microlensing,KMTNet
KMT-2022-BLG-2076L b,2025,18166.9,279.7,Microlensing,KMTNet
KMT-2023-BLG-2209L b,2025,18166.9,254.3,Microlensing,KMTNet
TOI-1117 c,2025,546.6,,Radial Velocity,La Silla Observatory
Kepler-977 b,2016,1855.0,,Transit,Kepler
TOI-1117 d,2025,546.6,,Radial Velocity,La Silla Observatory
Kepler-725 c,2025,2473.8,9.7,Transit Timing Variations,Kepler
TIC 88785435 b,2025,399.2,,Transit,Transiting Exoplanet Survey Satellite (TESS)
TWA 7 b,2025,110.9,108.1,Imaging,James Webb Space Telescope (JWST)
KOI-134 c,2025,3780.8,69.9,Transit Timing Variations,Kepler
L 98-59 f,2025,34.6,,Radial Velocity,Multiple Facilities
TOI-201 c,2025,371.2,4513.2,Transit Timing Variations,Transiting Exoplanet Survey Satellite (TESS)
HD 135344 A b,2025,461.8,3178.3,Imaging,Paranal Observatory
Kepler-947 b,2016,5645.0,,Transit,Kepler
MOA-2022-BLG-091L b,2025,13861.6,1141.0,Microlensing,MOA
KMT-2024-BLG-1209L b,2025,12817.9,839.1,Microlensing,KMTNet
BEBOP-3 b,2025,388.3,,Radial Velocity,Haute-Provence Observatory
OGLE-2015-BLG-1609L b,2025,21526.3,1.9,Microlensing,OGLE
GJ 9773 b,2025,51.9,,Radial Velocity,Calar Alto Observatory
GJ 508.2 b,2025,54.3,,Radial Velocity,Calar Alto Observatory
MOA-2022-BLG-033L b,2025,6001.3,12.2,Microlensing,MOA
KMT-2023-BLG-0119L b,2025,17645.0,83.7,Microlensing,KMTNet
Kepler-1781 b,2021,3139.7,,Transit,Kepler
KMT-2023-BLG-1896L b,2025,17906.0,16.4,Microlensing,KMTNet
HD 224018 b,2025,344.0,4.1,Radial Velocity,Roque de los Muchachos Observatory
HD 224018 c,2025,344.0,10.4,Transit,K2
HD 224018 d,2025,344.0,4.2,Transit,K2
K2-73 c,2025,878.0,,Radial Velocity,W. M. Keck Observatory
HIP 41378 g,2025,346.7,6.8,Radial Velocity,W. M. Keck Observatory
HD 28471 b,2025,142.4,,Radial Velocity,La Silla Observatory
HD 28471 c,2025,142.4,,Radial Velocity,La Silla Observatory
HD 28471 d,2025,142.4,,Radial Velocity,La Silla Observatory
WISPIT 1 b,2025,750.2,3305.4,Imaging,Paranal Observatory
WISPIT 1 c,2025,750.2,1684.5,Imaging,Paranal Observatory
WISPIT 2 b,2025,440.0,1541.5,Imaging,Paranal Observatory
GJ 536 c,2025,34.0,,Radial Velocity,Multiple Facilities
TOI-2141 c,2025,253.4,,Radial Velocity,Roque de los Muchachos Observatory
TOI-2141 d,2025,253.4,,Radial Velocity,Roque de los Muchachos Observatory
Kepler-343 b,2014,3024.1,,Transit,Kepler
KMT-2024-BLG-0404L b,2025,23515.8,8657.6,Microlensing,KMTNet
KMT-2024-BLG-0404L c,2025,23515.8,17.3,Microlensing,KMTNet
TOI-5799 c,2025,90.7,,Transit,Transiting Exoplanet Survey Satellite (TESS)
TOI-1203 b,2025,212.0,3.5,Radial Velocity,La Silla Observatory
TOI-1203 c,2025,212.0,,Radial Velocity,La Silla Observatory
TOI-1203 e,2025,212.0,,Radial Velocity,La Silla Observatory
NGTS-32 b,2025,2731.4,181.2,Transit,Next-Generation Transit Survey (NGTS)
HD 143811 AB b,2025,445.6,1938.8,Imaging,Paranal Observatory
Kepler-107 c,2014,1715.6,9.4,Transit,Kepler
Kepler-1021 b,2016,2642.1,,Transit,Kepler
HD 23079 c,2025,109.1,,Radial Velocity,La Silla Observatory
HD 196067 c,2025,130.2,,Radial Velocity,La Silla Observatory
TOI-2093 b,2025,270.1,,Radial Velocity,Calar Alto Observatory
HIP 18606 b,2025,153.4,,Radial Velocity,Multiple Observatories
HIP 111909 b,2025,287.3,,Radial Velocity,Multiple Observatories
HIP 111909 c,2025,287.3,,Radial Velocity,Multiple Observatories
OGLE-2016-BLG-1266L b,2018,9882.5,3750.4,Microlensing,OGLE
BD+37 3172 b,2023,1481.6,,Radial Velocity,McDonald Observatory
BD+42 2315 b,2023,1991.9,,Radial Velocity,McDonald Observatory
55 Cnc B b,2025,40.7,,Radial Velocity,Mauna Kea Observatory
55 Cnc B c,2025,40.7,,Radial Velocity,Mauna Kea Observatory
GJ 251 c,2025,18.2,,Radial Velocity,Multiple Observatories
TOI-7510 b,2025,812.1,7.9,Transit,Transiting Exoplanet Survey Satellite (TESS)
TOI-7510 c,2025,812.1,131.0,Transit,Transiting Exoplanet Survey Satellite (TESS)
TOI-7510 d,2025,812.1,245.6,Transit,Transiting Exoplanet Survey Satellite (TESS)
TOI-756 c,2025,281.1,,Radial Velocity,La Silla Observatory
Kepler-1009 b,2016,1157.9,,Transit,Kepler
Kepler-351 c,2014,3535.2,11.1,Transit,Kepler
TIC 231949697 b,2026,163.9,,Transit,Transiting Exoplanet Survey Satellite (TESS)
Kepler-1027 b,2016,1321.3,,Transit,Kepler
Kepler-1035 b,2016,1833.4,,Transit,Kepler
BEBOP-4 AB b,2025,764.2,8358.9,Radial Velocity,Haute-Provence Observatory
KMT-2023-BLG-0548L b,2025,14089.9,162.1,Microlensing,KMTNet
Kepler-986 b,2016,1788.5,,Transit,Kepler
KMT-2023-BLG-0830L b,2025,23646.3,18.8,Microlensing,KMTNet
KMT-2023-BLG-0949L b,2025,19765.1,1242.7,Microlensing,KMTNet
KMT-2024-BLG-1281L b,2025,23418.0,19.1,Microlensing,KMTNet
KMT-2024-BLG-2059L b,2025,19797.7,7.0,Microlensing,KMTNet
KMT-2024-BLG-2242L b,2025,24853.1,17.5,Microlensing,KMTNet
2MASS J22501512+2325342 b,2018,186.7,9534.9,Imaging,The 2 (Two) Micron All Sky Survey (2MASS)
TOI-1422 c,2025,506.0,14.0,Radial Velocity,Roque de los Muchachos Observatory
Kepler-1780 b,2021,2578.3,,Transit,Kepler
Kepler-49 d,2014,1015.1,236.0,Transit,Kepler
Kepler-978 b,2016,2226.1,,Transit,Kepler
Kepler-1002 b,2016,1331.7,,Transit,Kepler
TOI-1472 c,2025,397.4,21.1,Radial Velocity,Multiple Observatories
CD-35 2722 b,2011,73.0,9852.7,Imaging,Gemini Observatory
HIP 54515 b,2026,270.1,5625.6,Imaging,Subaru Telescope
Kepler-1005 b,2016,1851.9,,Transit,Kepler
TOI-6041 c,2025,236.4,,Radial Velocity,Multiple Observatories
HD 128717 b,2025,240.2,6293.0,Astrometry,European Space Agency (ESA) Gaia Satellite
NGTS-34 b,2025,392.9,19.1,Transit,Transiting Exoplanet Survey Satellite (TESS)
KMT-2024-BLG-1005L b,2025,22667.8,6674.4,Microlensing,KMTNet
Kepler-341 c,2014,3415.0,,Transit,Kepler
TIC 270471727 b,2026,593.9,,Transit,Transiting Exoplanet Survey Satellite (TESS)
Kepler-1015 b,2016,2411.5,,Transit,Kepler
Kepler-1769 b,2021,1429.9,,Transit,Kepler
Kepler-972 b,2016,3907.4,,Transit,Kepler
Kepler-11 e,2010,2108.1,7.0,Transit,Kepler
Kepler-1770 b,2021,1901.3,,Transit,Kepler
TOI-5789 c,2026,66.7,5.0,Transit,Transiting Exoplanet Survey Satellite (TESS)
TOI-5789 b,2026,66.7,,Radial Velocity,Multiple Observatories
TOI-5789 d,2026,66.7,,Radial Velocity,Multiple Observatories
TOI-5789 e,2026,66.7,,Radial Velocity,Multiple Observatories
KMT-2022-BLG-1818L b,2026,17286.3,1357.1,Microlensing,KMTNet
KMT-2022-BLG-1818L c,2026,17286.3,146.2,Microlensing,KMTNet
GJ 3090 c,2026,73.3,,Radial Velocity,Multiple Facilities
Kepler-961 b,2016,1873.2,,Transit,Kepler
KOINTREAU-1 b,2026,517.3,3369.0,Imaging,W. M. Keck Observatory
KMT-2025-BLG-1616L b,2026,24461.7,42.3,Microlensing,KMTNet
HD 176986 d,2026,90.6,,Radial Velocity,Multiple Observatories
HD 85426 c,2026,176.0,,Radial Velocity,Multiple Observatories
GJ 4274 b,2026,23.6,,Radial Velocity,Mauna Kea Observatory
GJ 4274 c,2026,23.6,,Radial Velocity,Mauna Kea Observatory
TOI-375 c,2026,1292.3,,Radial Velocity,Multiple Observatories
TOI-375 d,2026,1292.3,,Radial Velocity,Multiple Observatories
KMT-2024-BLG-0176L b,2026,27201.4,241.5,Microlensing,KMTNet
KMT-2024-BLG-0349L b,2026,18754.0,3769.4,Microlensing,KMTNet
KMT-2024-BLG-1870L b,2026,17873.3,336.9,Microlensing,KMTNet
KMT-2024-BLG-2087L b,2026,23450.6,1395.3,Microlensing,KMTNet
GJ 887 d,2026,10.7,,Radial Velocity,Multiple Observatories
GJ 887 e,2026,10.7,,Radial Velocity,Multiple Observatories
HD 164604 c,2026,128.4,2415.5,Radial Velocity,Las Campanas Observatory
LHS 1903 e,2026,116.4,5.8,Transit,CHaracterising ExOPlanets Satellite (CHEOPS)
KOINTREAU-3 b,2026,458.5,1080.6,Imaging,W. M. Keck Observatory
KOINTREAU-4 b,2026,474.3,3655.0,Imaging,W. M. Keck Observatory
TOI-4336 A c,2026,73.5,1.6,Transit,Multiple Observatories
DMPP-2 c,2026,449.9,,Radial Velocity,Multiple Observatories
DMPP-2 d,2026,449.9,,Radial Velocity,Multiple Observatories
DMPP-6 b,2026,178.2,,Radial Velocity,Multiple Observatories
DMPP-6 c,2026,178.2,,Radial Velocity,Multiple Observatories
DMPP-7 b,2026,330.7,,Radial Velocity,Multiple Observatories
DMPP-8 b,2026,248.3,,Radial Velocity,Multiple Observatories
DMPP-9 b,2026,357.3,,Radial Velocity,Multiple Observatories
KMT-2020-BLG-0202L b,2026,12524.4,3902.9,Microlensing,KMTNet
KMT-2022-BLG-1551L b,2026,22504.8,940.8,Microlensing,KMTNet
KMT-2023-BLG-0466L b,2026,22178.6,1032.9,Microlensing,KMTNet
KMT-2025-BLG-0121L b,2026,20221.7,2469.5,Microlensing,KMTNet
HD 68475 b,2026,109.0,1640.0,Radial Velocity,Las Campanas Observatory
HD 100508 b,2026,106.8,381.4,Radial Velocity,Las Campanas Observatory
HD 48265 c,2026,295.3,1414.3,Radial Velocity,Las Campanas Observatory
HD 114386 c,2026,91.1,,Radial Velocity,Las Campanas Observatory
KMT-2016-BLG-1337L b,2026,22667.8,2259.8,Microlensing,KMTNet
Kepler-1778 b,2021,4162.7,,Transit,Kepler
KMT-2021-BLG-0852L b,2026,23581.1,155.7,Microlensing,KMTNet
KMT-2024-BLG-2005L b,2026,25179.2,50.9,Microlensing,KMTNet
KMT-2025-BLG-0481L b,2026,26027.2,187.5,Microlensing,KMTNet
TOI-1232 c,2026,1071.8,58.5,Transit Timing Variations,Transiting Exoplanet Survey Satellite (TESS)
WISPIT 2 c,2026,440.0,3178.3,Imaging,Multiple Observatories
CWISEP J193518.59-154620.3 b,2025,47.1,4926.3,Imaging,James Webb Space Telescope (JWST)
TIC 18942729 b,2026,375.6,,Transit,Transiting Exoplanet Survey Satellite (TESS)
TIC 24750448 b,2026,581.0,,Transit,Transiting Exoplanet Survey Satellite (TESS)
Kepler-1025 b,2016,2621.6,,Transit,Kepler
TIC 24750448 c,2026,581.0,,Transit,Transiting Exoplanet Survey Satellite (TESS)
TIC 32032563 b,2026,1656.4,,Transit,Transiting Exoplanet Survey Satellite (TESS)
TIC 34085383 b,2026,486.4,,Transit,Transiting Exoplanet Survey Satellite (TESS)
TIC 38825265 b,2026,540.2,,Transit,Transiting Exoplanet Survey Satellite (TESS)
TIC 38828280 b,2026,934.2,,Transit,Transiting Exoplanet Survey Satellite (TESS)
TIC 62895484 b,2026,961.7,,Transit,Transiting Exoplanet Survey Satellite (TESS)
TIC 65612701 b,2026,494.5,,Transit,Transiting Exoplanet Survey Satellite (TESS)
TIC 67686059 b,2026,812.8,,Transit,Transiting Exoplanet Survey Satellite (TESS)
TIC 77319217 b,2026,872.9,,Transit,Transiting Exoplanet Survey Satellite (TESS)
TIC 77552382 b,2026,1217.9,,Transit,Transiting Exoplanet Survey Satellite (TESS)
Kepler-107 b,2014,1715.6,3.8,Transit,Kepler
TIC 86380416 b,2026,798.0,,Transit,Transiting Exoplanet Survey Satellite (TESS)
TIC 88692598 b,2026,239.8,,Transit,Transiting Exoplanet Survey Satellite (TESS)
TIC 117642575 b,2026,615.6,,Transit,Transiting Exoplanet Survey Satellite (TESS)
TIC 139702105 b,2026,299.4,,Transit,Transiting Exoplanet Survey Satellite (TESS)
TIC 142589416 b,2026,551.0,,Transit,Transiting Exoplanet Survey Satellite (TESS)
TIC 153919886 b,2026,431.6,,Transit,Transiting Exoplanet Survey Satellite (TESS)
TIC 154870955 b,2026,738.6,,Transit,Transiting Exoplanet Survey Satellite (TESS)
TIC 160113658 b,2026,652.8,,Transit,Transiting Exoplanet Survey Satellite (TESS)
TIC 161045582 b,2026,529.2,,Transit,Transiting Exoplanet Survey Satellite (TESS)
TIC 178172313 b,2026,581.0,,Transit,Transiting Exoplanet Survey Satellite (TESS)
TIC 188624430 b,2026,980.9,,Transit,Transiting Exoplanet Survey Satellite (TESS)
TIC 198190129 b,2026,424.1,,Transit,Transiting Exoplanet Survey Satellite (TESS)
TIC 206466666 b,2026,416.9,,Transit,Transiting Exoplanet Survey Satellite (TESS)
TIC 249022743 b,2026,1293.1,,Transit,Transiting Exoplanet Survey Satellite (TESS)
TIC 260969020 b,2026,395.4,,Transit,Transiting Exoplanet Survey Satellite (TESS)
TIC 290487717 b,2026,1290.2,,Transit,Transiting Exoplanet Survey Satellite (TESS)
TIC 294329732 b,2026,617.5,,Transit,Transiting Exoplanet Survey Satellite (TESS)
TIC 320419023 b,2026,942.2,,Transit,Transiting Exoplanet Survey Satellite (TESS)
TIC 349520724 b,2026,786.4,,Transit,Transiting Exoplanet Survey Satellite (TESS)
TIC 356227008 b,2026,1264.2,,Transit,Transiting Exoplanet Survey Satellite (TESS)
TIC 390586021 b,2026,373.6,,Transit,Transiting Exoplanet Survey Satellite (TESS)
TIC 423703298 b,2026,444.2,,Transit,Transiting Exoplanet Survey Satellite (TESS)
TIC 437041147 b,2026,804.3,,Transit,Transiting Exoplanet Survey Satellite (TESS)
TIC 445839811 b,2026,768.6,,Transit,Transiting Exoplanet Survey Satellite (TESS)
TOI-1839 c,2026,378.6,,Transit,Transiting Exoplanet Survey Satellite (TESS)
GJ 1137 c,2026,93.0,,Radial Velocity,La Silla Observatory
TIC 147027702 b,2026,1491.1,346.4,Transit,Transiting Exoplanet Survey Satellite (TESS)
TIC 245076932 b,2026,991.4,162.1,Transit,Transiting Exoplanet Survey Satellite (TESS)
TOI-5624 f,2026,332.4,,Transit Timing Variations,Multiple Observatories
TIC 183374187 b,2026,3942.4,178.0,Transit,Transiting Exoplanet Survey Satellite (TESS)
TOI-237 c,2026,124.2,,Transit,La Silla Observatory
XO-2 S d,2024,493.8,,Radial Velocity,Multiple Observatories
HD 5388 b,2010,173.1,21993.7,Radial Velocity,La Silla Observatory
HD 16760 b,2009,163.7,6833.3,Radial Velocity,Multiple Facilities
GJ 3378 b,2026,25.2,,Radial Velocity,Mauna Kea Observatory
HIP 10090 b,2026,268.7,1230.0,Radial Velocity,Multiple Facilities
Kepler-1782 b,2021,997.4,,Transit,Kepler
HIP 10090 c,2026,268.7,270.2,Radial Velocity,Multiple Facilities
HIP 8923 b,2026,215.2,3171.9,Radial Velocity,Multiple Facilities
HIP 39330 b,2026,118.7,530.8,Radial Velocity,Multiple Facilities
HIP 98599 b,2026,247.7,2177.1,Radial Velocity,Multiple Facilities
KMT-2023-BLG-1592L b,2026,23483.2,184.3,Microlensing,KMTNet
OGLE-2023-BLG-0766L b,2026,24135.5,349.6,Microlensing,OGLE
KMT-2023-BLG-0332L b,2026,21200.1,6992.2,Microlensing,KMTNet
HD 190360 d,2026,52.2,11.9,Radial Velocity,Multiple Facilities
HD 125136 b,2026,395.5,,Radial Velocity,La Silla Observatory
HD 127195 b,2026,276.3,,Radial Velocity,La Silla Observatory
Kepler-985 b,2016,2215.8,,Transit,Kepler
HD 127195 c,2026,276.3,,Radial Velocity,La Silla Observatory
HD 126105 b,2026,270.3,,Radial Velocity,Multiple Facilities
TIC 150070085 b,2026,666.6,,Transit,Transiting Exoplanet Survey Satellite (TESS)
Kepler-327 b,2014,789.3,,Transit,Kepler
Kepler-25 c,2011,793.4,2.3,Transit,Kepler
Kepler-946 b,2016,3709.3,,Transit,Kepler
Kepler-1014 b,2016,2037.8,,Transit,Kepler
Kepler-1010 b,2016,1889.3,,Transit,Kepler
Kepler-321 c,2014,1254.2,,Transit,Kepler
Kepler-1038 b,2016,1905.2,,Transit,Kepler
Kepler-322 c,2014,1306.2,,Transit,Kepler
NGTS-38 b,2026,876.2,1516.0,Transit,Transiting Exoplanet Survey Satellite (TESS)
bet Pic d,2026,64.4,762.8,Imaging,Paranal Observatory
TOI-260 b,2024,65.8,3.3,Transit,Transiting Exoplanet Survey Satellite (TESS)
Kepler-993 b,2016,1058.1,,Transit,Kepler
Kepler-1013 b,2016,1377.2,,Transit,Kepler
NGTS-39 b,2026,908.0,466.3,Transit,Transiting Exoplanet Survey Satellite (TESS)
Gaia23braL b,2026,14122.6,518.1,Microlensing,European Space Agency (ESA) Gaia Satellite
Gliese 48 b,2026,26.9,,Radial Velocity,Multiple Observatories
Kepler-1054 b,2016,3556.8,,Transit,Kepler
Kepler-1033 b,2016,4747.2,,Transit,Kepler
Kepler-953 b,2016,844.4,,Transit,Kepler
HD 60779 b,2026,115.6,14.2,Transit,Transiting Exoplanet Survey Satellite (TESS)
HD 60779 c,2026,115.6,,Radial Velocity,Roque de los Muchachos Observatory
Kepler-349 b,2014,3068.2,94.5,Transit,Kepler
Kepler-1784 b,2021,2880.1,,Transit,Kepler
Kepler-1768 b,2021,2063.8,,Transit,Kepler
Kepler-37 d,2013,208.5,62.5,Transit,Kepler
Kepler-330 c,2014,2340.3,,Transit,Kepler
Kepler-1003 b,2016,3072.1,,Transit,Kepler
Kepler-1055 b,2016,1270.0,,Transit,Kepler
Kepler-1008 b,2016,921.6,,Transit,Kepler
Kepler-1045 b,2016,3074.0,,Transit,Kepler
Kepler-983 b,2016,2330.2,,Transit,Kepler
Kepler-980 b,2016,3135.9,,Transit,Kepler
Kepler-963 b,2016,2516.3,,Transit,Kepler
Kepler-127 d,2014,1150.7,,Transit,Kepler
Kepler-329 c,2014,1434.2,,Transit,Kepler
Kepler-1674 b,2020,3302.3,,Transit,Kepler
Kepler-1039 b,2016,1001.0,,Transit,Kepler
Kepler-1018 b,2016,3294.2,,Transit,Kepler
Kepler-335 b,2014,4171.4,,Transit,Kepler
Kepler-1779 b,2021,2963.1,,Transit,Kepler
Kepler-1030 b,2016,2474.6,,Transit,Kepler
Kepler-25 b,2011,793.4,8.7,Transit,Kepler
Kepler-1058 b,2016,1604.7,,Transit,Kepler
Kepler-1016 b,2016,4575.4,,Transit,Kepler
Kepler-958 b,2016,1467.0,,Transit,Kepler
Kepler-326 c,2014,1590.6,17.4,Transit,Kepler
Kepler-352 c,2014,824.3,,Transit,Kepler
Kepler-346 b,2014,3209.7,,Transit,Kepler
Kepler-127 c,2014,1150.7,,Transit,Kepler
Kepler-987 b,2016,2981.5,,Transit,Kepler
Kepler-999 b,2016,1777.8,,Transit,Kepler
Kepler-962 b,2016,1342.1,,Transit,Kepler
Kepler-344 b,2014,3271.1,,Transit,Kepler
Kepler-1020 b,2016,1354.7,,Transit,Kepler
Kepler-984 b,2016,1500.9,,Transit,Kepler
Kepler-479 b,2016,1124.9,,Transit,Kepler
Kepler-1012 b,2016,1340.8,,Transit,Kepler
Kepler-949 b,2016,1585.5,,Transit,Kepler
Kepler-979 b,2016,1880.3,,Transit,Kepler
Kepler-1996 c,2023,1436.9,,Transit,Kepler
Kepler-982 b,2016,2614.1,,Transit,Kepler
Kepler-1044 b,2016,4171.4,,Transit,Kepler
Kepler-66 b,2013,3923.5,,Transit,Kepler
Kepler-1052 b,2016,3077.1,,Transit,Kepler
Kepler-93 b,2014,312.8,4.7,Transit,Kepler
Kepler-960 b,2016,929.3,,Transit,Kepler
Kepler-976 b,2016,3302.0,,Transit,Kepler
Kepler-342 b,2014,2549.3,,Transit,Kepler
Kepler-318 b,2014,1595.4,,Transit,Kepler
Kepler-409 b,2014,222.4,22.0,Transit,Kepler
Kepler-1011 b,2016,2403.0,,Transit,Kepler
Kepler-990 b,2016,2616.3,,Transit,Kepler
Kepler-1056 b,2016,3204.5,,Transit,Kepler
Kepler-493 b,2016,5693.9,,Transit,Kepler
KOI-1783.01,2020,2823.6,283.0,Transit,Kepler
Kepler-1022 b,2016,1370.0,,Transit,Kepler
Kepler-1046 b,2016,2353.3,,Transit,Kepler
Kepler-1000 b,2016,3638.7,,Transit,Kepler
Kepler-1776 b,2021,2251.6,,Transit,Kepler
Kepler-1677 b,2020,2398.5,,Transit,Kepler
Kepler-473 b,2016,2954.8,,Transit,Kepler
Kepler-334 c,2014,1391.3,,Transit,Kepler
Kepler-337 c,2014,2211.3,,Transit,Kepler
Kepler-1037 b,2016,1457.6,,Transit,Kepler
Kepler-989 b,2016,1604.6,,Transit,Kepler
Kepler-1019 b,2016,633.3,,Transit,Kepler
Kepler-332 b,2014,1122.6,,Transit,Kepler
Kepler-497 b,2016,4213.9,,Transit,Kepler
Kepler-994 b,2016,613.7,,Transit,Kepler
Kepler-1043 b,2016,2946.3,,Transit,Kepler
Kepler-992 b,2016,846.8,,Transit,Kepler
Kepler-981 b,2016,2863.9,,Transit,Kepler
Kepler-1049 b,2016,528.4,,Transit,Kepler
Kepler-969 b,2016,1273.2,,Transit,Kepler
Kepler-954 b,2016,703.9,,Transit,Kepler
Kepler-1709 b,2021,893.5,,Transit,Kepler
Kepler-1040 b,2016,1572.5,,Transit,Kepler
Kepler-339 b,2014,2011.2,,Transit,Kepler
Kepler-447 b,2015,874.2,435.4,Transit,Kepler
Kepler-1050 b,2016,1599.8,,Transit,Kepler
Kepler-1001 b,2016,3029.9,,Transit,Kepler
Kepler-1673 b,2020,2371.8,,Transit,Kepler
Kepler-957 b,2016,2689.8,,Transit,Kepler
Kepler-1771 b,2021,1845.2,,Transit,Kepler
Kepler-956 b,2016,1777.4,,Transit,Kepler
Kepler-998 b,2016,3217.1,,Transit,Kepler
Kepler-347 b,2014,4236.4,,Transit,Kepler
Kepler-411 c,2016,501.2,26.4,Transit,Kepler
Kepler-45 b,2011,1245.7,160.5,Transit,Kepler
Kepler-324 c,2014,1635.9,6.2,Transit,Kepler
Kepler-1041 b,2016,4846.1,,Transit,Kepler
Kepler-991 b,2016,1270.6,,Transit,Kepler
Kepler-1023 b,2016,2264.1,,Transit,Kepler
Kepler-1028 b,2016,1982.8,,Transit,Kepler
Kepler-1004 b,2016,3759.5,,Transit,Kepler
Kepler-325 b,2014,2685.1,,Transit,Kepler
Kepler-997 b,2016,1525.0,,Transit,Kepler
Kepler-973 b,2016,1071.5,,Transit,Kepler
Kepler-1036 b,2016,1596.3,,Transit,Kepler
Kepler-65 c,2012,990.6,5.4,Transit,Kepler
Kepler-968 b,2016,946.9,,Transit,Kepler
Kepler-966 b,2016,3352.2,,Transit,Kepler
Kepler-1061 b,2016,1772.3,,Transit,Kepler
Kepler-1047 b,2016,2666.8,,Transit,Kepler
Kepler-188 b,2014,3159.0,,Transit,Kepler
Kepler-1062 b,2016,1296.3,,Transit,Kepler
Kepler-1063 b,2016,1119.5,,Transit,Kepler
Kepler-1112 b,2016,5451.0,,Transit,Kepler
Kepler-1681 b,2020,2473.2,,Transit,Kepler
Kepler-91 b,2013,4222.7,241.5,Transit,Kepler
Kepler-1113 b,2016,3502.5,,Transit,Kepler
Kepler-361 c,2014,3034.3,,Transit,Kepler
Kepler-1114 b,2016,1364.7,,Transit,Kepler
Kepler-1115 b,2016,3206.9,,Transit,Kepler
Kepler-1116 b,2016,3289.5,,Transit,Kepler
Kepler-1117 b,2016,1854.2,,Transit,Kepler
Kepler-1118 b,2016,2897.3,,Transit,Kepler
Kepler-1119 b,2016,5731.3,,Transit,Kepler
Kepler-1120 b,2016,2006.6,,Transit,Kepler
Kepler-362 c,2014,3556.8,,Transit,Kepler
Kepler-104 b,2014,1307.2,19.6,Transit,Kepler
Kepler-363 d,2014,2487.3,,Transit,Kepler
Kepler-1121 b,2016,1572.2,,Transit,Kepler
Kepler-1979 b,2023,3510.3,,Transit,Kepler
Kepler-1786 b,2021,2817.7,,Transit,Kepler
Kepler-1122 b,2016,4013.1,,Transit,Kepler
Kepler-364 c,2014,2907.6,,Transit,Kepler
Kepler-1799 b,2021,7353.8,,Transit,Kepler
Kepler-1123 b,2016,2297.2,,Transit,Kepler
Kepler-1124 b,2016,945.5,,Transit,Kepler
Kepler-1800 b,2021,1143.0,,Transit,Kepler
Kepler-1125 b,2016,6560.3,,Transit,Kepler
Kepler-1068 b,2016,4806.3,,Transit,Kepler
Kepler-1126 b,2016,2073.5,,Transit,Kepler
Kepler-365 b,2014,3388.7,,Transit,Kepler
Kepler-1127 b,2016,2747.7,,Transit,Kepler
Kepler-427 b,2014,3319.6,92.2,Transit,Kepler
Kepler-1128 b,2016,3533.6,,Transit,Kepler
Kepler-1129 b,2016,3861.3,,Transit,Kepler
Kepler-366 b,2014,6054.4,,Transit,Kepler
Kepler-1130 b,2016,813.2,,Transit,Kepler
Kepler-354 b,2014,1807.1,,Transit,Kepler
Kepler-1131 b,2016,3361.7,,Transit,Kepler
Kepler-1801 b,2021,2737.5,,Transit,Kepler
Kepler-367 b,2014,613.3,,Transit,Kepler
Kepler-368 b,2014,2514.6,,Transit,Kepler
Kepler-1132 b,2016,2830.8,,Transit,Kepler
Kepler-1133 b,2016,2456.4,,Transit,Kepler
Kepler-1069 b,2016,2269.9,,Transit,Kepler
Kepler-1804 b,2021,1417.0,,Transit,Kepler
Kepler-1134 b,2016,3080.4,,Transit,Kepler
Kepler-370 c,2014,3809.3,,Transit,Kepler
Kepler-462 b,2016,1945.9,53.9,Transit,Kepler
Kepler-1135 b,2016,4287.8,,Transit,Kepler
Kepler-1070 b,2016,3062.6,,Transit,Kepler
Kepler-1805 b,2021,722.9,,Transit,Kepler
Kepler-1136 b,2016,1602.8,,Transit,Kepler
Kepler-371 b,2014,2652.3,,Transit,Kepler
Kepler-372 c,2014,4872.6,,Transit,Kepler
Kepler-1137 b,2016,3006.4,,Transit,Kepler
Kepler-1806 b,2021,3190.0,,Transit,Kepler
Kepler-1138 b,2016,2845.2,,Transit,Kepler
Kepler-1071 b,2016,3399.4,,Transit,Kepler
Kepler-1139 b,2016,1615.0,,Transit,Kepler
Kepler-1807 b,2021,4237.8,,Transit,Kepler
Kepler-1140 b,2016,2141.1,,Transit,Kepler
Kepler-1141 b,2016,1283.9,,Transit,Kepler
Kepler-1142 b,2016,4153.6,,Transit,Kepler
Kepler-1143 b,2016,1810.8,,Transit,Kepler
Kepler-1072 b,2016,3205.2,,Transit,Kepler
Kepler-490 b,2016,4967.4,,Transit,Kepler
Kepler-1144 b,2016,3720.0,,Transit,Kepler
Kepler-1145 b,2016,2256.9,,Transit,Kepler
Kepler-1146 b,2016,2293.0,,Transit,Kepler
Kepler-1808 b,2021,3333.3,,Transit,Kepler
Kepler-373 b,2014,3556.6,,Transit,Kepler
Kepler-1809 b,2021,1335.9,,Transit,Kepler
Kepler-374 c,2014,4127.9,,Transit,Kepler
Kepler-1147 b,2016,5405.6,,Transit,Kepler
Kepler-1148 b,2016,2040.7,,Transit,Kepler
Kepler-1149 b,2016,3971.7,,Transit,Kepler
Kepler-1150 b,2016,1169.3,,Transit,Kepler
Kepler-1151 b,2016,2225.8,,Transit,Kepler
Kepler-1682 b,2020,3782.9,,Transit,Kepler
Kepler-114 c,2013,846.5,40.0,Transit,Kepler
Kepler-355 c,2014,4671.1,,Transit,Kepler
Kepler-1810 b,2021,3293.8,,Transit,Kepler
Kepler-375 c,2014,4040.5,,Transit,Kepler
Kepler-1811 b,2021,4535.4,,Transit,Kepler
Kepler-481 b,2016,2654.0,,Transit,Kepler
Kepler-1812 b,2021,4596.2,,Transit,Kepler
Kepler-1153 b,2016,3651.3,,Transit,Kepler
Kepler-1154 b,2016,4762.2,,Transit,Kepler
Kepler-1155 b,2016,3681.4,,Transit,Kepler
Kepler-1156 b,2016,2254.8,,Transit,Kepler
Kepler-1157 b,2016,1115.9,,Transit,Kepler
TrES-2 b,2006,702.3,381.1,Transit,TrES
Kepler-1814 b,2021,2369.0,,Transit,Kepler
Kepler-356 c,2014,2307.7,,Transit,Kepler
Kepler-1158 b,2016,4841.0,,Transit,Kepler
Kepler-1159 b,2016,3958.6,,Transit,Kepler
Kepler-1160 b,2016,3514.8,,Transit,Kepler
Kepler-1161 b,2016,1786.4,,Transit,Kepler
Kepler-1162 b,2016,3066.6,,Transit,Kepler
Kepler-1815 b,2021,3283.2,,Transit,Kepler
Kepler-1163 b,2016,1561.1,,Transit,Kepler
Kepler-1164 b,2016,1407.8,,Transit,Kepler
Kepler-1165 c,2021,5137.6,,Transit,Kepler
Kepler-1166 b,2016,2070.8,,Transit,Kepler
Kepler-23 c,2011,2725.9,858.1,Transit,Kepler
Kepler-1167 b,2016,2677.4,,Transit,Kepler
Kepler-1168 b,2016,2454.9,,Transit,Kepler
Kepler-1073 b,2016,2641.5,,Transit,Kepler
Kepler-1169 b,2016,1705.2,,Transit,Kepler
Kepler-1170 b,2016,3426.1,,Transit,Kepler
Kepler-79 d,2014,3329.1,11.3,Transit,Kepler
Kepler-480 b,2016,2764.2,,Transit,Kepler
Kepler-1171 b,2016,1868.9,,Transit,Kepler
Kepler-376 c,2014,3010.6,,Transit,Kepler
Kepler-377 c,2014,2686.9,,Transit,Kepler
Kepler-1172 b,2016,4261.3,,Transit,Kepler
Kepler-1173 b,2016,1229.8,,Transit,Kepler
Kepler-1787 b,2021,2539.5,,Transit,Kepler
Kepler-1174 b,2016,4594.7,,Transit,Kepler
Kepler-12 b,2011,2874.7,137.3,Transit,Kepler
Kepler-1175 b,2016,3659.1,,Transit,Kepler
Kepler-1176 b,2016,2820.3,,Transit,Kepler
Kepler-378 b,2014,496.1,,Transit,Kepler
Kepler-379 c,2014,2385.1,,Transit,Kepler
Kepler-1816 b,2021,1428.0,,Transit,Kepler
Kepler-1817 b,2021,2441.5,,Transit,Kepler
Kepler-1074 b,2016,818.1,,Transit,Kepler
Kepler-113 c,2014,855.7,8.7,Transit,Kepler
Kepler-1683 b,2020,2391.2,,Transit,Kepler
Kepler-1177 b,2016,4239.9,,Transit,Kepler
Kepler-1818 b,2021,3374.4,,Transit,Kepler
Kepler-1819 b,2021,4446.1,,Transit,Kepler
Kepler-1179 b,2016,1354.2,,Transit,Kepler
Kepler-1075 b,2016,950.0,,Transit,Kepler
Kepler-122 b,2014,3351.1,,Transit,Kepler
Kepler-1180 b,2016,5208.1,,Transit,Kepler
Kepler-1181 b,2016,3060.7,,Transit,Kepler
Kepler-1182 b,2016,5040.4,,Transit,Kepler
Kepler-1820 b,2021,4649.0,,Transit,Kepler
Kepler-1183 b,2016,6259.6,,Transit,Kepler
Kepler-1184 b,2016,3776.4,,Transit,Kepler
Kepler-1821 b,2021,2608.3,,Transit,Kepler
Kepler-112 c,2014,1673.9,,Transit,Kepler
Kepler-1788 b,2021,1827.9,,Transit,Kepler
Kepler-1065 b,2016,3661.0,,Transit,Kepler
Kepler-2001 c,2023,2532.8,,Transit,Kepler
Kepler-1077 b,2016,3592.3,,Transit,Kepler
Kepler-1078 b,2016,8094.2,,Transit,Kepler
Kepler-1789 b,2021,1994.3,,Transit,Kepler
Kepler-1678 b,2020,2763.6,,Transit,Kepler
Kepler-1079 b,2016,1927.9,,Transit,Kepler
Kepler-18 d,2011,1412.4,4.7,Transit,Kepler
Kepler-1080 b,2016,4510.2,,Transit,Kepler
Kepler-1066 b,2016,1122.8,,Transit,Kepler
Kepler-1081 b,2016,1370.6,,Transit,Kepler
Kepler-1082 b,2016,2412.1,,Transit,Kepler
Kepler-357 d,2014,2245.8,,Transit,Kepler
Kepler-1083 b,2016,2944.0,,Transit,Kepler
Kepler-1084 b,2016,1322.7,,Transit,Kepler
Kepler-1085 c,2020,4450.5,,Transit,Kepler
Kepler-114 b,2014,846.5,6.8,Transit,Kepler
Kepler-1086 b,2016,1520.2,,Transit,Kepler
Kepler-1087 b,2016,1182.7,,Transit,Kepler
Kepler-358 c,2014,3591.3,,Transit,Kepler
Kepler-353 c,2014,1254.7,,Transit,Kepler
Kepler-1790 b,2021,3490.4,,Transit,Kepler
Kepler-1791 b,2021,1964.2,,Transit,Kepler
Kepler-1792 b,2021,1960.3,,Transit,Kepler
Kepler-60 b,2012,3343.4,4.1,Transit,Kepler
Kepler-110 c,2014,1913.0,,Transit,Kepler
Kepler-1088 b,2016,915.3,,Transit,Kepler
Kepler-1089 b,2016,845.8,,Transit,Kepler
Kepler-1995 b,2023,1941.7,,Transit,Kepler
Kepler-1793 b,2021,3880.9,,Transit,Kepler
Kepler-359 c,2014,4707.1,2.9,Transit,Kepler
Kepler-1090 c,2021,2800.9,,Transit,Kepler
Kepler-1091 b,2016,2982.0,,Transit,Kepler
Kepler-113 b,2014,855.7,11.7,Transit,Kepler
Kepler-1794 b,2021,1830.5,,Transit,Kepler
Kepler-1092 b,2016,3200.4,,Transit,Kepler
Kepler-1093 b,2016,3499.3,,Transit,Kepler
Kepler-1094 b,2016,4210.7,,Transit,Kepler
Kepler-1095 b,2016,2584.9,,Transit,Kepler
Kepler-85 b,2012,2495.2,1.8,Transit,Kepler
Kepler-1096 b,2016,1232.8,,Transit,Kepler
Kepler-1097 b,2016,2347.7,,Transit,Kepler
Kepler-1098 b,2016,3422.0,,Transit,Kepler
Kepler-1099 b,2016,3335.9,,Transit,Kepler
Kepler-48 d,2014,1000.4,7.9,Transit,Kepler
Kepler-1100 b,2016,2262.3,,Transit,Kepler
Kepler-1679 b,2020,2965.7,,Transit,Kepler
Kepler-1101 b,2016,2421.6,,Transit,Kepler
Kepler-1102 b,2016,4064.1,,Transit,Kepler
Kepler-1103 b,2016,4344.1,,Transit,Kepler
Kepler-1104 b,2016,1730.8,,Transit,Kepler
Kepler-1067 c,2021,2177.7,,Transit,Kepler
Kepler-360 b,2014,2857.3,,Transit,Kepler
Kepler-417 c,2014,3176.7,,Transit Timing Variations,Kepler
Kepler-106 e,2014,1449.2,11.2,Transit,Kepler
Kepler-114 d,2013,846.5,1.6,Transit,Kepler
Kepler-1105 b,2016,1037.2,,Transit,Kepler
Kepler-67 b,2013,3689.4,,Transit,Kepler
Kepler-1106 b,2016,3557.4,,Transit,Kepler
Kepler-1107 b,2016,1398.6,,Transit,Kepler
Kepler-1680 b,2020,1012.1,,Transit,Kepler
Kepler-1785 b,2021,2432.3,,Transit,Kepler
Kepler-1108 b,2016,2503.9,,Transit,Kepler
Kepler-1109 b,2016,2234.5,,Transit,Kepler
Kepler-103 c,2014,1613.9,58.5,Transit,Kepler
Kepler-1796 b,2021,2693.7,,Transit,Kepler
Kepler-1797 b,2021,4365.6,,Transit,Kepler
Kepler-1110 b,2016,2370.6,,Transit,Kepler
Kepler-1111 b,2016,2744.7,,Transit,Kepler
Kepler-1798 b,2021,1289.0,,Transit,Kepler
Kepler-106 b,2014,1449.2,5.3,Transit,Kepler
Kepler-104 d,2014,1307.2,,Transit,Kepler
Kepler-100 b,2014,993.6,7.3,Transit,Kepler
Kepler-100 d,2014,993.6,3.0,Transit,Kepler
Kepler-101 c,2014,3026.7,3.8,Transit,Kepler
Kepler-20 f,2011,921.6,14.3,Transit,Kepler
Kepler-33 b,2011,3943.7,,Transit,Kepler
Kepler-102 f,2014,351.6,4.3,Transit,Kepler
Kepler-102 c,2014,351.6,3.0,Transit,Kepler
Kepler-102 b,2014,351.6,1.1,Transit,Kepler
KOI-94 b,2013,1555.9,1648.8,Transit,Kepler
Kepler-37 c,2013,208.5,12.0,Transit,Kepler
Kepler-37 b,2013,208.5,10.0,Transit,Kepler
Kepler-37 e,2014,208.5,,Transit Timing Variations,Kepler
Kepler-68 c,2013,470.2,2.0,Transit,Kepler
Kepler-49 e,2014,1015.1,1.0,Transit,Kepler
Kepler-34 b,2011,5873.5,69.9,Transit,Kepler
Kepler-115 b,2014,2033.9,,Transit,Kepler
Kepler-116 c,2014,3115.3,,Transit,Kepler
Kepler-50 c,2012,815.7,8.2,Transit,Kepler
Kepler-276 d,2013,3734.0,9.4,Transit,Kepler
Kepler-280 c,2014,2545.2,,Transit,Kepler
Kepler-281 b,2014,5692.9,324.0,Transit,Kepler
Kepler-57 c,2012,2100.9,7.4,Transit,Kepler
Kepler-1991 b,2023,2791.3,,Transit,Kepler
Kepler-804 c,2016,2118.9,,Transit,Kepler
Kepler-285 c,2014,2688.5,,Transit,Kepler
Kepler-128 c,2013,1292.8,2.2,Transit,Kepler
Kepler-288 b,2014,3894.8,,Transit,Kepler
Kepler-58 c,2012,3161.3,53.0,Transit,Kepler
Kepler-449 b,2015,789.1,,Transit,Kepler
Kepler-825 c,2016,2634.9,,Transit,Kepler
Kepler-289 b,2014,2297.6,3.7,Transit,Kepler
Kepler-1987 e,2023,1942.9,,Transit,Kepler
Kepler-291 c,2014,5826.7,,Transit,Kepler
Kepler-292 e,2014,3445.8,,Transit,Kepler
Kepler-293 c,2014,3178.8,,Transit,Kepler
Kepler-129 c,2014,1333.5,43.0,Transit,Kepler
Kepler-298 c,2014,1690.2,,Transit,Kepler
Kepler-508 b,2016,1058.8,,Transit,Kepler
Kepler-299 d,2014,3431.9,,Transit,Kepler
Kepler-300 b,2014,3582.7,,Transit,Kepler
Kepler-303 c,2014,684.1,,Transit,Kepler
Kepler-1152 b,2016,702.0,,Transit,Kepler
Kepler-1186 b,2016,4361.5,,Transit,Kepler
Kepler-1187 b,2016,3328.5,,Transit,Kepler
Kepler-1822 b,2021,2927.6,,Transit,Kepler
Kepler-1188 b,2016,5601.7,,Transit,Kepler
Kepler-1189 b,2016,2553.3,,Transit,Kepler
Kepler-1190 b,2016,1117.1,,Transit,Kepler
Kepler-1823 b,2021,2364.5,,Transit,Kepler
Kepler-1824 b,2021,3392.3,,Transit,Kepler
Kepler-520 c,2016,2034.9,,Transit,Kepler
Kepler-126 b,2014,774.3,,Transit,Kepler
Kepler-1825 b,2021,1403.3,,Transit,Kepler
Kepler-1191 b,2016,3116.5,,Transit,Kepler
Kepler-1192 b,2016,4253.7,,Transit,Kepler
Kepler-1826 b,2021,1099.0,,Transit,Kepler
Kepler-1193 b,2016,2616.1,,Transit,Kepler
Kepler-1827 b,2021,2238.9,,Transit,Kepler
Kepler-380 b,2014,2654.0,,Transit,Kepler
Kepler-129 b,2014,1333.5,,Transit,Kepler
Kepler-136 c,2014,1372.5,,Transit,Kepler
Kepler-1194 b,2016,2470.2,,Transit,Kepler
Kepler-1195 b,2016,2996.0,,Transit,Kepler
Kepler-1196 b,2016,3008.2,,Transit,Kepler
Kepler-1197 b,2016,1588.2,,Transit,Kepler
Kepler-1198 b,2016,2423.4,,Transit,Kepler
Kepler-1199 b,2016,1837.9,,Transit,Kepler
Kepler-36 c,2012,1722.0,9.6,Transit,Kepler
Kepler-1200 b,2016,1920.1,,Transit,Kepler
Kepler-138 b,2014,218.1,0.1,Transit,Kepler
Kepler-1201 b,2016,3079.7,,Transit,Kepler
Kepler-1202 b,2016,3833.6,,Transit,Kepler
Kepler-1203 b,2016,1034.0,,Transit,Kepler
Kepler-1204 b,2016,3833.1,,Transit,Kepler
Kepler-1205 b,2016,2278.2,,Transit,Kepler
Kepler-1828 b,2021,2843.5,,Transit,Kepler
Kepler-381 c,2014,871.9,,Transit,Kepler
Kepler-126 d,2014,774.3,,Transit,Kepler
Kepler-1829 b,2021,2217.6,,Transit,Kepler
Kepler-139 c,2014,1275.4,13.0,Transit,Kepler
Kepler-1206 b,2016,2485.4,,Transit,Kepler
Kepler-1207 b,2016,5721.4,,Transit,Kepler
Kepler-1830 b,2021,3447.1,,Transit,Kepler
Kepler-1831 b,2021,3436.0,,Transit,Kepler
Kepler-98 b,2014,1142.6,3.5,Transit,Kepler
Kepler-1832 b,2021,1585.7,,Transit,Kepler
Kepler-141 b,2014,982.3,,Transit,Kepler
Kepler-430 b,2015,2992.4,,Transit,Kepler
Kepler-1209 b,2016,1648.8,,Transit,Kepler
Kepler-1833 b,2021,1929.5,,Transit,Kepler
Kepler-1210 b,2016,3837.3,,Transit,Kepler
Kepler-1211 b,2016,5957.3,,Transit,Kepler
Kepler-1212 b,2016,4294.1,,Transit,Kepler
Kepler-1213 b,2016,2634.7,,Transit,Kepler
Kepler-382 b,2014,3051.0,,Transit,Kepler
Kepler-142 d,2014,1789.6,,Transit,Kepler
Kepler-1214 b,2016,2378.4,,Transit,Kepler
Kepler-1215 b,2016,2156.0,,Transit,Kepler
Kepler-135 b,2014,2028.2,,Transit,Kepler
Kepler-1216 b,2016,4104.2,,Transit,Kepler
Kepler-144 c,2014,1255.4,,Transit,Kepler
Kepler-1217 b,2016,4395.6,,Transit,Kepler
Kepler-516 b,2016,2241.0,,Transit,Kepler
Kepler-1218 b,2016,2741.4,,Transit,Kepler
Kepler-1219 b,2016,2873.1,,Transit,Kepler
Kepler-1220 b,2016,3137.3,,Transit,Kepler
Kepler-1834 b,2021,1632.1,,Transit,Kepler
Kepler-145 b,2013,1848.8,34.0,Transit,Kepler
Kepler-1655 b,2018,695.6,5.4,Transit,Kepler
Kepler-1221 b,2016,2979.9,,Transit,Kepler
Kepler-1222 b,2016,1354.3,,Transit,Kepler
Kepler-1223 b,2016,1500.2,,Transit,Kepler
Kepler-1224 b,2016,1825.2,,Transit,Kepler
Kepler-510 b,2016,1259.5,,Transit,Kepler
Kepler-1225 b,2016,4395.0,,Transit,Kepler
Kepler-1226 b,2016,3671.6,,Transit,Kepler
Kepler-1227 b,2016,2034.3,,Transit,Kepler
Kepler-1228 b,2016,1681.2,,Transit,Kepler
Kepler-1835 b,2021,4580.5,,Transit,Kepler
Kepler-384 b,2014,2921.3,,Transit,Kepler
Kepler-147 b,2014,3398.6,,Transit,Kepler
Kepler-131 b,2014,745.8,16.1,Transit,Kepler
Kepler-1836 b,2021,4803.0,,Transit,Kepler
Kepler-1837 b,2021,4009.0,,Transit,Kepler
Kepler-1684 b,2020,2028.7,,Transit,Kepler
Kepler-1229 b,2016,865.9,,Transit,Kepler
Kepler-1230 b,2016,4449.5,,Transit,Kepler
Kepler-1231 b,2016,3219.9,,Transit,Kepler
Kepler-1232 b,2016,2064.1,,Transit,Kepler
Kepler-1233 b,2016,3844.4,,Transit,Kepler
Kepler-1234 b,2016,2990.0,,Transit,Kepler
Kepler-132 d,2014,1140.1,,Transit,Kepler
Kepler-151 c,2014,2119.7,,Transit,Kepler
Kepler-1235 b,2016,1763.2,,Transit,Kepler
Kepler-1236 b,2016,3260.4,,Transit,Kepler
Kepler-385 c,2014,4672.5,13.2,Transit,Kepler
Kepler-518 b,2016,1102.1,,Transit,Kepler
Kepler-549 b,2016,2071.6,11.0,Transit,Kepler
Kepler-1237 b,2016,3471.3,,Transit,Kepler
Kepler-1238 b,2016,5323.3,,Transit,Kepler
Kepler-1239 b,2016,6981.7,,Transit,Kepler
Kepler-1240 b,2016,2812.1,,Transit,Kepler
Kepler-386 c,2014,2878.2,,Transit,Kepler
Kepler-99 b,2014,679.6,6.2,Transit,Kepler
Kepler-387 b,2014,2612.7,,Transit,Kepler
Kepler-1241 b,2016,3159.5,,Transit,Kepler
Kepler-1242 b,2016,2242.7,,Transit,Kepler
Kepler-1243 b,2016,2472.8,,Transit,Kepler
Kepler-519 b,2016,804.3,,Transit,Kepler
Kepler-155 c,2014,957.3,,Transit,Kepler
Kepler-1244 b,2016,3508.8,,Transit,Kepler
Kepler-1245 b,2016,2628.6,,Transit,Kepler
Kepler-1246 b,2016,1423.7,,Transit,Kepler
Kepler-1247 b,2016,3411.3,,Transit,Kepler
Kepler-520 b,2016,2034.9,,Transit,Kepler
Kepler-1838 b,2021,1471.8,,Transit,Kepler
Kepler-1248 b,2016,1934.2,,Transit,Kepler
Kepler-1839 b,2021,3707.1,,Transit,Kepler
Kepler-1249 b,2016,6211.8,,Transit,Kepler
Kepler-1840 b,2021,1673.5,,Transit,Kepler
Kepler-1715 b,2021,1704.5,,Transit,Kepler
Kepler-1841 b,2021,2060.3,,Transit,Kepler
Kepler-1250 b,2016,6936.8,,Transit,Kepler
Kepler-389 b,2014,2663.3,,Transit,Kepler
Kepler-161 c,2014,1417.6,3.6,Transit,Kepler
Kepler-1842 b,2021,3012.2,,Transit,Kepler
Kepler-1843 b,2021,2559.1,,Transit,Kepler
Kepler-1251 b,2016,2942.6,,Transit,Kepler
Kepler-1252 b,2016,2116.7,,Transit,Kepler
Kepler-1253 b,2016,1678.2,,Transit,Kepler
Kepler-1254 b,2016,2031.4,,Transit,Kepler
Kepler-118 b,2014,1872.9,,Transit,Kepler
Kepler-163 b,2014,2249.9,,Transit,Kepler
Kepler-1255 b,2016,5274.2,,Transit,Kepler
Kepler-137 c,2014,988.2,,Transit,Kepler
Kepler-1256 b,2016,2906.7,,Transit,Kepler
Kepler-1844 b,2021,5885.0,,Transit,Kepler
Kepler-1845 b,2021,2318.1,,Transit,Kepler
Kepler-1257 b,2016,3607.1,,Transit,Kepler
Kepler-1258 b,2016,2340.3,,Transit,Kepler
Kepler-1259 b,2016,2627.4,,Transit,Kepler
Kepler-1260 b,2016,5656.9,,Transit,Kepler
Kepler-164 e,2023,2905.3,,Transit,Kepler
Kepler-1716 b,2021,637.4,,Transit,Kepler
Kepler-1261 b,2016,2427.6,,Transit,Kepler
Kepler-390 b,2014,1419.7,,Transit,Kepler
Kepler-1846 b,2021,1221.8,,Transit,Kepler
Kepler-1685 b,2020,3724.3,,Transit,Kepler
Kepler-139 b,2014,1275.4,7.0,Transit,Kepler
Kepler-1262 b,2016,3440.5,,Transit,Kepler
Kepler-1847 b,2021,5524.6,,Transit,Kepler
Kepler-1263 b,2016,2168.4,,Transit,Kepler
KOI-2513.01,2023,4467.9,7310.1,Transit,Kepler
Kepler-111 c,2014,2143.6,222.5,Transit,Kepler
Kepler-522 b,2016,2084.9,,Transit,Kepler
Kepler-167 d,2016,1115.2,,Transit,Kepler
Kepler-1264 b,2016,2615.7,,Transit,Kepler
Kepler-1265 b,2016,1903.6,,Transit,Kepler
Kepler-1266 b,2016,2770.1,,Transit,Kepler
Kepler-1848 b,2021,1010.1,,Transit,Kepler
Kepler-1267 b,2016,4499.1,,Transit,Kepler
Kepler-1268 b,2016,6003.8,,Transit,Kepler
Kepler-1849 b,2021,2060.9,,Transit,Kepler
Kepler-169 c,2014,1325.9,,Transit,Kepler
Kepler-1850 b,2021,816.0,,Transit,Kepler
Kepler-1851 b,2021,5185.3,,Transit,Kepler
Kepler-436 c,2016,1920.6,,Transit,Kepler
Kepler-1269 b,2016,3578.7,,Transit,Kepler
Kepler-1852 b,2021,2519.5,,Transit,Kepler
Kepler-1270 b,2016,3571.6,,Transit,Kepler
Kepler-1271 b,2016,2713.6,,Transit,Kepler
Kepler-1853 b,2021,1834.1,,Transit,Kepler
Kepler-172 d,2014,2702.5,,Transit,Kepler
Kepler-1272 b,2016,3934.6,,Transit,Kepler
Kepler-1854 b,2021,1380.8,,Transit,Kepler
Kepler-391 b,2014,2835.1,1100.0,Transit,Kepler
Kepler-406 b,2014,1187.3,6.3,Transit,Kepler
Kepler-1856 b,2021,2768.3,,Transit,Kepler
Kepler-1273 b,2016,3634.2,,Transit,Kepler
Kepler-1274 b,2016,2004.7,,Transit,Kepler
Kepler-173 b,2014,2717.4,,Transit,Kepler
Kepler-1857 b,2021,2783.0,,Transit,Kepler
Kepler-523 b,2016,826.1,,Transit,Kepler
Kepler-1275 b,2016,3763.8,,Transit,Kepler
Kepler-1858 b,2021,2717.1,,Transit,Kepler
Kepler-1276 b,2016,1756.3,,Transit,Kepler
Kepler-175 c,2014,4280.3,,Transit,Kepler
Kepler-1277 b,2016,1817.3,,Transit,Kepler
Kepler-1686 b,2020,2380.4,,Transit,Kepler
Kepler-1278 b,2016,2900.9,,Transit,Kepler
Kepler-1279 b,2016,4873.5,,Transit,Kepler
Kepler-1280 b,2016,4849.0,,Transit,Kepler
Kepler-180 b,2014,2268.9,,Transit,Kepler
Kepler-140 b,2014,1904.3,,Transit,Kepler
Kepler-182 b,2014,5052.4,,Transit,Kepler
Kepler-1859 b,2021,4342.0,,Transit,Kepler
Kepler-1860 b,2021,1430.9,,Transit,Kepler
Kepler-1861 b,2021,2707.0,,Transit,Kepler
Kepler-1998 b,2023,1112.1,,Transit,Kepler
Kepler-392 b,2014,2222.5,,Transit,Kepler
Kepler-122 d,2014,3351.1,,Transit,Kepler
Kepler-185 b,2014,1522.3,,Transit,Kepler
Kepler-1282 b,2016,3598.4,,Transit,Kepler
Kepler-133 c,2014,2131.8,,Transit,Kepler
Kepler-1283 b,2016,9530.2,,Transit,Kepler
Kepler-1687 b,2020,1360.1,,Transit,Kepler
Kepler-1284 b,2016,2877.8,,Transit,Kepler
Kepler-1285 b,2016,1377.3,,Transit,Kepler
Kepler-1286 b,2016,4417.7,,Transit,Kepler
Kepler-393 b,2014,2874.8,,Transit,Kepler
Kepler-186 e,2014,579.2,,Transit,Kepler
Kepler-97 b,2014,1307.6,3.5,Transit,Kepler
Kepler-394 b,2014,3453.1,,Transit,Kepler
Kepler-1287 b,2016,3272.2,,Transit,Kepler
KOI-134 b,2025,3780.8,346.4,Transit,Kepler
Kepler-187 b,2014,3728.0,,Transit,Kepler
Kepler-1288 b,2016,2655.2,,Transit,Kepler
Kepler-1994 b,2023,789.3,,Transit,Kepler
Kepler-1289 b,2016,3436.3,,Transit,Kepler
Kepler-512 b,2016,1524.4,,Transit,Kepler
Kepler-1290 b,2016,5197.9,,Transit,Kepler
Kepler-189 b,2014,1929.3,,Transit,Kepler
Kepler-1291 b,2016,2926.8,,Transit,Kepler
Kepler-1292 b,2016,4870.9,,Transit,Kepler
Kepler-1862 b,2021,4018.9,,Transit,Kepler
Kepler-1293 b,2016,3353.4,,Transit,Kepler
Kepler-513 b,2016,1527.3,,Transit,Kepler
Kepler-1294 b,2016,6052.5,,Transit,Kepler
Kepler-1295 b,2016,3830.6,,Transit,Kepler
Kepler-190 c,2014,1413.5,,Transit,Kepler
Kepler-1296 b,2016,5060.4,,Transit,Kepler
Kepler-1297 b,2016,4694.9,,Transit,Kepler
Kepler-1863 b,2021,2823.0,,Transit,Kepler
Kepler-1298 b,2016,1774.8,,Transit,Kepler
Kepler-514 b,2016,1485.1,,Transit,Kepler
Kepler-1299 b,2016,4582.3,,Transit,Kepler
Kepler-1300 b,2016,2534.3,,Transit,Kepler
Kepler-191 c,2014,1938.9,,Transit,Kepler
Kepler-1864 b,2021,974.9,,Transit,Kepler
Kepler-1865 b,2021,3008.0,,Transit,Kepler
Kepler-450 b,2015,1487.2,62.3,Transit,Kepler
Kepler-1301 b,2016,2786.3,,Transit,Kepler
Kepler-616 c,2016,3084.7,,Transit,Kepler
Kepler-1302 b,2016,2069.7,,Transit,Kepler
Kepler-1303 b,2016,2928.2,,Transit,Kepler
Kepler-395 c,2014,1374.4,,Transit,Kepler
Kepler-132 c,2014,1140.1,,Transit,Kepler
Kepler-1304 b,2016,7097.4,,Transit,Kepler
Kepler-1305 b,2016,5137.7,,Transit,Kepler
Kepler-1306 b,2016,3612.2,,Transit,Kepler
Kepler-619 d,2023,2937.6,,Transit,Kepler
Kepler-1866 b,2021,3185.7,,Transit,Kepler
Kepler-137 b,2014,988.2,,Transit,Kepler
Kepler-1307 b,2016,3309.2,,Transit,Kepler
Kepler-1308 b,2016,367.6,,Transit,Kepler
Kepler-1867 b,2021,2219.8,,Transit,Kepler
Kepler-51 d,2014,2556.5,6.6,Transit,Kepler
Kepler-1310 b,2016,1856.4,,Transit,Kepler
Kepler-132 b,2014,1140.1,,Transit,Kepler
Kepler-396 c,2013,729.8,17.9,Transit,Kepler
Kepler-1311 d,2021,2825.6,,Transit,Kepler
Kepler-1312 b,2016,975.5,,Transit,Kepler
Kepler-51 c,2012,2556.5,6.1,Transit,Kepler
Kepler-517 b,2016,945.5,,Transit,Kepler
Kepler-1313 b,2016,568.3,,Transit,Kepler
Kepler-122 e,2014,3351.1,27.7,Transit,Kepler
Kepler-198 c,2014,1615.6,,Transit,Kepler
Kepler-92 b,2013,1559.0,64.3,Transit,Kepler
Kepler-1868 b,2021,894.3,,Transit,Kepler
Kepler-1869 c,2023,368.6,,Transit,Kepler
Kepler-1870 b,2021,1328.2,,Transit,Kepler
Kepler-398 b,2014,578.5,,Transit,Kepler
Kepler-1315 b,2016,1568.4,,Transit,Kepler
Kepler-201 c,2014,2075.8,,Transit,Kepler
Kepler-1316 b,2016,2612.1,,Transit,Kepler
Kepler-1317 b,2016,2375.4,,Transit,Kepler
Kepler-1318 b,2016,1550.0,,Transit,Kepler
Kepler-445 c,2015,414.9,,Transit,Kepler
Kepler-136 b,2014,1372.5,19.8,Transit,Kepler
Kepler-1319 b,2016,338.9,,Transit,Kepler
Kepler-203 d,2014,2293.9,33.9,Transit,Kepler
Kepler-399 d,2014,2415.3,,Transit,Kepler
Kepler-1320 b,2016,2111.6,,Transit,Kepler
Kepler-400 b,2014,2759.2,,Transit,Kepler
Kepler-138 c,2014,218.1,5.2,Transit,Kepler
Kepler-401 b,2014,3149.2,,Transit,Kepler
Kepler-1321 b,2016,2508.6,,Transit,Kepler
Kepler-204 c,2014,2239.8,,Transit,Kepler
Kepler-1322 b,2016,4404.1,,Transit,Kepler
Kepler-1323 b,2016,1518.0,,Transit,Kepler
Kepler-1324 b,2016,1571.0,,Transit,Kepler
Kepler-1325 b,2016,3174.7,,Transit,Kepler
Kepler-402 c,2014,2039.6,,Transit,Kepler
Kepler-1871 b,2021,2787.4,,Transit,Kepler
Kepler-206 b,2014,1938.8,,Transit,Kepler
Kepler-1326 b,2016,2277.6,,Transit,Kepler
Kepler-1327 b,2016,2211.6,,Transit,Kepler
Kepler-1328 b,2016,2653.4,,Transit,Kepler
Kepler-403 b,2014,2740.6,,Transit,Kepler
Kepler-1872 b,2021,2740.3,,Transit,Kepler
Kepler-1873 b,2021,2677.6,,Transit,Kepler
Kepler-208 c,2014,2528.8,,Transit,Kepler
Kepler-1329 b,2016,1917.9,,Transit,Kepler
Kepler-1330 b,2016,5611.4,,Transit,Kepler
Kepler-1714 b,2021,1335.5,,Transit,Kepler
Kepler-1331 b,2016,1041.1,,Transit,Kepler
Kepler-1332 b,2016,1724.3,,Transit,Kepler
Kepler-1333 b,2016,3041.2,,Transit,Kepler
Kepler-1334 b,2016,3989.0,,Transit,Kepler
Kepler-211 b,2014,1009.0,,Transit,Kepler
Kepler-1335 b,2016,2028.2,,Transit,Kepler
Kepler-1336 b,2016,3674.6,,Transit,Kepler
Kepler-1337 b,2016,1962.2,,Transit,Kepler
Kepler-1338 b,2016,2456.8,,Transit,Kepler
Kepler-1339 b,2016,1210.2,,Transit,Kepler
Kepler-1689 b,2020,959.3,,Transit,Kepler
Kepler-212 b,2014,2241.3,,Transit,Kepler
Kepler-1340 b,2016,3202.1,,Transit,Kepler
Kepler-1690 b,2020,2295.5,,Transit,Kepler
Kepler-1874 b,2021,1330.7,,Transit,Kepler
Kepler-1341 b,2016,1555.6,,Transit,Kepler
Kepler-213 c,2014,2070.9,,Transit,Kepler
Kepler-511 c,2021,2126.5,,Transit,Kepler
Kepler-404 b,2014,2650.1,,Transit,Kepler
Kepler-215 c,2014,1585.1,,Transit,Kepler
Kepler-1342 b,2016,2905.1,,Transit,Kepler
Kepler-1875 b,2021,5415.7,,Transit,Kepler
Kepler-1343 b,2016,5729.6,,Transit,Kepler
Kepler-1344 b,2016,2785.2,,Transit,Kepler
Kepler-122 f,2014,3351.1,36.0,Transit Timing Variations,Kepler
Kepler-134 b,2014,1092.0,,Transit,Kepler
Kepler-221 d,2014,1256.5,3.6,Transit,Kepler
Kepler-1345 b,2016,4419.5,,Transit,Kepler
Kepler-1346 b,2016,2751.8,,Transit,Kepler
Kepler-1348 b,2016,3958.9,,Transit,Kepler
Kepler-1349 b,2016,901.2,,Transit,Kepler
Kepler-1350 b,2016,1111.2,,Transit,Kepler
Kepler-221 e,2014,1256.5,7.9,Transit,Kepler
Kepler-1351 b,2016,661.4,,Transit,Kepler
Kepler-1876 b,2021,847.8,2.4,Transit,Kepler
Kepler-1691 b,2020,4134.6,,Transit,Kepler
Kepler-1877 b,2021,930.6,,Transit,Kepler
Kepler-521 b,2016,2709.2,,Transit,Kepler
Kepler-1352 b,2016,2187.9,,Transit,Kepler
Kepler-221 b,2014,1256.5,6.0,Transit,Kepler
Kepler-1353 b,2016,1935.4,,Transit,Kepler
Kepler-1354 b,2016,3651.2,,Transit,Kepler
Kepler-130 c,2014,1032.8,,Transit,Kepler
Kepler-224 e,2014,2550.8,,Transit,Kepler
Kepler-1355 b,2016,2972.2,,Transit,Kepler
Kepler-1356 b,2016,2756.8,,Transit,Kepler
Kepler-1357 b,2016,3312.7,,Transit,Kepler
Kepler-462 c,2018,1945.9,6.0,Transit,Kepler
Kepler-1878 b,2021,4873.7,,Transit,Kepler
Kepler-226 d,2014,3196.8,,Transit,Kepler
Kepler-1358 b,2016,1784.1,,Transit,Kepler
Kepler-1359 b,2016,2005.4,,Transit,Kepler
Kepler-1879 b,2021,2045.6,,Transit,Kepler
Kepler-1360 b,2016,4945.4,,Transit,Kepler
Kepler-1361 b,2016,1269.2,,Transit,Kepler
Kepler-1362 b,2016,2385.2,,Transit,Kepler
Kepler-1880 b,2021,1992.9,,Transit,Kepler
Kepler-52 d,2014,1048.7,88.9,Transit,Kepler
Kepler-1363 b,2016,1766.8,,Transit,Kepler
Kepler-1364 b,2016,3447.1,,Transit,Kepler
Kepler-1365 b,2016,2740.1,,Transit,Kepler
Kepler-1366 b,2016,1519.3,,Transit,Kepler
Kepler-525 b,2016,3238.2,,Transit,Kepler
Kepler-1881 b,2021,3448.2,,Transit,Kepler
Kepler-446 b,2015,314.2,,Transit,Kepler
Kepler-1367 b,2016,1309.5,,Transit,Kepler
Kepler-231 b,2014,1032.7,35.4,Transit,Kepler
Kepler-1882 b,2021,1446.1,,Transit,Kepler
Kepler-526 b,2016,2172.7,,Transit,Kepler
Kepler-1692 b,2020,1927.6,,Transit,Kepler
Kepler-1368 b,2016,5335.3,,Transit,Kepler
Kepler-235 c,2014,1396.0,,Transit,Kepler
Kepler-1369 b,2016,4033.1,,Transit,Kepler
Kepler-1370 b,2016,3274.9,,Transit,Kepler
Kepler-527 b,2016,2446.3,,Transit,Kepler
Kepler-1371 b,2016,1680.8,,Transit,Kepler
Kepler-1883 b,2021,4493.2,,Transit,Kepler
Kepler-1372 b,2016,4250.5,,Transit,Kepler
Kepler-236 b,2014,941.8,,Transit,Kepler
Kepler-1373 b,2016,5542.9,,Transit,Kepler
Kepler-1374 b,2016,3517.5,,Transit,Kepler
Kepler-1375 b,2016,4666.8,,Transit,Kepler
Kepler-1693 b,2020,2479.0,,Transit,Kepler
Kepler-237 b,2014,2145.5,,Transit,Kepler
Kepler-528 b,2016,2557.8,,Transit,Kepler
Kepler-1376 b,2016,2831.2,,Transit,Kepler
Kepler-1694 b,2020,1674.3,,Transit,Kepler
Kepler-1377 b,2016,3738.1,,Transit,Kepler
Kepler-1378 b,2016,1651.8,,Transit,Kepler
Kepler-141 c,2014,982.3,,Transit,Kepler
Kepler-123 c,2014,3332.2,,Transit,Kepler
Kepler-239 c,2014,2113.8,,Transit,Kepler
Kepler-1379 b,2016,3168.0,,Transit,Kepler
Kepler-1884 b,2021,4706.7,,Transit,Kepler
Kepler-529 b,2016,2606.0,,Transit,Kepler
Kepler-1380 b,2016,8033.0,,Transit,Kepler
Kepler-243 c,2014,2263.1,,Transit,Kepler
Kepler-1381 b,2016,3904.2,,Transit,Kepler
Kepler-1382 b,2016,2407.9,,Transit,Kepler
Kepler-245 c,2014,2809.9,26.7,Transit,Kepler
Kepler-1383 b,2016,3350.3,,Transit,Kepler
Kepler-414 c,2014,1348.5,29.9,Transit Timing Variations,Kepler
Kepler-1385 b,2016,2246.5,,Transit,Kepler
Kepler-46 d,2014,2534.4,,Transit,Kepler
Kepler-1885 b,2021,2669.5,,Transit,Kepler
Kepler-1386 b,2016,2726.3,,Transit,Kepler
Kepler-142 c,2014,1789.6,,Transit,Kepler
Kepler-1387 b,2016,1485.2,,Transit,Kepler
Kepler-246 c,2014,2042.0,,Transit,Kepler
Kepler-1388 b,2016,1480.1,,Transit,Kepler
Kepler-530 b,2016,1492.8,,Transit,Kepler
Kepler-1389 b,2016,1621.3,,Transit,Kepler
Kepler-54 c,2012,886.2,2.1,Transit,Kepler
Kepler-1390 b,2016,2359.5,,Transit,Kepler
Kepler-716 c,2020,2071.1,,Transit,Kepler
Kepler-55 c,2012,1887.8,69.8,Transit,Kepler
Kepler-531 b,2016,824.4,,Transit,Kepler
Kepler-250 d,2014,2480.7,,Transit,Kepler
Kepler-251 e,2014,3015.7,,Transit,Kepler
Kepler-26 e,2014,1093.6,,Transit,Kepler
Kepler-252 b,2014,1237.5,,Transit,Kepler
Kepler-255 b,2014,3432.9,,Transit,Kepler
Kepler-256 d,2014,3347.8,,Transit,Kepler
Kepler-258 c,2014,1878.6,,Transit,Kepler
Kepler-260 c,2014,2046.2,,Transit,Kepler
Kepler-532 b,2016,1020.2,,Transit,Kepler
Kepler-261 c,2014,1035.5,,Transit,Kepler
Kepler-264 c,2014,3073.0,,Transit,Kepler
Kepler-125 c,2014,598.1,,Transit,Kepler
Kepler-755 c,2016,1301.5,,Transit,Kepler
Kepler-265 b,2014,4175.6,,Transit,Kepler
Kepler-758 d,2016,4899.9,,Transit,Kepler
Kepler-266 c,2014,4470.9,,Transit,Kepler
Kepler-267 c,2014,864.3,,Transit,Kepler
Kepler-533 b,2016,988.1,,Transit,Kepler
Kepler-269 c,2014,7362.4,,Transit,Kepler
Kepler-272 d,2014,2901.5,,Transit,Kepler
Kepler-275 d,2014,6634.8,,Transit,Kepler
Kepler-206 d,2014,1938.8,,Transit,Kepler
Kepler-208 e,2014,2528.8,,Transit,Kepler
Kepler-344 c,2014,3271.1,,Transit,Kepler
Kepler-524 b,2016,3451.5,,Transit,Kepler
Kepler-346 c,2014,3209.7,,Transit,Kepler
Kepler-1050 c,2016,1599.8,,Transit,Kepler
Kepler-349 c,2014,3068.2,,Transit,Kepler
Kepler-350 d,2013,3120.9,9.8,Transit,Kepler
Kepler-350 b,2014,3120.9,16.9,Transit,Kepler
Kepler-351 b,2014,3535.2,4.8,Transit,Kepler
Kepler-352 b,2014,824.3,,Transit,Kepler
Kepler-267 d,2014,864.3,,Transit,Kepler
Kepler-353 b,2014,1254.7,,Transit,Kepler
Kepler-1664 b,2020,2044.0,,Transit,Kepler
Kepler-85 c,2012,2495.2,20.9,Transit,Kepler
Kepler-85 d,2014,2495.2,8.7,Transit,Kepler
Kepler-85 e,2014,2495.2,28.8,Transit,Kepler
Kepler-354 d,2014,1807.1,,Transit,Kepler
Kepler-355 b,2014,4671.1,,Transit,Kepler
Kepler-356 b,2014,2307.7,,Transit,Kepler
Kepler-357 b,2014,2245.8,,Transit,Kepler
Kepler-357 c,2014,2245.8,,Transit,Kepler
Kepler-358 b,2014,3591.3,,Transit,Kepler
Kepler-60 c,2012,3343.4,3.8,Transit,Kepler
Kepler-60 d,2012,3343.4,3.8,Transit,Kepler
Kepler-359 b,2014,4707.1,,Transit,Kepler
Kepler-360 c,2014,2857.3,,Transit,Kepler
Kepler-417 b,2014,3176.7,11.0,Transit Timing Variations,Kepler
Kepler-363 c,2014,2487.3,66.4,Transit,Kepler
Kepler-363 b,2014,2487.3,,Transit,Kepler
Kepler-364 b,2014,2907.6,,Transit,Kepler
Kepler-272 b,2014,2901.5,78.0,Transit,Kepler
KOI-351 h,2013,2766.6,381.4,Transit,Kepler
Kepler-366 c,2014,6054.4,,Transit,Kepler
Kepler-1130 c,2021,813.2,,Transit,Kepler
Kepler-1130 d,2021,813.2,,Transit,Kepler
Kepler-367 c,2014,613.3,,Transit,Kepler
Kepler-1802 c,2021,2076.6,,Transit,Kepler
Kepler-1802 b,2021,2076.6,,Transit,Kepler
Kepler-143 c,2014,2640.1,,Transit,Kepler
Kepler-415 b,2014,1730.2,119.9,Transit Timing Variations,Kepler
Kepler-370 b,2014,3809.3,,Transit,Kepler
Kepler-373 c,2014,3556.6,,Transit,Kepler
Kepler-374 d,2014,4127.9,,Transit,Kepler
Kepler-374 b,2014,4127.9,,Transit,Kepler
Kepler-375 b,2014,4040.5,,Transit,Kepler
Kepler-534 b,2016,1861.2,,Transit,Kepler
Kepler-376 b,2014,3010.6,,Transit,Kepler
Kepler-377 b,2014,2686.9,,Transit,Kepler
Kepler-380 c,2014,2654.0,,Transit,Kepler
Kepler-381 b,2014,871.9,,Transit,Kepler
Kepler-535 b,2016,2236.1,,Transit,Kepler
Kepler-381 d,2021,871.9,,Transit,Kepler
Kepler-1208 b,2016,2691.4,,Transit,Kepler
Kepler-1987 c,2023,1942.9,,Transit,Kepler
Kepler-382 c,2014,3051.0,,Transit,Kepler
Kepler-384 c,2014,2921.3,,Transit,Kepler
Kepler-385 b,2014,4672.5,12.8,Transit,Kepler
Kepler-387 c,2014,2612.7,,Transit,Kepler
Kepler-536 b,2016,1507.9,,Transit,Kepler
Kepler-1266 c,2021,2770.1,,Transit,Kepler
Kepler-1987 b,2023,1942.9,,Transit,Kepler
Kepler-393 c,2014,2874.8,,Transit,Kepler
Kepler-394 c,2014,3453.1,,Transit,Kepler
Kepler-394 d,2021,3453.1,,Transit,Kepler
Kepler-292 c,2014,3445.8,,Transit,Kepler
Kepler-395 b,2014,1374.4,,Transit,Kepler
Kepler-292 b,2014,3445.8,,Transit,Kepler
Kepler-245 e,2016,2809.9,1806.4,Transit,Kepler
Kepler-298 d,2014,1690.2,,Transit,Kepler
Kepler-299 b,2014,3431.9,,Transit,Kepler
Kepler-301 d,2014,2345.6,,Transit,Kepler
Kepler-301 c,2014,2345.6,,Transit,Kepler
Kepler-59 b,2012,3793.9,4.1,Transit,Kepler
Kepler-304 d,2014,1417.7,,Transit,Kepler
Kepler-304 c,2014,1417.7,,Transit,Kepler
Kepler-304 e,2016,1417.7,,Transit,Kepler
Kepler-305 c,2013,2832.6,6.0,Transit,Kepler
Kepler-54 d,2014,886.2,12.1,Transit,Kepler
Kepler-537 b,2016,1433.1,,Transit,Kepler
Kepler-305 e,2020,2832.6,,Transit,Kepler
Kepler-305 d,2014,2832.6,9.1,Transit,Kepler
Kepler-306 d,2014,2529.9,,Transit,Kepler
Kepler-306 e,2014,2529.9,,Transit,Kepler
Kepler-307 c,2013,1877.3,1.5,Transit,Kepler
Kepler-84 e,2014,3339.5,,Transit,Kepler
Kepler-84 d,2014,3339.5,,Transit,Kepler
Kepler-84 f,2014,3339.5,,Transit,Kepler
Kepler-310 d,2014,1964.3,7.0,Transit,Kepler
Kepler-414 b,2014,1348.5,3.5,Transit Timing Variations,Kepler
Kepler-55 e,2014,1887.8,,Transit,Kepler
Kepler-310 b,2014,1964.3,,Transit,Kepler
Kepler-903 c,2016,4465.9,,Transit,Kepler
Kepler-311 c,2014,2539.6,,Transit,Kepler
Kepler-913 c,2021,3234.2,,Transit,Kepler
Kepler-142 b,2014,1789.6,,Transit,Kepler
Kepler-314 b,2014,877.0,,Transit,Kepler
Kepler-55 f,2014,1887.8,,Transit,Kepler
Kepler-316 b,2014,1255.5,,Transit,Kepler
Kepler-949 c,2023,1585.5,,Transit,Kepler
Kepler-317 c,2014,3067.8,,Transit,Kepler
Kepler-318 c,2014,1595.4,,Transit,Kepler
Kepler-411 b,2013,501.2,25.6,Transit,Kepler
Kepler-319 d,2014,1642.0,,Transit,Kepler
Kepler-319 b,2014,1642.0,,Transit,Kepler
Kepler-321 b,2014,1254.2,,Transit,Kepler
Kepler-322 b,2014,1306.2,,Transit,Kepler
Kepler-323 b,2014,1483.6,684.4,Transit,Kepler
Kepler-250 b,2014,2480.7,,Transit,Kepler
Kepler-324 b,2014,1635.9,2414.4,Transit,Kepler
KOI-1831 d,2018,1635.9,1.3,Transit,Kepler
Kepler-324 e,2021,1635.9,235.0,Transit,Kepler
Kepler-325 c,2014,2685.1,,Transit,Kepler
Kepler-325 d,2014,2685.1,,Transit,Kepler
Kepler-326 b,2014,1590.6,44.6,Transit,Kepler
Kepler-326 d,2014,1590.6,6.9,Transit,Kepler
Kepler-975 c,2023,1389.7,,Transit,Kepler
Kepler-256 b,2014,3347.8,,Transit,Kepler
Kepler-416 c,2014,2253.1,,Transit Timing Variations,Kepler
Kepler-416 d,2023,2253.1,,Transit,Kepler
Kepler-327 d,2014,789.3,,Transit,Kepler
Kepler-327 c,2014,789.3,20.3,Transit,Kepler
Kepler-1996 b,2023,1436.9,,Transit,Kepler
Kepler-329 b,2014,1434.2,,Transit,Kepler
Kepler-11 f,2010,2108.1,2.0,Transit,Kepler
Kepler-1001 c,2020,3029.9,,Transit,Kepler
Kepler-330 b,2014,2340.3,,Transit,Kepler
Kepler-331 c,2014,1892.1,,Transit,Kepler
Kepler-256 e,2014,3347.8,,Transit,Kepler
Kepler-331 d,2014,1892.1,,Transit,Kepler
Kepler-333 c,2014,1058.1,,Transit,Kepler
Kepler-334 b,2014,1391.3,,Transit,Kepler
Kepler-334 d,2014,1391.3,,Transit,Kepler
Kepler-336 c,2014,2507.7,,Transit,Kepler
Kepler-138 d,2014,218.1,2.1,Transit,Kepler
Kepler-336 b,2014,2507.7,,Transit,Kepler
Kepler-337 b,2014,2211.3,,Transit,Kepler
Kepler-338 c,2014,1803.0,,Transit,Kepler
Kepler-338 d,2014,1803.0,,Transit,Kepler
Kepler-758 e,2016,4899.9,,Transit,Kepler
Kepler-338 e,2014,1803.0,8.5,Transit Timing Variations,Kepler
Kepler-339 d,2014,2011.2,14.7,Transit,Kepler
Kepler-339 c,2014,2011.2,7.3,Transit,Kepler
Kepler-341 d,2014,3415.0,,Transit,Kepler
Kepler-341 b,2014,3415.0,,Transit,Kepler
Kepler-341 e,2014,3415.0,,Transit,Kepler
Kepler-342 d,2014,2549.3,,Transit,Kepler
Kepler-35 b,2011,5933.3,40.4,Transit,Kepler
Kepler-461 b,2016,2257.5,,Transit,Kepler
Kepler-38 b,2012,3831.0,122.0,Transit,Kepler
Kepler-230 c,2014,2416.0,,Transit,Kepler
Kepler-233 c,2014,2793.3,,Transit,Kepler
Kepler-106 d,2014,1449.2,8.1,Transit,Kepler
Kepler-238 f,2013,5866.7,13.5,Transit,Kepler
Kepler-27 d,2021,3406.2,,Transit,Kepler
Kepler-81 d,2014,1136.0,,Transit,Kepler
Kepler-722 c,2016,4042.7,,Transit,Kepler
Kepler-32 f,2012,1056.2,969.2,Transit,Kepler
Kepler-262 b,2014,1999.8,,Transit,Kepler
Kepler-263 c,2014,2461.7,,Transit,Kepler
Kepler-265 e,2014,4175.6,,Transit,Kepler
Kepler-265 d,2014,4175.6,,Transit,Kepler
Kepler-763 c,2023,3139.1,,Transit,Kepler
Kepler-763 b,2016,3139.1,,Transit,Kepler
Kepler-24 e,2014,3773.0,26.2,Transit,Kepler
Kepler-22 b,2011,634.8,9.1,Transit,Kepler
Kepler-24 d,2014,3773.0,294.0,Transit,Kepler
Kepler-769 c,2016,3814.6,,Transit,Kepler
Kepler-770 c,2016,3034.7,,Transit,Kepler
Kepler-770 d,2016,3034.7,,Transit,Kepler
Kepler-270 c,2014,3094.5,,Transit,Kepler
Kepler-783 b,2016,1683.3,,Transit,Kepler
Kepler-784 c,2023,4252.2,,Transit,Kepler
Kepler-79 e,2014,3329.1,6.3,Transit,Kepler
Kepler-279 d,2013,3383.5,37.5,Transit,Kepler
Kepler-281 d,2021,5692.9,557.0,Transit,Kepler
Kepler-282 b,2014,4362.7,,Transit,Kepler
Kepler-282 c,2014,4362.7,,Transit,Kepler
Kepler-283 c,2014,1526.7,,Transit,Kepler
Kepler-286 e,2014,4001.4,,Transit,Kepler
Kepler-288 d,2014,3894.8,,Transit,Kepler
Kepler-58 d,2014,3161.3,245.3,Transit,Kepler
Kepler-58 e,2023,3161.3,597.8,Transit,Kepler
Kepler-290 d,2023,2265.6,,Transit,Kepler
Kepler-295 c,2014,5542.0,,Transit,Kepler
Kepler-101 b,2014,3026.7,51.1,Transit,Kepler
Kepler-295 d,2014,5542.0,,Transit,Kepler
Kepler-299 e,2014,3431.9,,Transit,Kepler
Kepler-1669 d,2023,1772.5,,Transit,Kepler
Kepler-69 c,2013,2383.0,,Transit,Kepler
Kepler-864 c,2023,6597.8,,Transit,Kepler
Kepler-865 c,2023,1911.7,,Transit,Kepler
Kepler-887 c,2016,2891.7,,Transit,Kepler
KIC 9663113 b,2015,5201.3,,Transit,Kepler
Kepler-87 c,2013,4021.2,6.4,Transit,Kepler
Kepler-896 b,2016,7615.5,,Transit,Kepler
Kepler-308 c,2014,4357.2,,Transit,Kepler
Kepler-495 c,2021,2149.1,,Transit,Kepler
Kepler-501 c,2021,3670.0,,Transit,Kepler
Kepler-124 d,2014,1370.0,,Transit,Kepler
Kepler-124 b,2014,1370.0,,Transit,Kepler
Kepler-2000 c,2023,1045.6,,Transit,Kepler
Kepler-396 b,2013,729.8,75.5,Transit,Kepler
Kepler-1311 b,2016,2825.6,,Transit,Kepler
Kepler-1311 c,2016,2825.6,,Transit,Kepler
Kepler-1312 c,2021,975.5,,Transit,Kepler
Kepler-1869 b,2021,368.6,,Transit,Kepler
Kepler-398 c,2014,578.5,,Transit,Kepler
Kepler-398 d,2016,578.5,,Transit,Kepler
Kepler-1315 c,2021,1568.4,,Transit,Kepler
Kepler-445 b,2015,414.9,,Transit,Kepler
Kepler-399 b,2014,2415.3,,Transit,Kepler
Kepler-399 c,2014,2415.3,,Transit,Kepler
Kepler-126 c,2014,774.3,,Transit,Kepler
Kepler-400 c,2014,2759.2,,Transit,Kepler
Kepler-401 c,2014,3149.2,,Transit,Kepler
Kepler-1321 c,2016,2508.6,,Transit,Kepler
Kepler-1321 d,2021,2508.6,,Transit,Kepler
Kepler-1322 c,2021,4404.1,,Transit,Kepler
Kepler-402 e,2014,2039.6,,Transit,Kepler
Kepler-402 b,2014,2039.6,,Transit,Kepler
Kepler-402 d,2014,2039.6,,Transit,Kepler
Kepler-403 c,2014,2740.6,,Transit,Kepler
Kepler-1336 c,2016,3674.6,,Transit,Kepler
Kepler-404 c,2014,2650.1,,Transit,Kepler
Kepler-1365 c,2016,2740.1,,Transit,Kepler
Kepler-446 d,2015,314.2,,Transit,Kepler
Kepler-127 b,2014,1150.7,,Transit,Kepler
Kepler-1370 c,2016,3274.9,,Transit,Kepler
Kepler-1371 c,2016,1680.8,,Transit,Kepler
Kepler-1693 c,2021,2479.0,,Transit,Kepler
Kepler-11 g,2010,2108.1,300.0,Transit,Kepler
Kepler-1388 c,2016,1480.1,,Transit,Kepler
Kepler-1886 b,2021,3455.7,,Transit,Kepler
Kepler-1391 b,2016,3386.6,,Transit,Kepler
Kepler-1887 b,2021,4455.9,,Transit,Kepler
Kepler-1888 b,2021,1314.2,,Transit,Kepler
Kepler-1393 b,2016,1775.8,,Transit,Kepler
Kepler-1394 b,2016,2088.7,,Transit,Kepler
Kepler-1395 b,2016,1607.6,,Transit,Kepler
Kepler-1396 b,2016,3478.3,,Transit,Kepler
Kepler-1397 b,2016,3908.2,,Transit,Kepler
Kepler-1889 b,2021,4550.3,,Transit,Kepler
Kepler-1890 b,2021,1727.3,,Transit,Kepler
Kepler-1398 b,2016,2779.5,,Transit,Kepler
Kepler-1398 c,2016,2779.5,,Transit,Kepler
Kepler-1399 b,2016,4519.5,,Transit,Kepler
Kepler-1400 b,2016,2453.5,,Transit,Kepler
Kepler-1891 b,2021,1944.7,,Transit,Kepler
Kepler-51 b,2012,2556.5,6.7,Transit,Kepler
Kepler-1892 b,2021,2777.5,,Transit,Kepler
Kepler-1401 b,2016,4649.1,,Transit,Kepler
Kepler-1402 b,2016,4871.6,,Transit,Kepler
Kepler-1403 b,2016,7057.7,,Transit,Kepler
Kepler-1404 b,2016,3138.2,,Transit,Kepler
Kepler-27 c,2011,3406.2,21.2,Transit,Kepler
Kepler-1405 b,2016,4991.2,,Transit,Kepler
Kepler-1406 b,2016,1866.9,,Transit,Kepler
Kepler-1407 b,2016,4554.5,,Transit,Kepler
Kepler-1408 b,2016,1745.1,,Transit,Kepler
Kepler-209 c,2014,1881.7,,Transit,Kepler
Kepler-1411 b,2016,5415.8,,Transit,Kepler
Kepler-1412 b,2016,2464.7,,Transit,Kepler
Kepler-1893 b,2021,3427.0,,Transit,Kepler
Kepler-229 d,2014,2694.9,,Transit,Kepler
Kepler-1894 b,2021,3050.2,,Transit,Kepler
Kepler-1894 c,2023,3050.2,,Transit,Kepler
Kepler-1413 b,2016,3807.8,,Transit,Kepler
Kepler-1414 b,2016,1861.8,,Transit,Kepler
Kepler-130 d,2014,1032.8,,Transit,Kepler
Kepler-1895 b,2021,3210.0,,Transit,Kepler
Kepler-30 b,2012,2981.8,11.3,Transit,Kepler
Kepler-1415 b,2016,3403.6,,Transit,Kepler
Kepler-1416 b,2016,3097.1,,Transit,Kepler
Kepler-75 b,2013,2724.6,3210.1,Transit,Kepler
Kepler-1417 b,2016,3235.0,,Transit,Kepler
Kepler-1896 b,2021,5652.0,,Transit,Kepler
Kepler-131 c,2014,745.8,8.2,Transit,Kepler
Kepler-1695 b,2020,2580.5,,Transit,Kepler
Kepler-156 c,2014,1446.4,,Transit,Kepler
Kepler-1992 b,2023,1738.3,,Transit,Kepler
Kepler-1419 b,2016,4887.7,,Transit,Kepler
Kepler-1420 b,2016,3438.9,,Transit,Kepler
Kepler-405 c,2014,3473.8,,Transit,Kepler
Kepler-405 b,2014,3473.8,,Transit,Kepler
Kepler-1421 b,2016,2555.1,,Transit,Kepler
Kepler-1983 b,2023,1384.3,,Transit,Kepler
Kepler-1422 b,2016,8042.5,,Transit,Kepler
Kepler-1897 b,2021,3206.7,,Transit,Kepler
Kepler-1898 b,2021,1177.2,,Transit,Kepler
Kepler-1900 b,2021,5024.2,,Transit,Kepler
Kepler-1901 b,2021,3354.1,,Transit,Kepler
Kepler-1902 b,2021,1123.1,,Transit,Kepler
Kepler-1903 b,2021,5790.7,,Transit,Kepler
Kepler-1424 b,2016,2157.3,,Transit,Kepler
Kepler-1905 b,2021,3429.6,,Transit,Kepler
Kepler-431 d,2015,1586.9,,Transit,Kepler
Kepler-431 b,2015,1586.9,,Transit,Kepler
Kepler-431 c,2015,1586.9,,Transit,Kepler
Kepler-92 c,2013,1559.0,6.1,Transit,Kepler
Kepler-1426 b,2016,5537.5,,Transit,Kepler
Kepler-1906 b,2021,4437.8,,Transit,Kepler
Kepler-1428 b,2016,4991.2,,Transit,Kepler
Kepler-1429 b,2016,3959.8,,Transit,Kepler
Kepler-92 d,2015,1559.0,,Transit,Kepler
Kepler-1430 b,2016,2855.6,,Transit,Kepler
Kepler-1431 b,2016,5294.3,,Transit,Kepler
Kepler-1432 b,2016,7083.7,,Transit,Kepler
Kepler-1434 b,2016,2529.4,,Transit,Kepler
Kepler-575 b,2016,2785.3,,Transit,Kepler
Kepler-1435 b,2016,2296.8,,Transit,Kepler
Kepler-1436 b,2016,8253.8,,Transit,Kepler
Kepler-1907 c,2021,952.7,,Transit,Kepler
Kepler-1907 b,2021,952.7,,Transit,Kepler
Kepler-1437 b,2016,6854.8,,Transit,Kepler
Kepler-1909 b,2021,2490.7,,Transit,Kepler
Kepler-1438 b,2016,3764.3,,Transit,Kepler
Kepler-1439 b,2016,735.1,,Transit,Kepler
Kepler-1977 b,2023,1933.2,,Transit,Kepler
Kepler-1440 b,2016,3637.8,,Transit,Kepler
Kepler-1441 b,2016,3621.9,,Transit,Kepler
Kepler-511 b,2016,2126.5,,Transit,Kepler
Kepler-134 c,2014,1092.0,,Transit,Kepler
Kepler-135 c,2014,2028.2,,Transit,Kepler
Kepler-139 d,2023,1275.4,2.0,Transit,Kepler
Kepler-406 c,2014,1187.3,2.7,Transit,Kepler
Kepler-140 c,2014,1904.3,,Transit,Kepler
Kepler-524 c,2016,3451.5,,Transit,Kepler
Kepler-683 b,2016,3336.8,,Transit,Kepler
Kepler-1717 b,2021,3290.2,,Transit,Kepler
Kepler-534 c,2021,1861.2,,Transit,Kepler
Kepler-149 c,2014,1862.5,,Transit,Kepler
Kepler-150 b,2014,2906.4,,Transit,Kepler
Kepler-549 c,2016,2071.6,,Transit,Kepler
Kepler-157 d,2016,2523.5,,Transit,Kepler
Kepler-164 b,2014,2905.3,,Transit,Kepler
Kepler-169 b,2014,1325.9,,Transit,Kepler
Kepler-169 d,2014,1325.9,,Transit,Kepler
Kepler-684 b,2016,5646.6,,Transit,Kepler
Kepler-169 f,2014,1325.9,,Transit,Kepler
Kepler-171 d,2014,2817.5,,Transit,Kepler
Kepler-172 e,2014,2702.5,,Transit,Kepler
Kepler-174 d,2014,1254.9,,Transit,Kepler
Kepler-589 c,2021,1998.7,,Transit,Kepler
Kepler-603 d,2016,5021.6,,Transit,Kepler
Kepler-605 c,2016,1815.3,,Transit,Kepler
Kepler-610 c,2016,2758.7,,Transit,Kepler
Kepler-191 b,2014,1938.9,,Transit,Kepler
Kepler-192 d,2016,2125.5,,Transit,Kepler
Kepler-117 c,2014,4747.4,584.8,Transit,Kepler
Kepler-616 d,2021,3084.7,,Transit,Kepler
Kepler-194 d,2014,3581.1,,Transit,Kepler
Kepler-195 c,2014,2126.7,,Transit,Kepler
Kepler-619 c,2016,2937.6,,Transit,Kepler
Kepler-197 e,2014,1078.2,,Transit,Kepler
Kepler-198 d,2016,1615.6,,Transit,Kepler
Kepler-625 c,2016,2481.1,,Transit,Kepler
Kepler-200 c,2014,2171.9,,Transit,Kepler
Kepler-1990 c,2023,1280.9,,Transit,Kepler
Kepler-208 d,2014,2528.8,,Transit,Kepler
Kepler-215 e,2014,1585.1,,Transit,Kepler
Kepler-217 c,2014,3602.8,,Transit,Kepler
Kepler-217 d,2016,3602.8,,Transit,Kepler
Kepler-653 c,2016,1942.7,,Transit,Kepler
Kepler-220 d,2014,558.1,,Transit,Kepler
Kepler-220 e,2014,558.1,,Transit,Kepler
Kepler-220 b,2014,558.1,,Transit,Kepler
Kepler-656 c,2023,2903.9,,Transit,Kepler
Kepler-62 c,2013,981.3,4.0,Transit,Kepler
Kepler-62 f,2013,981.3,35.0,Transit,Kepler
Kepler-154 c,2014,2985.0,,Transit,Kepler
Kepler-368 c,2014,2514.6,,Transit,Kepler
Kepler-149 b,2014,1862.5,,Transit,Kepler
Kepler-1541 b,2016,1359.1,,Transit,Kepler
Kepler-1542 b,2016,1301.7,,Transit,Kepler
Kepler-1542 c,2016,1301.7,,Transit,Kepler
Kepler-1543 b,2016,3006.5,,Transit,Kepler
Kepler-1544 b,2016,1092.9,,Transit,Kepler
Kepler-371 c,2014,2652.3,,Transit,Kepler
Kepler-167 b,2014,1115.2,,Transit,Kepler
Kepler-372 d,2014,4872.6,,Transit,Kepler
Kepler-1545 b,2016,2380.8,,Transit,Kepler
Kepler-1934 b,2021,1397.6,,Transit,Kepler
Kepler-1701 b,2020,1905.2,,Transit,Kepler
Kepler-1935 b,2021,2950.7,,Transit,Kepler
Kepler-372 b,2014,4872.6,,Transit,Kepler
Kepler-9 b,2010,2049.1,2175.0,Transit,Kepler
Kepler-1936 b,2021,2841.1,,Transit,Kepler
Kepler-1937 b,2021,2951.9,,Transit,Kepler
Kepler-1546 b,2016,3039.6,,Transit,Kepler
Kepler-1938 b,2021,1373.6,,Transit,Kepler
Kepler-1547 b,2016,2200.6,,Transit,Kepler
Kepler-1548 b,2016,2845.0,,Transit,Kepler
Kepler-482 b,2016,1021.1,,Transit,Kepler
Kepler-1549 b,2016,2619.2,,Transit,Kepler
Kepler-1154 c,2016,4762.2,,Transit,Kepler
Kepler-440 b,2015,981.8,,Transit,Kepler
Kepler-1550 b,2016,3845.4,,Transit,Kepler
Kepler-1551 b,2016,4774.0,,Transit,Kepler
Kepler-1814 c,2023,2369.0,,Transit,Kepler
Kepler-1939 b,2021,619.2,,Transit,Kepler
Kepler-234 b,2014,5652.6,,Transit,Kepler
Kepler-1940 b,2021,2604.7,,Transit,Kepler
Kepler-1552 b,2016,2508.5,,Transit,Kepler
Kepler-1162 c,2023,3066.6,,Transit,Kepler
Kepler-685 b,2016,3061.7,,Transit,Kepler
Kepler-154 f,2016,2985.0,,Transit,Kepler
Kepler-1165 b,2016,5137.6,,Transit,Kepler
Kepler-541 b,2016,3459.5,,Transit,Kepler
Kepler-1553 b,2016,2258.9,,Transit,Kepler
Kepler-1554 b,2016,3088.2,,Transit,Kepler
Kepler-378 c,2014,496.1,,Transit,Kepler
Kepler-1555 b,2016,6566.4,,Transit,Kepler
Kepler-1556 b,2016,3080.7,,Transit,Kepler
Kepler-542 b,2016,1422.1,,Transit,Kepler
Kepler-379 b,2014,2385.1,,Transit,Kepler
Kepler-1557 b,2016,4501.5,,Transit,Kepler
Kepler-1178 b,2016,1573.0,,Transit,Kepler
Kepler-1558 b,2016,1062.4,,Transit,Kepler
Kepler-1941 b,2021,4874.0,,Transit,Kepler
Kepler-1942 b,2021,2747.8,,Transit,Kepler
Kepler-1181 c,2023,3060.7,,Transit,Kepler
Kepler-1943 b,2021,3276.4,,Transit,Kepler
Kepler-1982 b,2023,1822.7,,Transit,Kepler
Kepler-198 b,2014,1615.6,,Transit,Kepler
Kepler-1559 b,2016,2005.3,,Transit,Kepler
Kepler-1560 b,2016,1638.9,,Transit,Kepler
Kepler-1944 b,2021,3511.0,,Transit,Kepler
Kepler-5 b,2009,2934.7,671.9,Transit,Kepler
Kepler-466 b,2016,1729.0,,Transit,Kepler
Kepler-1561 b,2016,2736.7,,Transit,Kepler
Kepler-430 c,2015,2992.4,,Transit,Kepler
Kepler-1946 b,2021,3268.5,,Transit,Kepler
Kepler-576 b,2016,2014.2,,Transit,Kepler
Kepler-1947 b,2021,1528.9,,Transit,Kepler
Kepler-1562 b,2016,6721.2,,Transit,Kepler
Kepler-1563 b,2016,2011.4,,Transit,Kepler
Kepler-1564 b,2016,2964.1,,Transit,Kepler
Kepler-1565 b,2016,2054.6,,Transit,Kepler
Kepler-1727 b,2021,2916.4,,Transit,Kepler
Kepler-1566 b,2016,1521.8,,Transit,Kepler
Kepler-1567 b,2016,3933.8,,Transit,Kepler
Kepler-385 d,2020,4672.5,,Transit,Kepler
Kepler-146 b,2014,2337.9,,Transit,Kepler
Kepler-1568 b,2016,2988.6,,Transit,Kepler
Kepler-1569 b,2016,3083.7,,Transit,Kepler
Kepler-186 f,2014,579.2,,Transit,Kepler
Kepler-543 b,2016,723.4,,Transit,Kepler
Kepler-1570 b,2016,2997.4,,Transit,Kepler
Kepler-1571 b,2016,2202.5,,Transit,Kepler
Kepler-1572 b,2016,3087.4,,Transit,Kepler
Kepler-386 b,2014,2878.2,,Transit,Kepler
Kepler-1573 b,2016,4746.7,,Transit,Kepler
Kepler-1574 b,2016,4514.5,,Transit,Kepler
Kepler-157 c,2014,2523.5,,Transit,Kepler
Kepler-1575 b,2016,4066.9,,Transit,Kepler
Kepler-1245 c,2016,2628.6,,Transit,Kepler
Kepler-1576 b,2016,1503.3,,Transit,Kepler
Kepler-1719 b,2021,2953.0,,Transit,Kepler
Kepler-1254 c,2016,2031.4,,Transit,Kepler
Kepler-1948 b,2021,632.4,,Transit,Kepler
Kepler-1577 b,2016,1663.5,,Transit,Kepler
Kepler-468 b,2016,1444.5,,Transit,Kepler
Kepler-30 d,2012,2981.8,5403.1,Transit,Kepler
Kepler-1578 b,2016,3470.5,,Transit,Kepler
Kepler-1254 d,2016,2031.4,,Transit,Kepler
Kepler-555 b,2016,3173.9,,Transit,Kepler
Kepler-1949 b,2021,8536.6,,Transit,Kepler
Kepler-1993 b,2023,3365.6,,Transit,Kepler
Kepler-390 c,2014,1419.7,,Transit,Kepler
Kepler-1580 b,2016,3268.1,,Transit,Kepler
Kepler-1581 b,2016,1608.5,,Transit,Kepler
Kepler-436 b,2015,1920.6,,Transit,Kepler
Kepler-1582 b,2016,257.3,,Transit,Kepler
Kepler-1583 b,2016,1317.5,,Transit,Kepler
Kepler-1584 b,2016,4619.4,,Transit,Kepler
Kepler-391 c,2014,2835.1,450.0,Transit,Kepler
Kepler-556 b,2016,2200.2,,Transit,Kepler
Kepler-1585 b,2016,3080.4,,Transit,Kepler
Kepler-1586 b,2016,1802.2,,Transit,Kepler
Kepler-1587 b,2016,3347.9,,Transit,Kepler
Kepler-196 d,2021,1472.0,,Transit,Kepler
Kepler-1950 b,2021,2274.1,,Transit,Kepler
Kepler-1588 b,2016,3014.1,,Transit,Kepler
Kepler-1859 c,2023,4342.0,,Transit,Kepler
Kepler-1951 b,2021,4166.1,,Transit,Kepler
Kepler-1589 b,2016,4935.2,,Transit,Kepler
Kepler-686 b,2016,4862.8,,Transit,Kepler
Kepler-1590 b,2016,2515.2,,Transit,Kepler
Kepler-1591 b,2016,4630.0,,Transit,Kepler
Kepler-392 c,2014,2222.5,,Transit,Kepler
Kepler-1952 b,2021,2779.1,,Transit,Kepler
Kepler-10 b,2011,605.0,3.3,Transit,Kepler
Kepler-1728 b,2021,2125.8,,Transit,Kepler
Kepler-1592 b,2016,5347.2,,Transit,Kepler
Kepler-147 c,2014,3398.6,,Transit,Kepler
Kepler-1593 b,2016,2081.7,,Transit,Kepler
Kepler-544 b,2016,3141.5,,Transit,Kepler
Kepler-1594 b,2016,3186.1,,Transit,Kepler
Kepler-1595 b,2016,2756.1,,Transit,Kepler
Kepler-577 b,2016,1709.9,,Transit,Kepler
Kepler-1596 b,2016,7000.1,,Transit,Kepler
Kepler-403 d,2016,2740.6,,Transit,Kepler
Kepler-1953 b,2021,1975.3,,Transit,Kepler
Kepler-1597 b,2016,3982.5,,Transit,Kepler
Kepler-1598 b,2016,2021.7,,Transit,Kepler
Kepler-1599 b,2016,4332.0,,Transit,Kepler
Kepler-1600 c,2021,3362.0,,Transit,Kepler
Kepler-1702 b,2020,2795.6,,Transit,Kepler
Kepler-687 b,2016,2066.7,,Transit,Kepler
Kepler-235 b,2014,1396.0,,Transit,Kepler
Kepler-446 c,2015,314.2,,Transit,Kepler
Kepler-1601 b,2016,2101.9,,Transit,Kepler
Kepler-1954 b,2021,4480.8,,Transit,Kepler
Kepler-1955 b,2021,1465.6,,Transit,Kepler
Kepler-1602 b,2016,2054.1,,Transit,Kepler
Kepler-597 b,2016,2163.8,,Transit,Kepler
Kepler-1603 b,2016,8847.2,,Transit,Kepler
Kepler-1604 b,2016,1765.1,,Transit,Kepler
Kepler-1956 b,2021,1175.7,,Transit,Kepler
Kepler-1605 b,2016,1781.6,,Transit,Kepler
Kepler-1957 b,2021,1503.2,,Transit,Kepler
Kepler-183 c,2014,3426.7,35.7,Transit,Kepler
Kepler-1606 b,2016,2711.3,,Transit,Kepler
Kepler-688 b,2016,4428.4,,Transit,Kepler
Kepler-1607 b,2016,4194.7,,Transit,Kepler
Kepler-444 b,2015,118.8,,Transit,Kepler
Kepler-1958 b,2021,4306.5,,Transit,Kepler
Kepler-1959 b,2021,1563.1,,Transit,Kepler
Kepler-1960 b,2021,4982.2,,Transit,Kepler
Kepler-444 c,2015,118.8,,Transit,Kepler
Kepler-1609 b,2016,5955.7,,Transit,Kepler
Kepler-578 b,2016,1765.9,,Transit,Kepler
Kepler-444 d,2015,118.8,0.2,Transit,Kepler
Kepler-1610 b,2016,2819.1,,Transit,Kepler
Kepler-1610 c,2023,2819.1,,Transit,Kepler
Kepler-689 b,2016,3691.2,,Transit,Kepler
Kepler-444 e,2015,118.8,0.1,Transit,Kepler
Kepler-1961 b,2021,3400.0,,Transit,Kepler
Kepler-1611 b,2016,2962.9,,Transit,Kepler
KOI-94 c,2013,1555.9,11.6,Transit,Kepler
Kepler-624 b,2016,2440.3,,Transit,Kepler
Kepler-1612 b,2016,2494.2,,Transit,Kepler
Kepler-444 f,2015,118.8,,Transit,Kepler
Kepler-1962 b,2021,2827.2,,Transit,Kepler
Kepler-625 b,2016,2481.1,,Transit,Kepler
Kepler-158 b,2014,1028.0,,Transit,Kepler
Kepler-626 b,2016,2073.2,,Transit,Kepler
Kepler-627 b,2016,3210.4,,Transit,Kepler
Kepler-1613 b,2016,4919.5,,Transit,Kepler
Kepler-1614 b,2016,3885.1,,Transit,Kepler
Kepler-1615 b,2016,4546.1,,Transit,Kepler
Kepler-690 b,2016,5431.5,,Transit,Kepler
Kepler-236 c,2014,941.8,,Transit,Kepler
Kepler-1616 b,2016,3711.0,,Transit,Kepler
Kepler-79 c,2012,3329.1,11.4,Transit,Kepler
Kepler-168 c,2014,4382.2,,Transit,Kepler
Kepler-1656 b,2018,606.2,47.8,Transit,Kepler
Kepler-1963 b,2021,1607.5,,Transit,Kepler
Kepler-1617 b,2016,2929.9,,Transit,Kepler
Kepler-629 b,2016,1213.5,,Transit,Kepler
Kepler-441 b,2015,874.1,,Transit,Kepler
Kepler-1911 b,2021,880.3,,Transit,Kepler
Kepler-1618 b,2016,4009.3,,Transit,Kepler
Kepler-1972 b,2022,937.2,2.0,Transit,Kepler
Kepler-630 b,2016,2739.0,,Transit,Kepler
Kepler-579 b,2016,1731.1,,Transit,Kepler
Kepler-1965 b,2021,1701.9,,Transit,Kepler
Kepler-1966 b,2021,1580.6,,Transit,Kepler
Kepler-80 b,2012,1205.0,0.6,Transit,Kepler
Kepler-691 b,2016,910.4,,Transit,Kepler
Kepler-117 b,2014,4747.4,31.4,Transit,Kepler
Kepler-1619 b,2016,2396.8,,Transit,Kepler
Kepler-1620 b,2016,2919.3,,Transit,Kepler
Kepler-1967 b,2021,812.5,,Transit,Kepler
Kepler-1968 b,2021,2449.2,,Transit,Kepler
Kepler-442 b,2015,1193.6,,Transit,Kepler
Kepler-1725 b,2021,1822.1,,Transit,Kepler
Kepler-443 b,2015,2616.7,,Transit,Kepler
Kepler-1621 b,2016,5321.8,,Transit,Kepler
Kepler-1969 b,2021,3928.7,,Transit,Kepler
Kepler-692 b,2016,3233.3,,Transit,Kepler
Kepler-1622 b,2016,2597.8,,Transit,Kepler
Kepler-1705 b,2021,5327.7,4.5,Transit,Kepler
KOI-4777.01,2022,561.8,99.2,Transit,Kepler
Kepler-10 c,2011,605.0,20.0,Transit,Kepler
Kepler-1623 b,2016,2731.5,,Transit,Kepler
Kepler-199 b,2014,1699.4,,Transit,Kepler
Kepler-631 b,2016,2485.2,,Transit,Kepler
Kepler-1988 b,2023,1674.6,,Transit,Kepler
Kepler-693 b,2016,3755.7,,Transit,Kepler
KOI-94 e,2013,1555.9,10.5,Transit,Kepler
Kepler-237 c,2014,2145.5,,Transit,Kepler
Kepler-1442 b,2016,1985.2,,Transit,Kepler
Kepler-694 b,2016,3336.8,,Transit,Kepler
Kepler-1912 b,2021,968.7,,Transit,Kepler
Kepler-450 d,2015,1487.2,17.6,Transit,Kepler
Kepler-1443 b,2016,1936.2,,Transit,Kepler
Kepler-1444 b,2016,1042.6,,Transit,Kepler
Kepler-1445 b,2016,1651.5,,Transit,Kepler
Kepler-1446 b,2016,496.0,,Transit,Kepler
Kepler-271 d,2016,1319.4,,Transit,Kepler
Kepler-1447 b,2016,2903.8,,Transit,Kepler
Kepler-1448 b,2016,2507.8,,Transit,Kepler
Kepler-1449 b,2016,6544.3,,Transit,Kepler
Kepler-580 b,2016,1056.4,,Transit,Kepler
Kepler-1450 b,2016,1649.8,,Transit,Kepler
Kepler-1913 b,2021,2858.1,,Transit,Kepler
Kepler-1986 b,2023,2974.8,,Transit,Kepler
Kepler-79 b,2012,3329.1,15.7,Transit,Kepler
Kepler-150 c,2014,2906.4,,Transit,Kepler
Kepler-1451 b,2016,3453.1,,Transit,Kepler
Kepler-1452 b,2016,3249.6,,Transit,Kepler
Kepler-1914 b,2021,5288.8,,Transit,Kepler
Kepler-1453 b,2016,3901.0,,Transit,Kepler
Kepler-1455 b,2016,1166.4,,Transit,Kepler
Kepler-1456 b,2016,1207.8,,Transit,Kepler
Kepler-1457 b,2016,2902.4,,Transit,Kepler
Kepler-1458 b,2016,1775.8,,Transit,Kepler
Kepler-53 b,2012,4455.5,111.0,Transit,Kepler
Kepler-1459 b,2016,1485.6,,Transit,Kepler
Kepler-1460 b,2016,1804.4,,Transit,Kepler
Kepler-274 b,2014,4349.7,,Transit,Kepler
Kepler-428 b,2014,2238.4,406.8,Transit,Kepler
Kepler-1461 b,2016,2214.9,,Transit,Kepler
Kepler-1462 b,2016,3319.7,,Transit,Kepler
Kepler-1463 b,2016,5503.8,,Transit,Kepler
Kepler-1464 b,2016,3756.4,,Transit,Kepler
Kepler-274 c,2014,4349.7,,Transit,Kepler
Kepler-1464 c,2016,3756.4,,Transit,Kepler
Kepler-1465 b,2016,1172.5,,Transit,Kepler
Kepler-1466 b,2016,2061.1,,Transit,Kepler
Kepler-1467 b,2016,2781.7,,Transit,Kepler
Kepler-1915 b,2021,4940.2,,Transit,Kepler
Kepler-1468 d,2021,6194.5,,Transit,Kepler
Kepler-1468 b,2016,6194.5,,Transit,Kepler
Kepler-1468 c,2016,6194.5,,Transit,Kepler
Kepler-1469 b,2016,3781.1,,Transit,Kepler
Kepler-633 b,2016,2219.6,,Transit,Kepler
Kepler-1470 b,2016,1926.3,,Transit,Kepler
Kepler-1916 b,2021,6705.2,,Transit,Kepler
Kepler-132 e,2016,1140.1,,Transit,Kepler
Kepler-880 c,2023,1961.3,,Transit,Kepler
Kepler-1471 c,2023,3192.0,,Transit,Kepler
Kepler-1471 b,2016,3192.0,,Transit,Kepler
Kepler-1472 b,2016,4824.3,,Transit,Kepler
Kepler-1473 b,2016,2127.4,,Transit,Kepler
Kepler-1917 b,2021,2964.9,,Transit,Kepler
Kepler-1474 b,2016,3851.6,,Transit,Kepler
Kepler-238 e,2013,5866.7,169.7,Transit,Kepler
Kepler-1475 b,2016,5115.4,,Transit,Kepler
Kepler-1476 b,2016,3270.5,,Transit,Kepler
Kepler-1477 b,2016,2220.6,,Transit,Kepler
Kepler-1478 b,2016,6019.5,,Transit,Kepler
Kepler-1696 b,2020,4913.1,,Transit,Kepler
Kepler-1479 b,2016,2376.6,,Transit,Kepler
Kepler-1480 b,2016,1633.7,,Transit,Kepler
Kepler-1481 b,2016,1497.3,,Transit,Kepler
Kepler-1997 b,2023,4900.0,,Transit,Kepler
Kepler-1483 b,2016,4154.5,,Transit,Kepler
Kepler-1918 b,2021,3359.8,,Transit,Kepler
Kepler-545 b,2016,2668.0,,Transit,Kepler
Kepler-1484 b,2016,9392.7,,Transit,Kepler
Kepler-1919 b,2021,3840.6,,Transit,Kepler
Kepler-312 b,2014,2601.8,,Transit,Kepler
Kepler-1485 b,2016,2008.0,,Transit,Kepler
Kepler-1486 b,2016,5770.2,,Transit,Kepler
Kepler-920 c,2016,3267.0,,Transit,Kepler
Kepler-239 b,2014,2113.8,,Transit,Kepler
Kepler-1487 b,2016,3309.2,,Transit,Kepler
Kepler-1487 c,2023,3309.2,,Transit,Kepler
Kepler-581 b,2016,2295.3,,Transit,Kepler
Kepler-1488 b,2016,2954.4,,Transit,Kepler
Kepler-1488 c,2021,2954.4,,Transit,Kepler
Kepler-1489 b,2016,4184.7,,Transit,Kepler
Kepler-1490 b,2016,2814.5,,Transit,Kepler
Kepler-1491 b,2016,6737.0,,Transit,Kepler
Kepler-1492 b,2016,1081.4,,Transit,Kepler
Kepler-1493 b,2016,1810.3,,Transit,Kepler
Kepler-1494 b,2016,4192.7,,Transit,Kepler
Kepler-1495 b,2016,4421.2,,Transit,Kepler
Kepler-315 c,2014,3785.5,,Transit,Kepler
Kepler-1920 b,2021,2889.5,,Transit,Kepler
Kepler-1921 b,2021,3030.0,,Transit,Kepler
Kepler-1921 c,2023,3030.0,,Transit,Kepler
Kepler-1496 b,2016,4265.0,,Transit,Kepler
Kepler-240 c,2014,2436.1,102.3,Transit,Kepler
Kepler-937 c,2016,5125.4,,Transit,Kepler
Kepler-634 b,2016,2896.4,,Transit,Kepler
Kepler-1499 b,2016,1010.7,,Transit,Kepler
Kepler-1500 b,2016,3972.0,,Transit,Kepler
Kepler-1501 b,2016,2443.1,,Transit,Kepler
Kepler-1502 b,2016,4938.1,,Transit,Kepler
Kepler-1980 b,2023,5575.3,,Transit,Kepler
Kepler-1503 b,2016,3997.3,,Transit,Kepler
Kepler-1710 b,2021,995.4,,Transit,Kepler
Kepler-1504 b,2016,7945.0,,Transit,Kepler
Kepler-1505 b,2016,1615.0,,Transit,Kepler
Kepler-1506 b,2016,7716.9,,Transit,Kepler
Kepler-1922 b,2021,4384.5,,Transit,Kepler
Kepler-1507 b,2016,1045.3,,Transit,Kepler
Kepler-1508 b,2016,4110.5,,Transit,Kepler
Kepler-411 d,2018,501.2,15.2,Transit,Kepler
Kepler-1509 b,2016,6532.8,,Transit,Kepler
Kepler-1923 b,2021,3231.7,,Transit,Kepler
Kepler-635 b,2016,3721.7,,Transit,Kepler
Kepler-1924 b,2021,6232.1,,Transit,Kepler
Kepler-1510 b,2016,5532.4,,Transit,Kepler
Kepler-159 b,2014,1219.0,,Transit,Kepler
Kepler-1925 b,2021,5777.2,,Transit,Kepler
Kepler-1511 b,2016,4812.8,,Transit,Kepler
Kepler-953 c,2016,844.4,,Transit,Kepler
Kepler-1927 b,2021,3558.4,,Transit,Kepler
KOI-3503 b,2021,2893.2,9.2,Transit,Kepler
Kepler-695 b,2016,2749.3,,Transit,Kepler
Kepler-320 c,2014,2696.0,,Transit,Kepler
Kepler-546 b,2016,3325.6,,Transit,Kepler
Kepler-320 b,2014,2696.0,,Transit,Kepler
Kepler-19 b,2011,712.9,20.3,Transit,Kepler
Kepler-622 b,2016,928.8,,Transit,Kepler
Kepler-169 e,2014,1325.9,,Transit,Kepler
Kepler-967 c,2016,1854.3,,Transit,Kepler
Kepler-598 b,2016,2221.4,,Transit,Kepler
KOI-1833 d,2021,946.9,11.0,Transit,Kepler
Kepler-968 c,2016,946.9,,Transit,Kepler
Kepler-599 b,2016,1821.6,,Transit,Kepler
Kepler-969 c,2016,1273.2,,Transit,Kepler
Kepler-328 b,2013,7218.5,28.5,Transit,Kepler
Kepler-1665 b,2020,1094.3,,Transit,Kepler
Kepler-990 c,2016,2616.3,,Transit,Kepler
Kepler-151 b,2014,2119.7,,Transit,Kepler
Kepler-27 b,2011,3406.2,2895.3,Transit,Kepler
Kepler-332 c,2014,1122.6,,Transit,Kepler
Kepler-489 b,2016,1205.6,,Transit,Kepler
Kepler-143 b,2014,2640.1,,Transit,Kepler
Kepler-332 d,2014,1122.6,,Transit,Kepler
Kepler-335 c,2014,4171.4,,Transit,Kepler
Kepler-636 b,2016,1012.1,,Transit,Kepler
Kepler-1016 c,2016,4575.4,,Transit,Kepler
Kepler-582 b,2016,1999.9,,Transit,Kepler
Kepler-340 b,2014,2637.8,,Transit,Kepler
PH2 b,2013,1121.5,108.8,Transit,Kepler
Kepler-342 e,2016,2549.3,,Transit,Kepler
Kepler-696 b,2016,4619.8,,Transit,Kepler
Kepler-342 c,2014,2549.3,,Transit,Kepler
Kepler-1513 b,2016,1139.1,48.3,Transit,Kepler
KOI-3680 b,2018,3007.1,613.4,Transit,Kepler
Kepler-1514 b,2016,1295.8,1678.1,Transit,Kepler
Kepler-1514 c,2020,1295.8,,Transit,Kepler
Kepler-1515 b,2016,1759.0,,Transit,Kepler
Kepler-200 b,2014,2171.9,,Transit,Kepler
Kepler-1516 b,2016,4432.3,,Transit,Kepler
Kepler-343 c,2014,3024.1,,Transit,Kepler
Kepler-201 b,2014,2075.8,,Transit,Kepler
Kepler-1031 b,2016,2227.3,,Transit,Kepler
Kepler-1038 c,2021,1905.2,,Transit,Kepler
Kepler-454 b,2015,753.0,5.4,Transit,Kepler
Kepler-1722 b,2021,2518.8,,Transit,Kepler
Kepler-347 c,2014,4236.4,,Transit,Kepler
Kepler-202 b,2014,929.9,,Transit,Kepler
Kepler-1047 c,2016,2666.8,,Transit,Kepler
Kepler-697 b,2016,4166.1,,Transit,Kepler
Kepler-1517 b,2016,2763.5,,Transit,Kepler
Kepler-698 b,2016,6508.7,,Transit,Kepler
Kepler-348 c,2014,1861.6,,Transit,Kepler
Kepler-203 b,2014,2293.9,,Transit,Kepler
Kepler-351 d,2016,3535.2,,Transit,Kepler
Kepler-1519 b,2016,4702.0,,Transit,Kepler
Kepler-637 b,2016,2563.9,,Transit,Kepler
Kepler-352 d,2021,824.3,,Transit,Kepler
Kepler-700 b,2016,4865.5,,Transit,Kepler
KIC 5437945 b,2015,4155.3,,Transit,Kepler
Kepler-1520 b,2016,1982.8,,Transit,Kepler
Kepler-1065 c,2016,3661.0,,Transit,Kepler
Kepler-170 b,2014,2409.2,82.6,Transit,Kepler
Kepler-1067 b,2016,2177.7,,Transit,Kepler
Kepler-638 b,2016,3232.9,,Transit,Kepler
Kepler-154 b,2014,2985.0,,Transit,Kepler
Kepler-1073 c,2016,2641.5,,Transit,Kepler
Kepler-701 b,2016,2524.9,,Transit,Kepler
Kepler-1521 b,2016,675.1,,Transit,Kepler
Kepler-1073 d,2021,2641.5,,Transit,Kepler
Kepler-557 b,2016,6839.9,,Transit,Kepler
Kepler-1522 b,2016,2655.3,,Transit,Kepler
Kepler-702 b,2016,3235.7,,Transit,Kepler
Kepler-1698 b,2020,725.2,,Transit,Kepler
Kepler-2001 b,2023,2532.8,,Transit,Kepler
Kepler-1523 b,2016,2823.2,,Transit,Kepler
Kepler-204 b,2014,2239.8,,Transit,Kepler
Kepler-1085 b,2016,4450.5,,Transit,Kepler
Kepler-1928 b,2021,1064.4,,Transit,Kepler
Kepler-1524 b,2016,1245.2,,Transit,Kepler
Kepler-639 b,2016,2773.1,,Transit,Kepler
Kepler-1086 c,2016,1520.2,,Transit,Kepler
Kepler-171 b,2014,2817.5,,Transit,Kepler
Kepler-1525 b,2016,1249.1,,Transit,Kepler
Kepler-1526 b,2016,1812.0,,Transit,Kepler
Kepler-359 d,2014,4707.1,2.7,Transit,Kepler
Kepler-703 b,2016,3773.1,,Transit,Kepler
Kepler-1527 b,2016,6008.2,,Transit,Kepler
Kepler-704 b,2016,4007.9,,Transit,Kepler
Kepler-1929 b,2021,1657.5,,Transit,Kepler
Kepler-1528 b,2016,2666.4,,Transit,Kepler
Kepler-1529 b,2016,2155.9,,Transit,Kepler
Kepler-172 b,2014,2702.5,,Transit,Kepler
Kepler-154 e,2016,2985.0,,Transit,Kepler
Kepler-1090 b,2016,2800.9,,Transit,Kepler
Kepler-1530 d,2021,1597.8,,Transit,Kepler
Kepler-1530 b,2016,1597.8,,Transit,Kepler
Kepler-1530 c,2016,1597.8,,Transit,Kepler
Kepler-1531 b,2016,2173.3,,Transit,Kepler
Kepler-1093 c,2016,3499.3,,Transit,Kepler
Kepler-205 b,2014,520.9,,Transit,Kepler
Kepler-1699 b,2020,2670.4,,Transit,Kepler
Kepler-1532 b,2016,2603.5,,Transit,Kepler
Kepler-1930 b,2021,899.2,,Transit,Kepler
Kepler-242 b,2014,1957.7,,Transit,Kepler
Kepler-1931 b,2021,2022.5,,Transit,Kepler
Kepler-1533 b,2016,3153.3,,Transit,Kepler
Kepler-705 b,2016,903.1,,Transit,Kepler
Kepler-361 b,2014,3034.3,,Transit,Kepler
Kepler-206 c,2014,1938.8,,Transit,Kepler
Kepler-362 b,2014,3556.8,,Transit,Kepler
Kepler-1535 b,2016,2928.0,,Transit,Kepler
Kepler-173 c,2014,2717.4,,Transit,Kepler
Kepler-467 b,2016,1520.8,,Transit,Kepler
Kepler-539 b,2016,1002.3,308.3,Transit,Kepler
Kepler-1536 b,2016,1263.0,,Transit,Kepler
Kepler-1126 c,2023,2073.5,,Transit,Kepler
Kepler-600 b,2016,2021.3,,Transit,Kepler
Kepler-1537 b,2016,1687.2,,Transit,Kepler
Kepler-365 c,2014,3388.7,,Transit,Kepler
Kepler-152 b,2014,1438.6,,Transit,Kepler
Kepler-1129 c,2016,3861.3,,Transit,Kepler
Kepler-1932 b,2021,2327.9,,Transit,Kepler
Kepler-1933 b,2021,1069.8,,Transit,Kepler
Kepler-439 b,2015,2469.2,,Transit,Kepler
Kepler-1801 c,2023,2737.5,,Transit,Kepler
Kepler-1538 b,2016,3670.2,,Transit,Kepler
Kepler-1700 b,2020,2340.5,,Transit,Kepler
Kepler-1539 b,2016,2440.7,,Transit,Kepler
Kepler-1540 b,2016,799.0,,Transit,Kepler
KOI-1783.02,2020,2823.6,2.2,Transit,Kepler
Kepler-196 b,2014,1472.0,,Transit,Kepler
Kepler-243 b,2014,2263.1,,Transit,Kepler
Kepler-1409 b,2016,2266.4,,Transit,Kepler
Kepler-1899 b,2021,2320.6,,Transit,Kepler
KOI-351 e,2013,2766.6,,Transit,Kepler
Kepler-1904 b,2021,883.4,,Transit,Kepler
Kepler-1425 b,2016,2817.6,,Transit,Kepler
Kepler-1649 b,2017,300.7,,Transit,Kepler
Kepler-601 b,2016,1353.0,,Transit,Kepler
KOI-351 c,2013,2766.6,,Transit,Kepler
KOI-351 b,2013,2766.6,,Transit,Kepler
KOI-1599.02,2019,3690.9,9.0,Transit,Kepler
Kepler-1350 c,2016,1111.2,,Transit,Kepler
Kepler-529 d,2021,2606.0,,Transit,Kepler
Kepler-607 b,2016,1693.1,,Transit,Kepler
KOI-351 f,2013,2766.6,,Transit,Kepler
Kepler-354 c,2014,1807.1,,Transit,Kepler
Kepler-389 c,2014,2663.3,,Transit,Kepler
Kepler-1454 b,2016,2545.9,,Transit,Kepler
Kepler-1697 b,2020,808.1,,Transit,Kepler
Kepler-1926 b,2021,2176.8,,Transit,Kepler
Kepler-460 c,2016,4155.3,,Transit,Kepler
Kepler-707 b,2016,1930.1,,Transit,Kepler
Kepler-1624 b,2016,844.7,,Transit,Kepler
Kepler-207 d,2014,2855.6,,Transit,Kepler
Kepler-602 b,2016,3781.2,,Transit,Kepler
Kepler-640 b,2016,1819.3,,Transit,Kepler
Kepler-708 b,2016,4547.3,,Transit,Kepler
Kepler-603 b,2016,5021.6,,Transit,Kepler
Kepler-583 b,2016,2828.7,,Transit,Kepler
Kepler-244 b,2014,3380.6,,Transit,Kepler
Kepler-709 b,2016,2168.4,,Transit,Kepler
Kepler-1625 b,2016,7534.6,,Transit,Kepler
Kepler-584 b,2016,6030.1,,Transit,Kepler
Kepler-245 b,2014,2809.9,146.8,Transit,Kepler
Kepler-28 b,2011,1429.7,8.8,Transit,Kepler
Kepler-641 b,2016,3163.4,,Transit,Kepler
Kepler-208 b,2014,2528.8,,Transit,Kepler
Kepler-1626 b,2016,4464.5,,Transit,Kepler
Kepler-558 b,2016,2158.7,,Transit,Kepler
Kepler-495 b,2016,2149.1,,Transit,Kepler
Kepler-46 b,2012,2534.4,1907.0,Transit,Kepler
Kepler-209 b,2014,1881.7,,Transit,Kepler
Kepler-710 b,2016,4723.8,,Transit,Kepler
Kepler-604 b,2016,3348.0,,Transit,Kepler
Kepler-1627 b,2016,1035.3,,Transit,Kepler
Kepler-642 b,2016,2549.2,,Transit,Kepler
Kepler-246 b,2014,2042.0,,Transit,Kepler
Kepler-1729 b,2021,1879.2,,Transit,Kepler
Kepler-144 b,2014,1255.4,,Transit,Kepler
Kepler-160 c,2014,3056.1,,Transit,Kepler
Kepler-643 b,2016,3468.9,321.0,Transit,Kepler
Kepler-81 b,2012,1136.0,17.2,Transit,Kepler
Kepler-711 b,2016,2037.1,,Transit,Kepler
Kepler-1718 b,2021,1224.8,,Transit,Kepler
Kepler-82 b,2012,2949.5,51.0,Transit,Kepler
Kepler-434 b,2015,3987.4,909.0,Transit,Kepler
Kepler-712 b,2016,2845.7,,Transit,Kepler
Kepler-247 c,2014,2164.7,,Transit,Kepler
Kepler-1630 b,2016,1080.3,,Transit,Kepler
Kepler-161 b,2014,1417.6,2.6,Transit,Kepler
Kepler-184 b,2014,1990.6,,Transit,Kepler
Kepler-1631 b,2016,4259.6,,Transit,Kepler
Kepler-1632 b,2016,2337.8,,Transit,Kepler
Kepler-210 c,2014,759.1,,Transit,Kepler
Kepler-54 b,2012,886.2,21.5,Transit,Kepler
Kepler-472 b,2016,1000.0,,Transit,Kepler
Kepler-713 b,2016,3554.7,,Transit,Kepler
Kepler-211 c,2014,1009.0,18.3,Transit,Kepler
Kepler-212 c,2014,2241.3,,Transit,Kepler
Kepler-435 b,2015,4627.4,270.2,Transit,Kepler
Kepler-714 b,2016,6795.0,,Transit,Kepler
Kepler-1633 b,2016,3636.3,,Transit,Kepler
Kepler-605 b,2016,1815.3,,Transit,Kepler
Kepler-1634 b,2016,2013.5,,Transit,Kepler
Kepler-120 b,2014,1267.5,8.5,Transit,Kepler
Kepler-1635 b,2016,3488.1,,Transit,Kepler
Kepler-715 b,2016,4329.5,,Transit,Kepler
Kepler-716 b,2016,2071.1,,Transit,Kepler
Kepler-717 b,2016,9150.2,,Transit,Kepler
Kepler-644 b,2016,4298.9,,Transit,Kepler
Kepler-121 b,2014,1665.1,,Transit,Kepler
Kepler-1636 b,2016,6352.0,,Transit,Kepler
Kepler-248 c,2014,2409.6,,Transit,Kepler
Kepler-718 b,2016,4247.6,,Transit,Kepler
Kepler-83 b,2012,1306.0,42.1,Transit,Kepler
Kepler-249 c,2014,621.0,,Transit,Kepler
Kepler-1730 b,2021,4654.5,,Transit,Kepler
Kepler-162 c,2014,2790.7,,Transit,Kepler
Kepler-185 c,2014,1522.3,,Transit,Kepler
Kepler-1637 b,2016,1849.9,,Transit,Kepler
Kepler-585 b,2016,1908.6,,Transit,Kepler
Kepler-174 b,2014,1254.9,,Transit,Kepler
Kepler-1638 b,2016,4975.6,,Transit,Kepler
Kepler-175 b,2014,4280.3,,Transit,Kepler
Kepler-1639 b,2016,3363.7,,Transit,Kepler
Kepler-176 c,2014,1719.9,23.0,Transit,Kepler
Kepler-719 b,2016,8145.8,,Transit,Kepler
Kepler-559 b,2016,2533.3,,Transit,Kepler
Kepler-186 c,2014,579.2,,Transit,Kepler
Kepler-55 d,2014,1887.8,,Transit,Kepler
Kepler-645 b,2016,3827.7,,Transit,Kepler
Kepler-1989 b,2023,4083.9,,Transit,Kepler
Kepler-187 c,2014,3728.0,,Transit,Kepler
Kepler-250 c,2014,2480.7,,Transit,Kepler
Kepler-122 c,2014,3351.1,,Transit,Kepler
Kepler-251 c,2014,3015.7,,Transit,Kepler
Kepler-720 b,2016,3474.8,,Transit,Kepler
Kepler-188 c,2014,3159.0,,Transit,Kepler
Kepler-547 b,2016,1236.0,,Transit,Kepler
Kepler-189 c,2014,1929.3,22.7,Transit,Kepler
Kepler-646 b,2016,1473.6,,Transit,Kepler
Kepler-606 b,2016,3963.2,,Transit,Kepler
Kepler-103 b,2014,1613.9,9.7,Transit,Kepler
Kepler-721 b,2016,3022.2,,Transit,Kepler
Kepler-1981 b,2023,2150.7,,Transit,Kepler
Kepler-647 c,2020,3548.2,,Transit,Kepler
Kepler-722 b,2016,4042.7,,Transit,Kepler
Kepler-145 c,2013,1848.8,79.4,Transit,Kepler
Kepler-252 c,2014,1237.5,,Transit,Kepler
Kepler-1640 b,2016,6065.8,,Transit,Kepler
Kepler-723 b,2016,3495.7,,Transit,Kepler
Kepler-1641 b,2016,2806.1,,Transit,Kepler
Kepler-1641 c,2016,2806.1,,Transit,Kepler
Kepler-213 b,2014,2070.9,,Transit,Kepler
Kepler-607 c,2021,1693.1,,Transit,Kepler
Kepler-1642 b,2016,1349.9,,Transit,Kepler
Kepler-1642 c,2016,1349.9,,Transit,Kepler
Kepler-608 b,2016,3087.7,,Transit,Kepler
Kepler-190 b,2014,1413.5,,Transit,Kepler
Kepler-311 d,2023,2539.6,,Transit,Kepler
Kepler-1643 b,2016,1114.7,,Transit,Kepler
Kepler-609 b,2016,3476.2,,Transit,Kepler
Kepler-724 b,2016,2782.5,,Transit,Kepler
Kepler-725 b,2016,2473.8,,Transit,Kepler
Kepler-475 b,2016,913.5,,Transit,Kepler
Kepler-540 b,2016,1273.2,,Transit,Kepler
Kepler-1644 b,2016,2052.4,,Transit,Kepler
Kepler-1645 b,2016,3921.9,,Transit,Kepler
Kepler-1052 c,2023,3077.1,,Transit,Kepler
Kepler-726 b,2016,2485.6,,Transit,Kepler
Kepler-253 c,2014,2735.1,,Transit,Kepler
Kepler-214 c,2014,3941.4,,Transit,Kepler
Kepler-1143 c,2016,1810.8,,Transit,Kepler
Kepler-1834 c,2023,1632.1,,Transit,Kepler
Kepler-401 d,2016,3149.2,,Transit,Kepler
Kepler-1388 d,2016,1480.1,,Transit,Kepler
Kepler-1388 e,2016,1480.1,,Transit,Kepler
Kepler-648 b,2016,2074.5,,Transit,Kepler
Kepler-1482 b,2016,1851.1,,Transit,Kepler
Kepler-1491 c,2023,6737.0,,Transit,Kepler
Kepler-649 b,2016,1675.6,,Transit,Kepler
KOI-3503 c,2021,2893.2,10.4,Transit,Kepler
Kepler-176 e,2016,1719.9,0.5,Transit,Kepler
Kepler-177 c,2013,4681.8,13.5,Transit,Kepler
Kepler-1542 d,2016,1301.7,,Transit,Kepler
Kepler-1542 e,2016,1301.7,,Transit,Kepler
Kepler-610 b,2016,2758.7,,Transit,Kepler
Kepler-1600 b,2016,3362.0,,Transit,Kepler
Kepler-109 b,2014,1548.8,7.3,Transit,Kepler
Kepler-727 b,2016,2713.1,,Transit,Kepler
Kepler-1518 b,2016,2946.9,,Transit,Kepler
Kepler-1518 c,2023,2946.9,,Transit,Kepler
Kepler-560 b,2016,356.5,,Transit,Kepler
Kepler-1185 b,2016,1497.9,,Transit,Kepler
Kepler-347 d,2023,4236.4,,Transit,Kepler
Kepler-1972 c,2022,937.2,2.1,Transit,Kepler
Kepler-650 b,2016,2884.5,,Transit,Kepler
Kepler-728 b,2016,5757.4,,Transit,Kepler
Kepler-561 b,2016,2026.7,,Transit,Kepler
Kepler-1721 b,2021,2091.9,,Transit,Kepler
Kepler-215 d,2014,1585.1,23.6,Transit,Kepler
Kepler-62 d,2013,981.3,14.0,Transit,Kepler
Kepler-191 d,2016,1938.9,,Transit,Kepler
Kepler-611 b,2016,4551.7,,Transit,Kepler
Kepler-729 b,2016,6265.9,,Transit,Kepler
Kepler-425 b,2014,2109.1,79.5,Transit,Kepler
Kepler-548 b,2016,2452.0,,Transit,Kepler
Kepler-730 b,2016,6311.2,,Transit,Kepler
Kepler-192 b,2014,2125.5,,Transit,Kepler
Kepler-586 b,2016,2262.8,,Transit,Kepler
Kepler-731 b,2016,4100.3,,Transit,Kepler
Kepler-49 b,2012,1015.1,5.5,Transit,Kepler
Kepler-1726 b,2021,1273.8,,Transit,Kepler
Kepler-612 b,2016,4714.7,,Transit,Kepler
Kepler-254 b,2014,4531.9,,Transit,Kepler
Kepler-31 b,2011,5429.3,36.7,Transit,Kepler
Kepler-732 b,2016,570.2,,Transit,Kepler
Kepler-733 b,2016,2989.9,,Transit,Kepler
Kepler-255 c,2014,3432.9,,Transit,Kepler
Kepler-96 b,2014,400.8,8.5,Transit,Kepler
Kepler-33 d,2011,3943.7,11.7,Transit,Kepler
Kepler-256 c,2014,3347.8,,Transit,Kepler
Kepler-39 b,2011,3448.8,6388.4,Transit,Kepler
Kepler-734 b,2016,3774.3,,Transit,Kepler
Kepler-257 c,2014,2544.9,,Transit,Kepler
Kepler-735 b,2016,2267.0,,Transit,Kepler
Kepler-736 b,2016,3279.3,,Transit,Kepler
Kepler-216 c,2014,3873.0,,Transit,Kepler
Kepler-613 b,2016,2809.8,,Transit,Kepler
KOI-142 b,2013,1229.2,9.5,Transit,Kepler
Kepler-651 b,2016,1661.5,,Transit,Kepler
Kepler-562 b,2016,3238.0,,Transit,Kepler
Kepler-563 b,2016,1843.5,,Transit,Kepler
Kepler-217 b,2014,3602.8,,Transit,Kepler
Kepler-218 c,2014,2140.8,,Transit,Kepler
Kepler-1666 b,2020,4498.9,,Transit,Kepler
Kepler-614 b,2016,1722.1,,Transit,Kepler
Kepler-506 b,2016,745.1,,Transit,Kepler
Kepler-652 b,2016,1286.8,,Transit,Kepler
Kepler-737 b,2016,669.0,,Transit,Kepler
Kepler-738 b,2016,3632.2,,Transit,Kepler
HAT-P-7 b,2008,1112.4,584.8,Transit,HATNet
Kepler-739 b,2016,4470.5,,Transit,Kepler
Kepler-258 b,2014,1878.6,,Transit,Kepler
Kepler-193 b,2014,3291.2,,Transit,Kepler
Kepler-32 b,2011,1056.2,9.4,Transit,Kepler
Kepler-1646 b,2016,416.1,,Transit,Kepler
Kepler-740 b,2016,4703.2,,Transit,Kepler
Kepler-259 b,2014,3268.5,,Transit,Kepler
Kepler-741 b,2016,5420.3,,Transit,Kepler
Kepler-564 b,2016,2814.8,,Transit,Kepler
Kepler-653 b,2016,1942.7,,Transit,Kepler
Kepler-742 b,2016,1595.7,,Transit,Kepler
Kepler-219 b,2014,2567.1,,Transit,Kepler
Kepler-178 b,2014,2335.4,,Transit,Kepler
Kepler-148 d,2016,2580.4,,Transit,Kepler
Kepler-220 c,2014,558.1,,Transit,Kepler
Kepler-1723 b,2021,2646.0,,Transit,Kepler
Kepler-452 b,2015,1799.5,,Transit,Kepler
Kepler-433 b,2015,6126.2,893.1,Transit,Kepler
Kepler-616 b,2016,3084.7,,Transit,Kepler
Kepler-221 c,2014,1256.5,9.3,Transit,Kepler
Kepler-654 b,2016,3177.2,,Transit,Kepler
Kepler-655 b,2016,2454.5,,Transit,Kepler
Kepler-222 b,2014,2475.0,,Transit,Kepler
Kepler-163 c,2014,2249.9,,Transit,Kepler
Kepler-48 b,2012,1000.4,3.9,Transit,Kepler
Kepler-1720 b,2021,2053.0,,Transit,Kepler
Kepler-549 d,2023,2071.6,,Transit,Kepler
Kepler-223 d,2014,6065.6,8.0,Transit,Kepler
Kepler-7 b,2009,3009.0,137.6,Transit,Kepler
Kepler-656 b,2016,2903.9,,Transit,Kepler
Kepler-587 b,2016,2569.8,,Transit,Kepler
Kepler-224 c,2014,2550.8,,Transit,Kepler
Kepler-657 b,2016,5518.2,,Transit,Kepler
Kepler-225 c,2014,1830.1,,Transit,Kepler
Kepler-623 b,2016,2406.1,,Transit,Kepler
KOI-12 b,2015,1302.7,3178.3,Transit,Kepler
Kepler-29 b,2011,2715.4,5.0,Transit,Kepler
Kepler-658 b,2016,1266.7,,Transit,Kepler
Kepler-617 b,2016,565.4,,Transit,Kepler
Kepler-659 b,2016,2356.9,,Transit,Kepler
KOI-7368 b,2022,864.3,,Transit,Kepler
Kepler-40 b,2010,7517.9,686.5,Transit,Kepler
Kepler-1999 b,2023,2287.2,,Transit,Kepler
Kepler-588 b,2016,3944.5,,Transit,Kepler
Kepler-164 c,2014,2905.3,,Transit,Kepler
Kepler-589 b,2016,1998.7,,Transit,Kepler
Kepler-660 b,2016,1854.0,,Transit,Kepler
Kepler-179 c,2014,1975.5,,Transit,Kepler
Kepler-165 b,2014,1829.4,,Transit,Kepler
Kepler-661 b,2016,1744.2,,Transit,Kepler
Kepler-496 b,2016,1974.1,,Transit,Kepler
Kepler-566 b,2016,1840.4,,Transit,Kepler
Kepler-194 c,2014,3581.1,,Transit,Kepler
Kepler-226 c,2014,3196.8,45.2,Transit,Kepler
Kepler-550 b,2016,1735.0,,Transit,Kepler
Kepler-195 b,2014,2126.7,,Transit,Kepler
Kepler-1629 b,2016,1096.2,,Transit,Kepler
Kepler-662 b,2016,2660.2,,Transit,Kepler
Kepler-1724 b,2021,3459.8,,Transit,Kepler
Kepler-663 b,2016,3467.3,,Transit,Kepler
Kepler-551 b,2016,1014.9,,Transit,Kepler
Kepler-487 b,2016,2845.2,,Transit,Kepler
Kepler-618 b,2016,3985.5,,Transit,Kepler
Kepler-227 b,2014,3532.5,,Transit,Kepler
Kepler-153 b,2014,1498.3,,Transit,Kepler
K2-44 b,2016,1554.8,,Transit,K2
K2-46 b,2016,1465.2,,Transit,K2
K2-8 c,2016,1316.1,,Transit,K2
K2-27 b,2016,814.2,29.1,Transit,K2
K2-35 c,2016,823.9,,Transit,K2
Kepler-664 b,2016,3946.9,,Transit,Kepler
Kepler-552 b,2016,2751.7,,Transit,Kepler
K2-42 b,2016,1294.6,,Transit,K2
K2-43 b,2016,595.4,,Transit,K2
Kepler-228 d,2014,5364.0,,Transit,Kepler
K2-45 b,2016,1615.5,,Transit,K2
K2-164 b,2018,1225.3,,Transit,K2
K2-19 d,2016,945.3,10.0,Transit,K2
Kepler-590 b,2016,4637.3,,Transit,Kepler
K2-35 b,2016,823.9,,Transit,K2
Kepler-229 c,2014,2694.9,,Transit,Kepler
K2-47 b,2016,1141.2,,Transit,K2
K2-48 b,2016,1023.4,,Transit,K2
K2-49 b,2016,1490.9,,Transit,K2
K2-36 c,2016,358.0,26.0,Transit,K2
K2-36 b,2016,358.0,5.1,Transit,K2
Kepler-74 b,2013,3840.6,216.1,Transit,Kepler
Kepler-567 b,2016,1822.6,,Transit,Kepler
K2-50 b,2016,839.7,,Transit,K2
WASP-85 A b,2016,462.8,402.1,Transit,K2
Kepler-553 b,2016,2376.1,116.0,Transit,Kepler
K2-24 c,2016,556.3,27.0,Transit,K2
K2-24 b,2016,556.3,21.0,Transit,K2
K2-52 b,2016,3386.8,,Transit,K2
Kepler-591 b,2016,2560.8,,Transit,Kepler
K2-37 c,2016,586.9,,Transit,K2
K2-37 d,2016,586.9,12.5,Transit,K2
K2-37 b,2016,586.9,,Transit,K2
K2-31 b,2016,360.5,551.0,Transit,K2
K2-365 b,2022,610.6,,Transit,K2
Kepler-619 b,2016,2937.6,,Transit,Kepler
K2-53 b,2016,450.2,,Transit,K2
K2-32 b,2016,514.3,15.0,Transit,K2
K2-32 d,2016,514.3,35.0,Transit,K2
K2-32 c,2016,514.3,12.1,Transit,K2
K2-366 b,2022,606.5,,Transit,K2
Kepler-665 b,2016,1998.8,,Transit,Kepler
K2-33 b,2016,454.2,1144.2,Transit,K2
K2-289 b,2019,894.6,,Transit,K2
K2-167 b,2018,263.9,6.5,Transit,K2
K2-55 b,2016,520.3,44.0,Transit,K2
Kepler-568 b,2016,426.1,,Transit,Kepler
K2-168 b,2018,795.6,,Transit,K2
K2-169 b,2018,769.3,,Transit,K2
K2-170 c,2018,1281.4,,Transit,K2
K2-170 b,2018,1281.4,,Transit,K2
K2-265 b,2018,452.3,6.5,Transit,K2
Kepler-569 b,2016,2081.9,,Transit,Kepler
EPIC 206024342 d,2021,1206.4,,Transit,K2
EPIC 206024342 c,2021,1206.4,,Transit,K2
K2-57 b,2016,861.7,,Transit,K2
K2-58 b,2016,592.8,,Transit,K2
K2-58 c,2016,592.8,,Transit,K2
K2-58 d,2016,592.8,,Transit,K2
K2-59 b,2016,1015.4,,Transit,K2
K2-59 c,2016,1015.4,,Transit,K2
Kepler-230 b,2014,2416.0,,Transit,Kepler
K2-60 b,2016,1604.3,135.4,Transit,K2
EPIC 206042996 c,2021,1473.5,,Transit,K2
K2-61 b,2016,1323.3,,Transit,K2
K2-171 b,2018,1976.9,,Transit,K2
K2-367 b,2022,577.2,,Transit,K2
K2-172 c,2018,814.5,,Transit,K2
Kepler-592 b,2016,3761.0,,Transit,Kepler
K2-172 b,2018,814.5,,Transit,K2
K2-62 b,2016,366.8,,Transit,K2
K2-62 c,2016,366.8,,Transit,K2
K2-63 c,2016,1688.0,,Transit,K2
K2-63 b,2016,1688.0,,Transit,K2
K2-116 b,2017,161.1,,Transit,K2
K2-64 b,2016,1630.4,,Transit,K2
K2-368 b,2022,673.9,,Transit,K2
Kepler-593 b,2016,3176.0,,Transit,Kepler
K2-369 b,2022,605.2,,Transit,K2
K2-66 b,2016,1676.0,16.0,Transit,K2
K2-68 b,2016,550.1,,Transit,K2
K2-69 b,2016,589.4,,Transit,K2
K2-70 b,2016,759.8,,Transit,K2
HAT-P-11 b,2010,123.2,25.0,Transit,HATNet
Kepler-118 c,2014,1872.9,,Transit,Kepler
Kepler-570 b,2016,1853.0,,Transit,Kepler
K2-71 b,2016,499.6,,Transit,K2
K2-72 b,2016,216.7,,Transit,K2
K2-73 b,2016,878.0,9.2,Transit,K2
K2-39 b,2016,1002.8,50.3,Transit,K2
K2-74 b,2016,1232.3,,Transit,K2
EPIC 206317286 c,2022,1025.3,,Transit,K2
K2-28 b,2016,205.5,,Transit,K2
Kepler-1976 b,2023,4287.4,,Transit Timing Variations,Kepler
K2-75 b,2016,1832.8,,Transit,K2
K2-75 c,2016,1832.8,,Transit,K2
Kepler-666 b,2016,4920.7,,Transit,Kepler
Kepler-166 b,2014,1968.4,,Transit,Kepler
K2-85 b,2016,317.1,3.2,Transit,K2
K2-54 b,2016,570.6,,Transit,K2
K2-72 c,2016,216.7,,Transit,K2
K2-72 d,2016,216.7,,Transit,K2
K2-72 e,2016,216.7,,Transit,K2
Kepler-667 b,2016,7509.6,,Transit,Kepler
K2-77 b,2016,462.3,603.9,Transit,K2
K2-79 b,2016,835.0,5.9,Transit,K2
K2-80 b,2016,654.9,,Transit,K2
K2-80 c,2016,654.9,,Transit,K2
K2-81 b,2016,823.0,,Transit,K2
K2-83 b,2016,409.4,,Transit,K2
Kepler-668 b,2016,2559.1,,Transit,Kepler
K2-83 c,2016,409.4,,Transit,K2
K2-174 b,2018,325.9,,Transit,K2
K2-84 b,2016,929.1,,Transit,K2
K2-84 c,2016,929.1,,Transit,K2
K2-86 b,2016,843.8,,Transit,K2
Kepler-669 b,2016,6729.9,,Transit,Kepler
K2-87 b,2016,1602.2,,Transit,K2
K2-88 b,2016,360.6,,Transit,K2
K2-89 b,2016,280.6,,Transit,K2
K2-111 b,2017,653.6,5.3,Transit,K2
K2-90 b,2016,437.7,,Transit,K2
K2-90 c,2016,437.7,,Transit,K2
Kepler-670 b,2016,3065.0,,Transit,Kepler
K2-91 b,2016,204.1,,Transit,K2
K2-354 b,2021,299.2,,Transit,K2
K2-180 b,2018,665.0,11.4,Transit,K2
K2-117 b,2017,331.5,,Transit,K2
K2-97 b,2016,2865.1,174.5,Transit,K2
K2-181 b,2018,1177.1,,Transit,K2
K2-182 b,2018,505.0,20.0,Transit,K2
K2-98 b,2016,1691.5,20.0,Transit,K2
K2-371 b,2022,1444.3,,Transit,K2
Kepler-671 b,2016,3810.4,,Transit,Kepler
K2-330 b,2021,522.3,,Transit,K2
K2-268 c,2018,1069.1,,Transit,K2
K2-114 b,2017,1551.7,588.0,Transit,K2
K2-115 b,2017,1349.0,267.0,Transit,K2
K2-372 b,2022,1513.0,,Transit,K2
K2-269 b,2018,1176.6,,Transit,K2
K2-419 A b,2024,876.3,196.0,Transit,K2
K2-105 b,2017,645.8,15.4,Transit,K2
K2-270 c,2018,914.9,,Transit,K2
K2-183 c,2018,1073.2,,Transit,K2
K2-332 b,2021,401.8,,Transit,K2
K2-184 b,2018,246.5,,Transit,K2
K2-271 b,2018,1841.0,,Transit,K2
K2-108 b,2017,1556.7,59.4,Transit,K2
K2-335 b,2021,1819.9,,Transit,K2
K2-336 b,2021,780.5,,Transit,K2
K2-337 b,2021,1375.2,,Transit,K2
K2-119 b,2017,1192.4,,Transit,K2
K2-338 b,2021,511.9,,Transit,K2
K2-272 b,2018,1379.9,,Transit,K2
K2-121 b,2017,552.5,51.0,Transit,K2
K2-273 b,2018,1004.9,,Transit,K2
K2-340 b,2021,2407.5,,Transit,K2
Kepler-571 b,2016,2361.0,,Transit,Kepler
K2-146 b,2018,258.6,5.8,Transit,K2
EPIC 211945201 b,2018,592.6,27.0,Transit,K2
K2-104 b,2016,617.4,,Transit,K2
K2-100 b,2016,616.3,21.8,Transit,K2
K2-375 b,2022,2270.4,,Transit,K2
Kepler-672 b,2016,3372.2,,Transit,Kepler
K2-122 b,2017,235.0,,Transit,K2
K2-274 b,2018,744.7,,Transit,K2
K2-123 b,2017,526.9,,Transit,K2
K2-345 b,2021,529.7,,Transit,K2
K2-276 b,2018,1592.1,,Transit,K2
K2-346 b,2021,344.4,,Transit,K2
K2-124 b,2017,457.9,,Transit,K2
K2-187 d,2018,1079.3,,Transit,K2
K2-347 b,2021,1044.8,,Transit,K2
K2-188 c,2018,1457.3,,Transit,K2
EPIC 212297394 c,2021,1364.6,,Transit,K2
Kepler-538 b,2016,508.7,10.6,Transit,Kepler
K2-277 b,2018,369.0,7.4,Transit,K2
K2-189 c,2018,789.7,,Transit,K2
K2-278 b,2018,2565.0,,Transit,K2
K2-349 b,2021,1479.3,,Transit,K2
K2-350 c,2016,1596.1,,Transit,K2
Kepler-594 b,2016,2508.8,,Transit,Kepler
K2-126 b,2017,335.8,,Transit,K2
K2-190 b,2018,524.1,,Transit,K2
K2-191 b,2018,936.7,,Transit,K2
K2-110 b,2017,379.9,15.9,Transit,K2
K2-351 b,2021,2265.9,,Transit,K2
K2-127 b,2017,2315.7,,Transit,K2
K2-192 b,2018,723.3,,Transit,K2
K2-378 b,2022,2243.9,,Transit,K2
Kepler-180 c,2014,2268.9,,Transit,Kepler
K2-193 b,2018,1343.5,,Transit,K2
EPIC 212587672 c,2021,1043.9,,Transit,K2
Kepler-154 d,2016,2985.0,,Transit,Kepler
K2-194 b,2018,2053.2,,Transit,K2
K2-195 b,2018,1027.4,,Transit,K2
K2-197 b,2018,807.7,,Transit,K2
EPIC 212737443 b,2019,1096.7,,Transit,K2
Kepler-52 c,2012,1048.7,62.9,Transit,Kepler
K2-279 b,2018,596.8,,Transit,K2
K2-99 b,2016,1693.5,308.3,Transit,K2
K2-200 b,2018,600.6,,Transit,K2
K2-275 b,2018,402.6,,Transit,K2
K2-275 c,2018,402.6,,Transit,K2
K2-198 c,2019,360.6,,Transit,K2
K2-198 d,2019,360.6,,Transit,K2
K2-198 b,2018,360.6,,Transit,K2
K2-199 b,2018,350.7,6.9,Transit,K2
K2-199 c,2018,350.7,12.6,Transit,K2
Kepler-673 b,2016,2994.8,,Transit,Kepler
K2-173 b,2018,745.7,,Transit,K2
Kepler-501 b,2016,3670.0,,Transit,Kepler
Kepler-181 c,2014,1987.2,,Transit,Kepler
K2-179 b,2018,622.3,,Transit,K2
Kepler-674 b,2016,1116.3,,Transit,Kepler
K2-377 b,2022,636.5,,Transit,K2
Kepler-730 c,2018,6311.2,,Transit,Kepler
Kepler-279 e,2025,3383.5,56.0,Transit,Kepler
Kepler-289 e,2025,2297.6,17.4,Transit,Kepler
Kepler-675 b,2016,2171.2,,Transit,Kepler
Kepler-676 b,2016,962.8,,Transit,Kepler
Kepler-1649 c,2020,300.7,,Transit,Kepler
Kepler-677 b,2016,6373.3,,Transit,Kepler
Kepler-678 b,2016,5956.1,,Transit,Kepler
Kepler-595 c,2020,2097.2,3.1,Transit,Kepler
Kepler-483 b,2016,2806.1,,Transit,Kepler
Kepler-182 c,2014,5052.4,,Transit,Kepler
Kepler-572 b,2016,1646.0,,Transit,Kepler
Kepler-231 c,2014,1032.7,10.4,Transit,Kepler
Kepler-197 c,2014,1078.2,5.3,Transit,Kepler
Kepler-679 b,2016,3008.0,,Transit,Kepler
Kepler-680 b,2016,4867.8,,Transit,Kepler
Kepler-595 b,2016,2097.2,17.4,Transit,Kepler
Kepler-155 b,2014,957.3,,Transit,Kepler
Kepler-100 c,2014,993.6,7.0,Transit,Kepler
Kepler-1704 b,2021,2724.9,1322.2,Transit,Kepler
Kepler-232 b,2014,4400.3,,Transit,Kepler
Kepler-681 b,2016,2240.4,,Transit,Kepler
Kepler-573 b,2016,2516.2,,Transit,Kepler
Kepler-620 b,2016,4420.3,,Transit,Kepler
Kepler-233 b,2014,2793.3,,Transit,Kepler
Kepler-554 b,2016,2252.2,,Transit,Kepler
Kepler-596 b,2016,3339.3,,Transit,Kepler
Kepler-11 c,2010,2108.1,4.6,Transit,Kepler
Kepler-682 b,2016,6455.4,,Transit,Kepler
Kepler-574 b,2016,2227.3,,Transit,Kepler
Kepler-156 b,2014,1446.4,,Transit,Kepler
Kepler-9 c,2010,2049.1,509.7,Transit,Kepler
Kepler-234 c,2014,5652.6,,Transit,Kepler
Kepler-146 c,2014,2337.9,,Transit,Kepler
Kepler-457 d,2021,3497.4,,Transit,Kepler
Kepler-30 c,2012,2981.8,640.0,Transit,Kepler
Kepler-158 c,2014,1028.0,,Transit,Kepler
KOI-7913 b,2022,884.8,,Transit,Kepler
Kepler-80 c,2012,1205.0,1.1,Transit,Kepler
Kepler-150 d,2014,2906.4,,Transit,Kepler
Kepler-633 c,2021,2219.6,,Transit,Kepler
Kepler-159 c,2014,1219.0,,Transit,Kepler
Kepler-202 c,2014,929.9,,Transit,Kepler
Kepler-203 c,2014,2293.9,749.9,Transit,Kepler
Kepler-170 c,2014,2409.2,,Transit,Kepler
Kepler-172 c,2014,2702.5,,Transit,Kepler
Kepler-205 c,2014,520.9,,Transit,Kepler
Kepler-196 c,2014,1472.0,,Transit,Kepler
Kepler-245 d,2014,2809.9,21.6,Transit,Kepler
Kepler-28 c,2011,1429.7,10.9,Transit,Kepler
Kepler-81 c,2012,1136.0,4.3,Transit,Kepler
Kepler-82 c,2012,2949.5,0.0,Transit,Kepler
Kepler-712 c,2016,2845.7,,Transit,Kepler
Kepler-247 d,2014,2164.7,,Transit,Kepler
Kepler-184 c,2014,1990.6,8.8,Transit,Kepler
Kepler-210 b,2014,759.1,,Transit,Kepler
Kepler-248 b,2014,2409.6,,Transit,Kepler
Kepler-83 d,2014,1306.0,4.1,Transit,Kepler
Kepler-1711 b,2021,1925.2,,Transit,Kepler
Kepler-174 c,2014,1254.9,,Transit,Kepler
Kepler-186 d,2014,579.2,,Transit,Kepler
Kepler-55 b,2012,1887.8,43.0,Transit,Kepler
Kepler-251 d,2014,3015.7,,Transit,Kepler
Kepler-253 d,2014,2735.1,,Transit,Kepler
Kepler-561 c,2016,2026.7,,Transit,Kepler
Kepler-215 b,2014,1585.1,,Transit,Kepler
Kepler-62 b,2013,981.3,9.0,Transit,Kepler
Kepler-192 c,2014,2125.5,,Transit,Kepler
Kepler-33 f,2011,3943.7,25.2,Transit,Kepler
